iter,phase,total,res,bc
1,adam,4.6483495188e-02,1.7237897365e+00,4.6483495188e-02
2,adam,3.0643343564e-02,1.6705281911e+00,3.0643343564e-02
3,adam,1.6671625790e-02,1.6050327679e+00,1.6671625790e-02
4,adam,7.3416800667e-03,1.5734801824e+00,7.3416800667e-03
5,adam,3.7706723226e-03,1.5400450232e+00,3.7706723226e-03
6,adam,3.5634596511e-03,1.5091912399e+00,3.5634596511e-03
7,adam,2.2788491553e-03,1.4806823533e+00,2.2788491553e-03
8,adam,1.7226950230e-03,1.4558478760e+00,1.7226950230e-03
9,adam,1.4534295319e-03,1.4345697512e+00,1.4534295319e-03
10,adam,1.1577390449e-03,1.4155523668e+00,1.1577390449e-03
11,adam,1.0259311538e-03,1.3981872793e+00,1.0259311538e-03
12,adam,8.7810307466e-04,1.3830117289e+00,8.7810307466e-04
13,adam,7.5706454958e-04,1.3703278500e+00,7.5706454958e-04
14,adam,7.2017230125e-04,1.3598860469e+00,7.2017230125e-04
15,adam,5.8145331919e-04,1.3511755277e+00,5.8145331919e-04
16,adam,4.1065608092e-04,1.3434721588e+00,4.1065608092e-04
17,adam,3.8182882236e-04,1.3360222177e+00,3.8182882236e-04
18,adam,4.0006581611e-04,1.3285085809e+00,4.0006581611e-04
19,adam,3.3189398378e-04,1.3210940331e+00,3.3189398378e-04
20,adam,2.5816884937e-04,1.3142343006e+00,2.5816884937e-04
21,adam,2.6454376039e-04,1.3083656259e+00,2.6454376039e-04
22,adam,2.7460083391e-04,1.3036726734e+00,2.7460083391e-04
23,adam,2.2871351730e-04,1.3000234709e+00,2.2871351730e-04
24,adam,1.6524036030e-04,1.2970596933e+00,1.6524036030e-04
25,adam,1.2428713841e-04,1.2943811752e+00,1.2428713841e-04
26,adam,1.1717924402e-04,1.2916900699e+00,1.1717924402e-04
27,adam,1.3370711164e-04,1.2888027106e+00,1.3370711164e-04
28,adam,1.4228684896e-04,1.2856509244e+00,1.4228684896e-04
29,adam,1.2364368005e-04,1.2822294873e+00,1.2364368005e-04
30,adam,9.4587649701e-05,1.2785376582e+00,9.4587649701e-05
31,adam,7.7359547864e-05,1.2745642127e+00,7.7359547864e-05
32,adam,7.0674100953e-05,1.2703087751e+00,7.0674100953e-05
33,adam,6.6032480125e-05,1.2657994383e+00,6.6032480125e-05
34,adam,6.4363762435e-05,1.2610964774e+00,6.4363762435e-05
35,adam,6.3601903889e-05,1.2562855477e+00,6.3601903889e-05
36,adam,5.6793244594e-05,1.2514580596e+00,5.6793244594e-05
37,adam,4.7432981060e-05,1.2466872787e+00,4.7432981060e-05
38,adam,4.3113565589e-05,1.2420165376e+00,4.3113565589e-05
39,adam,4.0950483158e-05,1.2374568163e+00,4.0950483158e-05
40,adam,3.6566324920e-05,1.2329940044e+00,3.6566324920e-05
41,adam,3.3513492014e-05,1.2286013165e+00,3.3513492014e-05
42,adam,3.3955158026e-05,1.2242570216e+00,3.3955158026e-05
43,adam,3.3137600345e-05,1.2199556288e+00,3.3137600345e-05
44,adam,2.8980480781e-05,1.2157113595e+00,2.8980480781e-05
45,adam,2.5036710552e-05,1.2115542543e+00,2.5036710552e-05
46,adam,2.3254219006e-05,1.2075236489e+00,2.3254219006e-05
47,adam,2.2583428225e-05,1.2036552933e+00,2.2583428225e-05
48,adam,2.2503707167e-05,1.1999733323e+00,2.2503707167e-05
49,adam,2.1860136648e-05,1.1964877196e+00,2.1860136648e-05
50,adam,1.9068894508e-05,1.1932004375e+00,1.9068894508e-05
51,adam,1.6147740785e-05,1.1901174506e+00,1.6147740785e-05
52,adam,1.6181568300e-05,1.1872580873e+00,1.6181568300e-05
53,adam,1.7459737895e-05,1.1846565236e+00,1.7459737895e-05
54,adam,1.6608377571e-05,1.1823508687e+00,1.6608377571e-05
55,adam,1.4308710419e-05,1.1803659877e+00,1.4308710419e-05
56,adam,1.3016636032e-05,1.1786988309e+00,1.3016636032e-05
57,adam,1.2966256359e-05,1.1773141263e+00,1.2966256359e-05
58,adam,1.3086788477e-05,1.1761522203e+00,1.3086788477e-05
59,adam,1.2665542620e-05,1.1751451809e+00,1.2665542620e-05
60,adam,1.1611081264e-05,1.1742349178e+00,1.1611081264e-05
61,adam,1.0781291899e-05,1.1733857532e+00,1.0781291899e-05
62,adam,1.0885295219e-05,1.1725879030e+00,1.0885295219e-05
63,adam,1.1063385557e-05,1.1718520051e+00,1.1063385557e-05
64,adam,1.0471130411e-05,1.1711975900e+00,1.0471130411e-05
65,adam,9.7422993668e-06,1.1706403130e+00,9.7422993668e-06
66,adam,9.4461202314e-06,1.1701831165e+00,9.4461202314e-06
67,adam,9.3151733547e-06,1.1698140455e+00,9.3151733547e-06
68,adam,9.1577079678e-06,1.1695111016e+00,9.1577079678e-06
69,adam,8.9193797238e-06,1.1692509404e+00,8.9193797238e-06
70,adam,8.5414892263e-06,1.1690173703e+00,8.5414892263e-06
71,adam,8.2367106579e-06,1.1688058505e+00,8.2367106579e-06
72,adam,8.0919065200e-06,1.1686225521e+00,8.0919065200e-06
73,adam,7.9481484708e-06,1.1684794410e+00,7.9481484708e-06
74,adam,7.8702179577e-06,1.1683878184e+00,7.8702179577e-06
75,adam,7.8373917179e-06,1.1683533240e+00,7.8373917179e-06
76,adam,7.6002972539e-06,1.1683736985e+00,7.6002972539e-06
77,adam,7.2903767613e-06,1.1684394494e+00,7.2903767613e-06
78,adam,7.1779719318e-06,1.1685361899e+00,7.1779719318e-06
79,adam,7.1460640085e-06,1.1686476002e+00,7.1460640085e-06
80,adam,7.0401413238e-06,1.1687585185e+00,7.0401413238e-06
81,adam,6.8482188080e-06,1.1688577184e+00,6.8482188080e-06
82,adam,6.6104814084e-06,1.1689396224e+00,6.6104814084e-06
83,adam,6.4792971638e-06,1.1690045772e+00,6.4792971638e-06
84,adam,6.4698060724e-06,1.1690573394e+00,6.4698060724e-06
85,adam,6.3755974690e-06,1.1691043763e+00,6.3755974690e-06
86,adam,6.1966049686e-06,1.1691510479e+00,6.1966049686e-06
87,adam,6.0918532907e-06,1.1691997304e+00,6.0918532907e-06
88,adam,6.0373717606e-06,1.1692495327e+00,6.0373717606e-06
89,adam,5.9616632806e-06,1.1692973552e+00,5.9616632806e-06
90,adam,5.8502058349e-06,1.1693399112e+00,5.8502058349e-06
91,adam,5.7243180740e-06,1.1693757762e+00,5.7243180740e-06
92,adam,5.6422513296e-06,1.1694066880e+00,5.6422513296e-06
93,adam,5.5863992011e-06,1.1694374864e+00,5.5863992011e-06
94,adam,5.4972778141e-06,1.1694745456e+00,5.4972778141e-06
95,adam,5.4028332531e-06,1.1695232685e+00,5.4028332531e-06
96,adam,5.3290578441e-06,1.1695858520e+00,5.3290578441e-06
97,adam,5.2571205569e-06,1.1696605240e+00,5.2571205569e-06
98,adam,5.1880870505e-06,1.1697427490e+00,5.1880870505e-06
99,adam,5.1224149930e-06,1.1698276845e+00,5.1224149930e-06
100,adam,5.0567821559e-06,1.1699125692e+00,5.0567821559e-06
101,adam,4.9913654897e-06,1.1699977669e+00,4.9913654897e-06
102,adam,4.9154136886e-06,1.1700859793e+00,4.9154136886e-06
103,adam,4.8477533237e-06,1.1701801815e+00,4.8477533237e-06
104,adam,4.7978359412e-06,1.1702814610e+00,4.7978359412e-06
105,adam,4.7443229520e-06,1.1703878469e+00,4.7443229520e-06
106,adam,4.6852969162e-06,1.1704947411e+00,4.6852969162e-06
107,adam,4.6281778971e-06,1.1705966179e+00,4.6281778971e-06
108,adam,4.5710274421e-06,1.1706891476e+00,4.5710274421e-06
109,adam,4.5160446904e-06,1.1707705995e+00,4.5160446904e-06
110,adam,4.4608068748e-06,1.1708418803e+00,4.4608068748e-06
111,adam,4.4054725567e-06,1.1709053067e+00,4.4054725567e-06
112,adam,4.3564499476e-06,1.1709629309e+00,4.3564499476e-06
113,adam,4.3082527607e-06,1.1710153498e+00,4.3082527607e-06
114,adam,4.2605470037e-06,1.1710615959e+00,4.2605470037e-06
115,adam,4.2128432152e-06,1.1711000138e+00,4.2128432152e-06
116,adam,4.1645508349e-06,1.1711295493e+00,4.1645508349e-06
117,adam,4.1157688624e-06,1.1711506921e+00,4.1157688624e-06
118,adam,4.0688781350e-06,1.1711655654e+00,4.0688781350e-06
119,adam,4.0244911373e-06,1.1711771769e+00,4.0244911373e-06
120,adam,3.9813631794e-06,1.1711882644e+00,3.9813631794e-06
121,adam,3.9374915644e-06,1.1712003645e+00,3.9374915644e-06
122,adam,3.8949723131e-06,1.1712135532e+00,3.8949723131e-06
123,adam,3.8536201564e-06,1.1712268890e+00,3.8536201564e-06
124,adam,3.8129062186e-06,1.1712392352e+00,3.8129062186e-06
125,adam,3.7719155389e-06,1.1712499970e+00,3.7719155389e-06
126,adam,3.7296641557e-06,1.1712594467e+00,3.7296641557e-06
127,adam,3.6890275843e-06,1.1712685746e+00,3.6890275843e-06
128,adam,3.6517542638e-06,1.1712786389e+00,3.6517542638e-06
129,adam,3.6152713203e-06,1.1712906809e+00,3.6152713203e-06
130,adam,3.5805011464e-06,1.1713052077e+00,3.5805011464e-06
131,adam,3.5468619037e-06,1.1713221268e+00,3.5468619037e-06
132,adam,3.5132558830e-06,1.1713408769e+00,3.5132558830e-06
133,adam,3.4805280133e-06,1.1713606521e+00,3.4805280133e-06
134,adam,3.4490623508e-06,1.1713806056e+00,3.4490623508e-06
135,adam,3.4167116301e-06,1.1713999742e+00,3.4167116301e-06
136,adam,3.3839892827e-06,1.1714181107e+00,3.3839892827e-06
137,adam,3.3526219617e-06,1.1714344420e+00,3.3526219617e-06
138,adam,3.3233728710e-06,1.1714484005e+00,3.3233728710e-06
139,adam,3.2952908355e-06,1.1714593740e+00,3.2952908355e-06
140,adam,3.2676738642e-06,1.1714667276e+00,3.2676738642e-06
141,adam,3.2409218826e-06,1.1714699251e+00,3.2409218826e-06
142,adam,3.2144041305e-06,1.1714687170e+00,3.2144041305e-06
143,adam,3.1882097406e-06,1.1714633231e+00,3.1882097406e-06
144,adam,3.1626511671e-06,1.1714545007e+00,3.1626511671e-06
145,adam,3.1367679447e-06,1.1714434227e+00,3.1367679447e-06
146,adam,3.1107159870e-06,1.1714313765e+00,3.1107159870e-06
147,adam,3.0846960156e-06,1.1714194025e+00,3.0846960156e-06
148,adam,3.0595045418e-06,1.1714080333e+00,3.0595045418e-06
149,adam,3.0344072726e-06,1.1713972670e+00,3.0344072726e-06
150,adam,3.0104251993e-06,1.1713867778e+00,3.0104251993e-06
151,adam,2.9870281364e-06,1.1713762578e+00,2.9870281364e-06
152,adam,2.9643430964e-06,1.1713657043e+00,2.9643430964e-06
153,adam,2.9422800927e-06,1.1713555048e+00,2.9422800927e-06
154,adam,2.9202626630e-06,1.1713462814e+00,2.9202626630e-06
155,adam,2.8990826333e-06,1.1713385976e+00,2.8990826333e-06
156,adam,2.8780571856e-06,1.1713326916e+00,2.8780571856e-06
157,adam,2.8575054960e-06,1.1713283808e+00,2.8575054960e-06
158,adam,2.8366527968e-06,1.1713251719e+00,2.8366527968e-06
159,adam,2.8160259649e-06,1.1713225011e+00,2.8160259649e-06
160,adam,2.7963472742e-06,1.1713199637e+00,2.7963472742e-06
161,adam,2.7769389514e-06,1.1713174203e+00,2.7769389514e-06
162,adam,2.7576185524e-06,1.1713149485e+00,2.7576185524e-06
163,adam,2.7385628559e-06,1.1713126957e+00,2.7385628559e-06
164,adam,2.7195095514e-06,1.1713107339e+00,2.7195095514e-06
165,adam,2.7005064249e-06,1.1713089937e+00,2.7005064249e-06
166,adam,2.6822064081e-06,1.1713072944e+00,2.6822064081e-06
167,adam,2.6645388103e-06,1.1713054312e+00,2.6645388103e-06
168,adam,2.6469740036e-06,1.1713032590e+00,2.6469740036e-06
169,adam,2.6296948399e-06,1.1713007300e+00,2.6296948399e-06
170,adam,2.6130348704e-06,1.1712978840e+00,2.6130348704e-06
171,adam,2.5969071488e-06,1.1712948146e+00,2.5969071488e-06
172,adam,2.5807632637e-06,1.1712916395e+00,2.5807632637e-06
173,adam,2.5653525714e-06,1.1712884845e+00,2.5653525714e-06
174,adam,2.5501597721e-06,1.1712854756e+00,2.5501597721e-06
175,adam,2.5347264703e-06,1.1712827260e+00,2.5347264703e-06
176,adam,2.5199382281e-06,1.1712803156e+00,2.5199382281e-06
177,adam,2.5048191338e-06,1.1712782738e+00,2.5048191338e-06
178,adam,2.4895049414e-06,1.1712765772e+00,2.4895049414e-06
179,adam,2.4745298402e-06,1.1712751716e+00,2.4745298402e-06
180,adam,2.4603382203e-06,1.1712740042e+00,2.4603382203e-06
181,adam,2.4468523705e-06,1.1712730516e+00,2.4468523705e-06
182,adam,2.4339870355e-06,1.1712723275e+00,2.4339870355e-06
183,adam,2.4215724592e-06,1.1712718673e+00,2.4215724592e-06
184,adam,2.4093401542e-06,1.1712717027e+00,2.4093401542e-06
185,adam,2.3971171185e-06,1.1712718404e+00,2.3971171185e-06
186,adam,2.3850890255e-06,1.1712722548e+00,2.3850890255e-06
187,adam,2.3734989901e-06,1.1712728941e+00,2.3734989901e-06
188,adam,2.3625440219e-06,1.1712736939e+00,2.3625440219e-06
189,adam,2.3516425327e-06,1.1712745887e+00,2.3516425327e-06
190,adam,2.3411641756e-06,1.1712755211e+00,2.3411641756e-06
191,adam,2.3311344802e-06,1.1712764489e+00,2.3311344802e-06
192,adam,2.3215434782e-06,1.1712773503e+00,2.3215434782e-06
193,adam,2.3121954256e-06,1.1712782264e+00,2.3121954256e-06
194,adam,2.3029134990e-06,1.1712790947e+00,2.3029134990e-06
195,adam,2.2937877212e-06,1.1712799756e+00,2.2937877212e-06
196,adam,2.2843933852e-06,1.1712808754e+00,2.2843933852e-06
197,adam,2.2749650503e-06,1.1712817760e+00,2.2749650503e-06
198,adam,2.2655380457e-06,1.1712826402e+00,2.2655380457e-06
199,adam,2.2565503654e-06,1.1712834288e+00,2.2565503654e-06
200,adam,2.2476596738e-06,1.1712841212e+00,2.2476596738e-06
201,adam,2.2387279175e-06,1.1712847260e+00,2.2387279175e-06
202,adam,2.2296578250e-06,1.1712852739e+00,2.2296578250e-06
203,adam,2.2200774049e-06,1.1712857976e+00,2.2200774049e-06
204,adam,2.2099979239e-06,1.1712863110e+00,2.2099979239e-06
205,adam,2.1999240613e-06,1.1712868009e+00,2.1999240613e-06
206,adam,2.1901506356e-06,1.1712872366e+00,2.1901506356e-06
207,adam,2.1801733863e-06,1.1712875909e+00,2.1801733863e-06
208,adam,2.1701447602e-06,1.1712878593e+00,2.1701447602e-06
209,adam,2.1609081862e-06,1.1712880668e+00,2.1609081862e-06
210,adam,2.1523659403e-06,1.1712882579e+00,2.1523659403e-06
211,adam,2.1437548939e-06,1.1712884772e+00,2.1437548939e-06
212,adam,2.1355513725e-06,1.1712887513e+00,2.1355513725e-06
213,adam,2.1274954897e-06,1.1712890806e+00,2.1274954897e-06
214,adam,2.1197166607e-06,1.1712894432e+00,2.1197166607e-06
215,adam,2.1120832603e-06,1.1712898057e+00,2.1120832603e-06
216,adam,2.1046117220e-06,1.1712901364e+00,2.1046117220e-06
217,adam,2.0972048466e-06,1.1712904137e+00,2.0972048466e-06
218,adam,2.0894817475e-06,1.1712906297e+00,2.0894817475e-06
219,adam,2.0816800083e-06,1.1712907895e+00,2.0816800083e-06
220,adam,2.0735869060e-06,1.1712909063e+00,2.0735869060e-06
221,adam,2.0647480237e-06,1.1712909967e+00,2.0647480237e-06
222,adam,2.0556777503e-06,1.1712910741e+00,2.0556777503e-06
223,adam,2.0463697403e-06,1.1712911442e+00,2.0463697403e-06
224,adam,2.0371438158e-06,1.1712912034e+00,2.0371438158e-06
225,adam,2.0280742798e-06,1.1712912415e+00,2.0280742798e-06
226,adam,2.0191434977e-06,1.1712912472e+00,2.0191434977e-06
227,adam,2.0103444862e-06,1.1712912144e+00,2.0103444862e-06
228,adam,2.0015992329e-06,1.1712911440e+00,2.0015992329e-06
229,adam,1.9927964410e-06,1.1712910430e+00,1.9927964410e-06
230,adam,1.9837587383e-06,1.1712909189e+00,1.9837587383e-06
231,adam,1.9741628399e-06,1.1712907760e+00,1.9741628399e-06
232,adam,1.9641366730e-06,1.1712906136e+00,1.9641366730e-06
233,adam,1.9539703092e-06,1.1712904290e+00,1.9539703092e-06
234,adam,1.9441852842e-06,1.1712902217e+00,1.9441852842e-06
235,adam,1.9342777735e-06,1.1712899969e+00,1.9342777735e-06
236,adam,1.9244652382e-06,1.1712897658e+00,1.9244652382e-06
237,adam,1.9147840349e-06,1.1712895425e+00,1.9147840349e-06
238,adam,1.9051368078e-06,1.1712893403e+00,1.9051368078e-06
239,adam,1.8955265473e-06,1.1712891685e+00,1.8955265473e-06
240,adam,1.8864550639e-06,1.1712890315e+00,1.8864550639e-06
241,adam,1.8773928119e-06,1.1712889291e+00,1.8773928119e-06
242,adam,1.8686430715e-06,1.1712888577e+00,1.8686430715e-06
243,adam,1.8598943588e-06,1.1712888121e+00,1.8598943588e-06
244,adam,1.8511711783e-06,1.1712887861e+00,1.8511711783e-06
245,adam,1.8424571584e-06,1.1712887736e+00,1.8424571584e-06
246,adam,1.8337956956e-06,1.1712887698e+00,1.8337956956e-06
247,adam,1.8256429676e-06,1.1712887719e+00,1.8256429676e-06
248,adam,1.8175270665e-06,1.1712887785e+00,1.8175270665e-06
249,adam,1.8099423504e-06,1.1712887888e+00,1.8099423504e-06
250,adam,1.8028114716e-06,1.1712888018e+00,1.8028114716e-06
251,adam,1.7961435846e-06,1.1712888154e+00,1.7961435846e-06
252,adam,1.7900089131e-06,1.1712888274e+00,1.7900089131e-06
253,adam,1.7837024004e-06,1.1712888365e+00,1.7837024004e-06
254,adam,1.7774325609e-06,1.1712888430e+00,1.7774325609e-06
255,adam,1.7712532399e-06,1.1712888489e+00,1.7712532399e-06
256,adam,1.7649002393e-06,1.1712888568e+00,1.7649002393e-06
257,adam,1.7584900733e-06,1.1712888685e+00,1.7584900733e-06
258,adam,1.7522070511e-06,1.1712888844e+00,1.7522070511e-06
259,adam,1.7459005682e-06,1.1712889034e+00,1.7459005682e-06
260,adam,1.7397353737e-06,1.1712889235e+00,1.7397353737e-06
261,adam,1.7331849762e-06,1.1712889428e+00,1.7331849762e-06
262,adam,1.7262310696e-06,1.1712889598e+00,1.7262310696e-06
263,adam,1.7193084964e-06,1.1712889736e+00,1.7193084964e-06
264,adam,1.7122944650e-06,1.1712889839e+00,1.7122944650e-06
265,adam,1.7046892681e-06,1.1712889906e+00,1.7046892681e-06
266,adam,1.6968889348e-06,1.1712889939e+00,1.6968889348e-06
267,adam,1.6895709645e-06,1.1712889944e+00,1.6895709645e-06
268,adam,1.6824720707e-06,1.1712889928e+00,1.6824720707e-06
269,adam,1.6758079807e-06,1.1712889896e+00,1.6758079807e-06
270,adam,1.6693063595e-06,1.1712889852e+00,1.6693063595e-06
271,adam,1.6632816884e-06,1.1712889798e+00,1.6632816884e-06
272,adam,1.6577275115e-06,1.1712889739e+00,1.6577275115e-06
273,adam,1.6524435809e-06,1.1712889680e+00,1.6524435809e-06
274,adam,1.6475657526e-06,1.1712889626e+00,1.6475657526e-06
275,adam,1.6426190282e-06,1.1712889576e+00,1.6426190282e-06
276,adam,1.6377217110e-06,1.1712889524e+00,1.6377217110e-06
277,adam,1.6330122203e-06,1.1712889460e+00,1.6330122203e-06
278,adam,1.6280930681e-06,1.1712889375e+00,1.6280930681e-06
279,adam,1.6228888250e-06,1.1712889267e+00,1.6228888250e-06
280,adam,1.6177984887e-06,1.1712889143e+00,1.6177984887e-06
281,adam,1.6129690731e-06,1.1712889021e+00,1.6129690731e-06
282,adam,1.6085324791e-06,1.1712888917e+00,1.6085324791e-06
283,adam,1.6043160013e-06,1.1712888842e+00,1.6043160013e-06
284,adam,1.5997161594e-06,1.1712888801e+00,1.5997161594e-06
285,adam,1.5950250153e-06,1.1712888793e+00,1.5950250153e-06
286,adam,1.5900775138e-06,1.1712888811e+00,1.5900775138e-06
287,adam,1.5848672706e-06,1.1712888853e+00,1.5848672706e-06
288,adam,1.5797505402e-06,1.1712888915e+00,1.5797505402e-06
289,adam,1.5749359009e-06,1.1712888994e+00,1.5749359009e-06
290,adam,1.5700833615e-06,1.1712889087e+00,1.5700833615e-06
291,adam,1.5654204638e-06,1.1712889187e+00,1.5654204638e-06
292,adam,1.5608203008e-06,1.1712889293e+00,1.5608203008e-06
293,adam,1.5564049114e-06,1.1712889400e+00,1.5564049114e-06
294,adam,1.5522081243e-06,1.1712889509e+00,1.5522081243e-06
295,adam,1.5478790653e-06,1.1712889621e+00,1.5478790653e-06
296,adam,1.5433290698e-06,1.1712889734e+00,1.5433290698e-06
297,adam,1.5387046698e-06,1.1712889849e+00,1.5387046698e-06
298,adam,1.5340398056e-06,1.1712889963e+00,1.5340398056e-06
299,adam,1.5288020691e-06,1.1712890074e+00,1.5288020691e-06
300,adam,1.5225048198e-06,1.1712890179e+00,1.5225048198e-06
301,adam,1.5157483313e-06,1.1712890276e+00,1.5157483313e-06
302,adam,1.5090824546e-06,1.1712890361e+00,1.5090824546e-06
303,adam,1.5022836877e-06,1.1712890433e+00,1.5022836877e-06
304,adam,1.4957186633e-06,1.1712890491e+00,1.4957186633e-06
305,adam,1.4890926537e-06,1.1712890531e+00,1.4890926537e-06
306,adam,1.4824597398e-06,1.1712890554e+00,1.4824597398e-06
307,adam,1.4760545490e-06,1.1712890560e+00,1.4760545490e-06
308,adam,1.4697395256e-06,1.1712890550e+00,1.4697395256e-06
309,adam,1.4634922993e-06,1.1712890525e+00,1.4634922993e-06
310,adam,1.4573756654e-06,1.1712890489e+00,1.4573756654e-06
311,adam,1.4516109572e-06,1.1712890445e+00,1.4516109572e-06
312,adam,1.4460095405e-06,1.1712890395e+00,1.4460095405e-06
313,adam,1.4404962915e-06,1.1712890342e+00,1.4404962915e-06
314,adam,1.4353532102e-06,1.1712890288e+00,1.4353532102e-06
315,adam,1.4304810921e-06,1.1712890234e+00,1.4304810921e-06
316,adam,1.4258394291e-06,1.1712890181e+00,1.4258394291e-06
317,adam,1.4215177132e-06,1.1712890130e+00,1.4215177132e-06
318,adam,1.4174365622e-06,1.1712890084e+00,1.4174365622e-06
319,adam,1.4134925850e-06,1.1712890041e+00,1.4134925850e-06
320,adam,1.4092189117e-06,1.1712890004e+00,1.4092189117e-06
321,adam,1.4049277165e-06,1.1712889970e+00,1.4049277165e-06
322,adam,1.4006290571e-06,1.1712889939e+00,1.4006290571e-06
323,adam,1.3962164585e-06,1.1712889911e+00,1.3962164585e-06
324,adam,1.3916432201e-06,1.1712889885e+00,1.3916432201e-06
325,adam,1.3869264655e-06,1.1712889861e+00,1.3869264655e-06
326,adam,1.3822317153e-06,1.1712889839e+00,1.3822317153e-06
327,adam,1.3780055162e-06,1.1712889820e+00,1.3780055162e-06
328,adam,1.3735308527e-06,1.1712889803e+00,1.3735308527e-06
329,adam,1.3689907842e-06,1.1712889788e+00,1.3689907842e-06
330,adam,1.3648770598e-06,1.1712889777e+00,1.3648770598e-06
331,adam,1.3608489833e-06,1.1712889768e+00,1.3608489833e-06
332,adam,1.3569423557e-06,1.1712889764e+00,1.3569423557e-06
333,adam,1.3532344931e-06,1.1712889762e+00,1.3532344931e-06
334,adam,1.3494707189e-06,1.1712889762e+00,1.3494707189e-06
335,adam,1.3455965358e-06,1.1712889764e+00,1.3455965358e-06
336,adam,1.3415214970e-06,1.1712889768e+00,1.3415214970e-06
337,adam,1.3376213341e-06,1.1712889773e+00,1.3376213341e-06
338,adam,1.3336970284e-06,1.1712889779e+00,1.3336970284e-06
339,adam,1.3298720256e-06,1.1712889788e+00,1.3298720256e-06
340,adam,1.3260644211e-06,1.1712889798e+00,1.3260644211e-06
341,adam,1.3219684057e-06,1.1712889809e+00,1.3219684057e-06
342,adam,1.3179822064e-06,1.1712889820e+00,1.3179822064e-06
343,adam,1.3139399165e-06,1.1712889831e+00,1.3139399165e-06
344,adam,1.3097963573e-06,1.1712889841e+00,1.3097963573e-06
345,adam,1.3055085533e-06,1.1712889851e+00,1.3055085533e-06
346,adam,1.3014536726e-06,1.1712889861e+00,1.3014536726e-06
347,adam,1.2976283483e-06,1.1712889871e+00,1.2976283483e-06
348,adam,1.2938331070e-06,1.1712889879e+00,1.2938331070e-06
349,adam,1.2903410189e-06,1.1712889887e+00,1.2903410189e-06
350,adam,1.2867905557e-06,1.1712889894e+00,1.2867905557e-06
351,adam,1.2833070950e-06,1.1712889901e+00,1.2833070950e-06
352,adam,1.2802205014e-06,1.1712889907e+00,1.2802205014e-06
353,adam,1.2773754715e-06,1.1712889912e+00,1.2773754715e-06
354,adam,1.2743784491e-06,1.1712889918e+00,1.2743784491e-06
355,adam,1.2714857623e-06,1.1712889922e+00,1.2714857623e-06
356,adam,1.2685588217e-06,1.1712889927e+00,1.2685588217e-06
357,adam,1.2656997394e-06,1.1712889930e+00,1.2656997394e-06
358,adam,1.2626967577e-06,1.1712889933e+00,1.2626967577e-06
359,adam,1.2595006712e-06,1.1712889935e+00,1.2595006712e-06
360,adam,1.2558336345e-06,1.1712889937e+00,1.2558336345e-06
361,adam,1.2518840948e-06,1.1712889938e+00,1.2518840948e-06
362,adam,1.2478768109e-06,1.1712889939e+00,1.2478768109e-06
363,adam,1.2433050913e-06,1.1712889940e+00,1.2433050913e-06
364,adam,1.2388577728e-06,1.1712889940e+00,1.2388577728e-06
365,adam,1.2342738825e-06,1.1712889940e+00,1.2342738825e-06
366,adam,1.2297569069e-06,1.1712889939e+00,1.2297569069e-06
367,adam,1.2253676825e-06,1.1712889937e+00,1.2253676825e-06
368,adam,1.2208631630e-06,1.1712889935e+00,1.2208631630e-06
369,adam,1.2163973292e-06,1.1712889932e+00,1.2163973292e-06
370,adam,1.2120911216e-06,1.1712889929e+00,1.2120911216e-06
371,adam,1.2080169059e-06,1.1712889926e+00,1.2080169059e-06
372,adam,1.2041296813e-06,1.1712889923e+00,1.2041296813e-06
373,adam,1.2004959420e-06,1.1712889920e+00,1.2004959420e-06
374,adam,1.1967393400e-06,1.1712889917e+00,1.1967393400e-06
375,adam,1.1928474352e-06,1.1712889914e+00,1.1928474352e-06
376,adam,1.1887253105e-06,1.1712889912e+00,1.1887253105e-06
377,adam,1.1845106979e-06,1.1712889910e+00,1.1845106979e-06
378,adam,1.1804111962e-06,1.1712889908e+00,1.1804111962e-06
379,adam,1.1758872882e-06,1.1712889906e+00,1.1758872882e-06
380,adam,1.1710296807e-06,1.1712889905e+00,1.1710296807e-06
381,adam,1.1659049654e-06,1.1712889904e+00,1.1659049654e-06
382,adam,1.1608336613e-06,1.1712889903e+00,1.1608336613e-06
383,adam,1.1560513374e-06,1.1712889902e+00,1.1560513374e-06
384,adam,1.1515074486e-06,1.1712889902e+00,1.1515074486e-06
385,adam,1.1471611472e-06,1.1712889902e+00,1.1471611472e-06
386,adam,1.1430405935e-06,1.1712889901e+00,1.1430405935e-06
387,adam,1.1386981064e-06,1.1712889901e+00,1.1386981064e-06
388,adam,1.1341861117e-06,1.1712889902e+00,1.1341861117e-06
389,adam,1.1298861623e-06,1.1712889902e+00,1.1298861623e-06
390,adam,1.1253208849e-06,1.1712889902e+00,1.1253208849e-06
391,adam,1.1207353286e-06,1.1712889902e+00,1.1207353286e-06
392,adam,1.1159106298e-06,1.1712889903e+00,1.1159106298e-06
393,adam,1.1108720366e-06,1.1712889903e+00,1.1108720366e-06
394,adam,1.1057008960e-06,1.1712889903e+00,1.1057008960e-06
395,adam,1.1007491178e-06,1.1712889904e+00,1.1007491178e-06
396,adam,1.0960010497e-06,1.1712889904e+00,1.0960010497e-06
397,adam,1.0912221360e-06,1.1712889904e+00,1.0912221360e-06
398,adam,1.0865363930e-06,1.1712889905e+00,1.0865363930e-06
399,adam,1.0821075137e-06,1.1712889905e+00,1.0821075137e-06
400,adam,1.0778346250e-06,1.1712889905e+00,1.0778346250e-06
401,adam,1.0735073635e-06,1.1712889905e+00,1.0735073635e-06
402,adam,1.0692651777e-06,1.1712889906e+00,1.0692651777e-06
403,adam,1.0651553527e-06,1.1712889906e+00,1.0651553527e-06
404,adam,1.0607933506e-06,1.1712889906e+00,1.0607933506e-06
405,adam,1.0563933297e-06,1.1712889906e+00,1.0563933297e-06
406,adam,1.0520471075e-06,1.1712889907e+00,1.0520471075e-06
407,adam,1.0480168099e-06,1.1712889907e+00,1.0480168099e-06
408,adam,1.0440982589e-06,1.1712889907e+00,1.0440982589e-06
409,adam,1.0402602537e-06,1.1712889907e+00,1.0402602537e-06
410,adam,1.0364503427e-06,1.1712889907e+00,1.0364503427e-06
411,adam,1.0328012014e-06,1.1712889908e+00,1.0328012014e-06
412,adam,1.0291733574e-06,1.1712889908e+00,1.0291733574e-06
413,adam,1.0256482125e-06,1.1712889908e+00,1.0256482125e-06
414,adam,1.0220051367e-06,1.1712889908e+00,1.0220051367e-06
415,adam,1.0184224126e-06,1.1712889908e+00,1.0184224126e-06
416,adam,1.0146374439e-06,1.1712889908e+00,1.0146374439e-06
417,adam,1.0107862082e-06,1.1712889908e+00,1.0107862082e-06
418,adam,1.0071794304e-06,1.1712889908e+00,1.0071794304e-06
419,adam,1.0037175391e-06,1.1712889908e+00,1.0037175391e-06
420,adam,1.0004396669e-06,1.1712889908e+00,1.0004396669e-06
421,adam,9.9722877595e-07,1.1712889908e+00,9.9722877595e-07
422,adam,9.9412767658e-07,1.1712889908e+00,9.9412767658e-07
423,adam,9.9119378146e-07,1.1712889908e+00,9.9119378146e-07
424,adam,9.8843704841e-07,1.1712889908e+00,9.8843704841e-07
425,adam,9.8579205796e-07,1.1712889908e+00,9.8579205796e-07
426,adam,9.8321847846e-07,1.1712889908e+00,9.8321847846e-07
427,adam,9.8066043056e-07,1.1712889908e+00,9.8066043056e-07
428,adam,9.7823744665e-07,1.1712889908e+00,9.7823744665e-07
429,adam,9.7574958688e-07,1.1712889908e+00,9.7574958688e-07
430,adam,9.7347696471e-07,1.1712889908e+00,9.7347696471e-07
431,adam,9.7127738034e-07,1.1712889908e+00,9.7127738034e-07
432,adam,9.6887226133e-07,1.1712889908e+00,9.6887226133e-07
433,adam,9.6589405438e-07,1.1712889908e+00,9.6589405438e-07
434,adam,9.6286728808e-07,1.1712889908e+00,9.6286728808e-07
435,adam,9.6004722491e-07,1.1712889908e+00,9.6004722491e-07
436,adam,9.5757100740e-07,1.1712889908e+00,9.5757100740e-07
437,adam,9.5527203937e-07,1.1712889907e+00,9.5527203937e-07
438,adam,9.5316376752e-07,1.1712889907e+00,9.5316376752e-07
439,adam,9.5108510807e-07,1.1712889907e+00,9.5108510807e-07
440,adam,9.4898727768e-07,1.1712889907e+00,9.4898727768e-07
441,adam,9.4699781641e-07,1.1712889907e+00,9.4699781641e-07
442,adam,9.4530250969e-07,1.1712889907e+00,9.4530250969e-07
443,adam,9.4355213799e-07,1.1712889907e+00,9.4355213799e-07
444,adam,9.4176810374e-07,1.1712889907e+00,9.4176810374e-07
445,adam,9.4003567618e-07,1.1712889907e+00,9.4003567618e-07
446,adam,9.3815666296e-07,1.1712889907e+00,9.3815666296e-07
447,adam,9.3624157972e-07,1.1712889907e+00,9.3624157972e-07
448,adam,9.3454323208e-07,1.1712889907e+00,9.3454323208e-07
449,adam,9.3293053959e-07,1.1712889907e+00,9.3293053959e-07
450,adam,9.3116196981e-07,1.1712889907e+00,9.3116196981e-07
451,adam,9.2940660088e-07,1.1712889907e+00,9.2940660088e-07
452,adam,9.2753721041e-07,1.1712889907e+00,9.2753721041e-07
453,adam,9.2531973569e-07,1.1712889907e+00,9.2531973569e-07
454,adam,9.2300331589e-07,1.1712889907e+00,9.2300331589e-07
455,adam,9.2074218896e-07,1.1712889907e+00,9.2074218896e-07
456,adam,9.1832888953e-07,1.1712889907e+00,9.1832888953e-07
457,adam,9.1600578306e-07,1.1712889907e+00,9.1600578306e-07
458,adam,9.1339135884e-07,1.1712889907e+00,9.1339135884e-07
459,adam,9.1074244138e-07,1.1712889907e+00,9.1074244138e-07
460,adam,9.0807780272e-07,1.1712889907e+00,9.0807780272e-07
461,adam,9.0555769179e-07,1.1712889907e+00,9.0555769179e-07
462,adam,9.0323860212e-07,1.1712889907e+00,9.0323860212e-07
463,adam,9.0083793426e-07,1.1712889907e+00,9.0083793426e-07
464,adam,8.9841513032e-07,1.1712889907e+00,8.9841513032e-07
465,adam,8.9587246468e-07,1.1712889907e+00,8.9587246468e-07
466,adam,8.9335520529e-07,1.1712889907e+00,8.9335520529e-07
467,adam,8.9103236951e-07,1.1712889907e+00,8.9103236951e-07
468,adam,8.8899439179e-07,1.1712889907e+00,8.8899439179e-07
469,adam,8.8738872984e-07,1.1712889907e+00,8.8738872984e-07
470,adam,8.8616573818e-07,1.1712889907e+00,8.8616573818e-07
471,adam,8.8499033163e-07,1.1712889907e+00,8.8499033163e-07
472,adam,8.8392243347e-07,1.1712889907e+00,8.8392243347e-07
473,adam,8.8285326437e-07,1.1712889907e+00,8.8285326437e-07
474,adam,8.8169080620e-07,1.1712889907e+00,8.8169080620e-07
475,adam,8.8023600360e-07,1.1712889907e+00,8.8023600360e-07
476,adam,8.7882190653e-07,1.1712889907e+00,8.7882190653e-07
477,adam,8.7741702056e-07,1.1712889907e+00,8.7741702056e-07
478,adam,8.7602901034e-07,1.1712889907e+00,8.7602901034e-07
479,adam,8.7460606816e-07,1.1712889907e+00,8.7460606816e-07
480,adam,8.7320333483e-07,1.1712889907e+00,8.7320333483e-07
481,adam,8.7178142376e-07,1.1712889907e+00,8.7178142376e-07
482,adam,8.7040348865e-07,1.1712889907e+00,8.7040348865e-07
483,adam,8.6908712870e-07,1.1712889907e+00,8.6908712870e-07
484,adam,8.6783586869e-07,1.1712889907e+00,8.6783586869e-07
485,adam,8.6672437250e-07,1.1712889907e+00,8.6672437250e-07
486,adam,8.6545015842e-07,1.1712889907e+00,8.6545015842e-07
487,adam,8.6418181675e-07,1.1712889907e+00,8.6418181675e-07
488,adam,8.6309507593e-07,1.1712889907e+00,8.6309507593e-07
489,adam,8.6206812864e-07,1.1712889907e+00,8.6206812864e-07
490,adam,8.6068648315e-07,1.1712889907e+00,8.6068648315e-07
491,adam,8.5935883427e-07,1.1712889907e+00,8.5935883427e-07
492,adam,8.5786402178e-07,1.1712889907e+00,8.5786402178e-07
493,adam,8.5637789718e-07,1.1712889907e+00,8.5637789718e-07
494,adam,8.5486207065e-07,1.1712889907e+00,8.5486207065e-07
495,adam,8.5339649418e-07,1.1712889907e+00,8.5339649418e-07
496,adam,8.5197194219e-07,1.1712889907e+00,8.5197194219e-07
497,adam,8.5045051456e-07,1.1712889907e+00,8.5045051456e-07
498,adam,8.4845730437e-07,1.1712889907e+00,8.4845730437e-07
499,adam,8.4645073576e-07,1.1712889907e+00,8.4645073576e-07
500,adam,8.4447378985e-07,1.1712889907e+00,8.4447378985e-07
501,adam,8.4272326414e-07,1.1712889907e+00,8.4272326414e-07
502,adam,8.4109601744e-07,1.1712889907e+00,8.4109601744e-07
503,adam,8.3947470350e-07,1.1712889907e+00,8.3947470350e-07
504,adam,8.3785099222e-07,1.1712889907e+00,8.3785099222e-07
505,adam,8.3621423297e-07,1.1712889907e+00,8.3621423297e-07
506,adam,8.3455610039e-07,1.1712889907e+00,8.3455610039e-07
507,adam,8.3317918720e-07,1.1712889907e+00,8.3317918720e-07
508,adam,8.3189123093e-07,1.1712889907e+00,8.3189123093e-07
509,adam,8.3027463564e-07,1.1712889907e+00,8.3027463564e-07
510,adam,8.2846292883e-07,1.1712889907e+00,8.2846292883e-07
511,adam,8.2630592717e-07,1.1712889907e+00,8.2630592717e-07
512,adam,8.2404473054e-07,1.1712889907e+00,8.2404473054e-07
513,adam,8.2184375029e-07,1.1712889907e+00,8.2184375029e-07
514,adam,8.1944743561e-07,1.1712889907e+00,8.1944743561e-07
515,adam,8.1700236974e-07,1.1712889907e+00,8.1700236974e-07
516,adam,8.1436013096e-07,1.1712889907e+00,8.1436013096e-07
517,adam,8.1184848194e-07,1.1712889907e+00,8.1184848194e-07
518,adam,8.0943992089e-07,1.1712889907e+00,8.0943992089e-07
519,adam,8.0714975450e-07,1.1712889907e+00,8.0714975450e-07
520,adam,8.0492892324e-07,1.1712889907e+00,8.0492892324e-07
521,adam,8.0275425309e-07,1.1712889907e+00,8.0275425309e-07
522,adam,8.0064336295e-07,1.1712889907e+00,8.0064336295e-07
523,adam,7.9847284732e-07,1.1712889907e+00,7.9847284732e-07
524,adam,7.9636517038e-07,1.1712889907e+00,7.9636517038e-07
525,adam,7.9443138960e-07,1.1712889907e+00,7.9443138960e-07
526,adam,7.9240129372e-07,1.1712889907e+00,7.9240129372e-07
527,adam,7.9005591535e-07,1.1712889907e+00,7.9005591535e-07
528,adam,7.8762398133e-07,1.1712889907e+00,7.8762398133e-07
529,adam,7.8519726142e-07,1.1712889907e+00,7.8519726142e-07
530,adam,7.8283088293e-07,1.1712889907e+00,7.8283088293e-07
531,adam,7.8048836203e-07,1.1712889907e+00,7.8048836203e-07
532,adam,7.7799895100e-07,1.1712889907e+00,7.7799895100e-07
533,adam,7.7542263569e-07,1.1712889907e+00,7.7542263569e-07
534,adam,7.7289456452e-07,1.1712889907e+00,7.7289456452e-07
535,adam,7.7037539522e-07,1.1712889907e+00,7.7037539522e-07
536,adam,7.6814322622e-07,1.1712889907e+00,7.6814322622e-07
537,adam,7.6598254271e-07,1.1712889907e+00,7.6598254271e-07
538,adam,7.6397377450e-07,1.1712889907e+00,7.6397377450e-07
539,adam,7.6211477340e-07,1.1712889907e+00,7.6211477340e-07
540,adam,7.6004173427e-07,1.1712889907e+00,7.6004173427e-07
541,adam,7.5785231216e-07,1.1712889907e+00,7.5785231216e-07
542,adam,7.5566826678e-07,1.1712889907e+00,7.5566826678e-07
543,adam,7.5357291548e-07,1.1712889907e+00,7.5357291548e-07
544,adam,7.5170856981e-07,1.1712889907e+00,7.5170856981e-07
545,adam,7.5015459110e-07,1.1712889907e+00,7.5015459110e-07
546,adam,7.4861733249e-07,1.1712889907e+00,7.4861733249e-07
547,adam,7.4708106041e-07,1.1712889907e+00,7.4708106041e-07
548,adam,7.4555528439e-07,1.1712889907e+00,7.4555528439e-07
549,adam,7.4415496639e-07,1.1712889907e+00,7.4415496639e-07
550,adam,7.4279083222e-07,1.1712889907e+00,7.4279083222e-07
551,adam,7.4139064068e-07,1.1712889907e+00,7.4139064068e-07
552,adam,7.4006211017e-07,1.1712889907e+00,7.4006211017e-07
553,adam,7.3880690040e-07,1.1712889907e+00,7.3880690040e-07
554,adam,7.3752794340e-07,1.1712889907e+00,7.3752794340e-07
555,adam,7.3647730795e-07,1.1712889907e+00,7.3647730795e-07
556,adam,7.3550521238e-07,1.1712889907e+00,7.3550521238e-07
557,adam,7.3454559372e-07,1.1712889907e+00,7.3454559372e-07
558,adam,7.3359164464e-07,1.1712889907e+00,7.3359164464e-07
559,adam,7.3268771742e-07,1.1712889907e+00,7.3268771742e-07
560,adam,7.3189111043e-07,1.1712889907e+00,7.3189111043e-07
561,adam,7.3117684047e-07,1.1712889907e+00,7.3117684047e-07
562,adam,7.3039107639e-07,1.1712889907e+00,7.3039107639e-07
563,adam,7.2953318669e-07,1.1712889907e+00,7.2953318669e-07
564,adam,7.2870957099e-07,1.1712889907e+00,7.2870957099e-07
565,adam,7.2795706532e-07,1.1712889907e+00,7.2795706532e-07
566,adam,7.2710488497e-07,1.1712889907e+00,7.2710488497e-07
567,adam,7.2624155374e-07,1.1712889907e+00,7.2624155374e-07
568,adam,7.2521553528e-07,1.1712889907e+00,7.2521553528e-07
569,adam,7.2400142064e-07,1.1712889907e+00,7.2400142064e-07
570,adam,7.2258745664e-07,1.1712889907e+00,7.2258745664e-07
571,adam,7.2087212194e-07,1.1712889907e+00,7.2087212194e-07
572,adam,7.1898748882e-07,1.1712889907e+00,7.1898748882e-07
573,adam,7.1685742741e-07,1.1712889907e+00,7.1685742741e-07
574,adam,7.1474732057e-07,1.1712889907e+00,7.1474732057e-07
575,adam,7.1259244979e-07,1.1712889907e+00,7.1259244979e-07
576,adam,7.1009577656e-07,1.1712889907e+00,7.1009577656e-07
577,adam,7.0771618985e-07,1.1712889907e+00,7.0771618985e-07
578,adam,7.0521804897e-07,1.1712889907e+00,7.0521804897e-07
579,adam,7.0291690857e-07,1.1712889907e+00,7.0291690857e-07
580,adam,7.0056383914e-07,1.1712889907e+00,7.0056383914e-07
581,adam,6.9832099748e-07,1.1712889907e+00,6.9832099748e-07
582,adam,6.9620970499e-07,1.1712889907e+00,6.9620970499e-07
583,adam,6.9410866283e-07,1.1712889907e+00,6.9410866283e-07
584,adam,6.9214111890e-07,1.1712889907e+00,6.9214111890e-07
585,adam,6.9016633219e-07,1.1712889907e+00,6.9016633219e-07
586,adam,6.8796631136e-07,1.1712889907e+00,6.8796631136e-07
587,adam,6.8600470569e-07,1.1712889907e+00,6.8600470569e-07
588,adam,6.8435581070e-07,1.1712889907e+00,6.8435581070e-07
589,adam,6.8279748235e-07,1.1712889907e+00,6.8279748235e-07
590,adam,6.8119400075e-07,1.1712889907e+00,6.8119400075e-07
591,adam,6.7943628510e-07,1.1712889907e+00,6.7943628510e-07
592,adam,6.7754808655e-07,1.1712889907e+00,6.7754808655e-07
593,adam,6.7580859938e-07,1.1712889907e+00,6.7580859938e-07
594,adam,6.7426199154e-07,1.1712889907e+00,6.7426199154e-07
595,adam,6.7267523013e-07,1.1712889907e+00,6.7267523013e-07
596,adam,6.7125877414e-07,1.1712889907e+00,6.7125877414e-07
597,adam,6.6996875239e-07,1.1712889907e+00,6.6996875239e-07
598,adam,6.6881354461e-07,1.1712889907e+00,6.6881354461e-07
599,adam,6.6783177978e-07,1.1712889907e+00,6.6783177978e-07
600,adam,6.6714105608e-07,1.1712889907e+00,6.6714105608e-07
601,adam,6.6649346213e-07,1.1712889907e+00,6.6649346213e-07
602,adam,6.6577898075e-07,1.1712889907e+00,6.6577898075e-07
603,adam,6.6509438291e-07,1.1712889907e+00,6.6509438291e-07
604,adam,6.6437257816e-07,1.1712889907e+00,6.6437257816e-07
605,adam,6.6359895102e-07,1.1712889907e+00,6.6359895102e-07
606,adam,6.6271955654e-07,1.1712889907e+00,6.6271955654e-07
607,adam,6.6196264358e-07,1.1712889907e+00,6.6196264358e-07
608,adam,6.6098637525e-07,1.1712889907e+00,6.6098637525e-07
609,adam,6.6011377986e-07,1.1712889907e+00,6.6011377986e-07
610,adam,6.5929635193e-07,1.1712889907e+00,6.5929635193e-07
611,adam,6.5856038218e-07,1.1712889907e+00,6.5856038218e-07
612,adam,6.5796071682e-07,1.1712889907e+00,6.5796071682e-07
613,adam,6.5739506687e-07,1.1712889907e+00,6.5739506687e-07
614,adam,6.5696677245e-07,1.1712889907e+00,6.5696677245e-07
615,adam,6.5652934035e-07,1.1712889907e+00,6.5652934035e-07
616,adam,6.5615887653e-07,1.1712889907e+00,6.5615887653e-07
617,adam,6.5597519811e-07,1.1712889907e+00,6.5597519811e-07
618,adam,6.5576184835e-07,1.1712889907e+00,6.5576184835e-07
619,adam,6.5537795975e-07,1.1712889907e+00,6.5537795975e-07
620,adam,6.5506241652e-07,1.1712889907e+00,6.5506241652e-07
621,adam,6.5459912544e-07,1.1712889907e+00,6.5459912544e-07
622,adam,6.5395086091e-07,1.1712889907e+00,6.5395086091e-07
623,adam,6.5327689058e-07,1.1712889907e+00,6.5327689058e-07
624,adam,6.5262790102e-07,1.1712889907e+00,6.5262790102e-07
625,adam,6.5192640760e-07,1.1712889907e+00,6.5192640760e-07
626,adam,6.5129468937e-07,1.1712889907e+00,6.5129468937e-07
627,adam,6.5074794389e-07,1.1712889907e+00,6.5074794389e-07
628,adam,6.5025827951e-07,1.1712889907e+00,6.5025827951e-07
629,adam,6.4971078353e-07,1.1712889907e+00,6.4971078353e-07
630,adam,6.4920077072e-07,1.1712889907e+00,6.4920077072e-07
631,adam,6.4871436064e-07,1.1712889907e+00,6.4871436064e-07
632,adam,6.4830048580e-07,1.1712889907e+00,6.4830048580e-07
633,adam,6.4786519341e-07,1.1712889907e+00,6.4786519341e-07
634,adam,6.4733018394e-07,1.1712889907e+00,6.4733018394e-07
635,adam,6.4666514345e-07,1.1712889907e+00,6.4666514345e-07
636,adam,6.4581902334e-07,1.1712889907e+00,6.4581902334e-07
637,adam,6.4491734584e-07,1.1712889907e+00,6.4491734584e-07
638,adam,6.4413447339e-07,1.1712889907e+00,6.4413447339e-07
639,adam,6.4319311622e-07,1.1712889907e+00,6.4319311622e-07
640,adam,6.4227904679e-07,1.1712889907e+00,6.4227904679e-07
641,adam,6.4122777719e-07,1.1712889907e+00,6.4122777719e-07
642,adam,6.4017543954e-07,1.1712889907e+00,6.4017543954e-07
643,adam,6.3941386142e-07,1.1712889907e+00,6.3941386142e-07
644,adam,6.3879142658e-07,1.1712889907e+00,6.3879142658e-07
645,adam,6.3827765239e-07,1.1712889907e+00,6.3827765239e-07
646,adam,6.3793498653e-07,1.1712889907e+00,6.3793498653e-07
647,adam,6.3761452562e-07,1.1712889907e+00,6.3761452562e-07
648,adam,6.3715152366e-07,1.1712889907e+00,6.3715152366e-07
649,adam,6.3685955971e-07,1.1712889907e+00,6.3685955971e-07
650,adam,6.3654100254e-07,1.1712889907e+00,6.3654100254e-07
651,adam,6.3628781827e-07,1.1712889907e+00,6.3628781827e-07
652,adam,6.3597691060e-07,1.1712889907e+00,6.3597691060e-07
653,adam,6.3568715595e-07,1.1712889907e+00,6.3568715595e-07
654,adam,6.3549468417e-07,1.1712889907e+00,6.3549468417e-07
655,adam,6.3522823057e-07,1.1712889907e+00,6.3522823057e-07
656,adam,6.3486163104e-07,1.1712889907e+00,6.3486163104e-07
657,adam,6.3447409088e-07,1.1712889907e+00,6.3447409088e-07
658,adam,6.3399060215e-07,1.1712889907e+00,6.3399060215e-07
659,adam,6.3339510433e-07,1.1712889907e+00,6.3339510433e-07
660,adam,6.3288395877e-07,1.1712889907e+00,6.3288395877e-07
661,adam,6.3243427616e-07,1.1712889907e+00,6.3243427616e-07
662,adam,6.3195235836e-07,1.1712889907e+00,6.3195235836e-07
663,adam,6.3144002473e-07,1.1712889907e+00,6.3144002473e-07
664,adam,6.3089046955e-07,1.1712889907e+00,6.3089046955e-07
665,adam,6.3028174778e-07,1.1712889907e+00,6.3028174778e-07
666,adam,6.2959822303e-07,1.1712889907e+00,6.2959822303e-07
667,adam,6.2896859744e-07,1.1712889907e+00,6.2896859744e-07
668,adam,6.2854829925e-07,1.1712889907e+00,6.2854829925e-07
669,adam,6.2804443312e-07,1.1712889907e+00,6.2804443312e-07
670,adam,6.2751511838e-07,1.1712889907e+00,6.2751511838e-07
671,adam,6.2690274161e-07,1.1712889907e+00,6.2690274161e-07
672,adam,6.2629208330e-07,1.1712889907e+00,6.2629208330e-07
673,adam,6.2559991743e-07,1.1712889907e+00,6.2559991743e-07
674,adam,6.2493437217e-07,1.1712889907e+00,6.2493437217e-07
675,adam,6.2432315449e-07,1.1712889907e+00,6.2432315449e-07
676,adam,6.2371076547e-07,1.1712889907e+00,6.2371076547e-07
677,adam,6.2280404783e-07,1.1712889907e+00,6.2280404783e-07
678,adam,6.2179302461e-07,1.1712889907e+00,6.2179302461e-07
679,adam,6.2103298729e-07,1.1712889907e+00,6.2103298729e-07
680,adam,6.2054656248e-07,1.1712889907e+00,6.2054656248e-07
681,adam,6.1999504889e-07,1.1712889907e+00,6.1999504889e-07
682,adam,6.1916716721e-07,1.1712889907e+00,6.1916716721e-07
683,adam,6.1825225226e-07,1.1712889907e+00,6.1825225226e-07
684,adam,6.1726903219e-07,1.1712889907e+00,6.1726903219e-07
685,adam,6.1615058476e-07,1.1712889907e+00,6.1615058476e-07
686,adam,6.1510531429e-07,1.1712889907e+00,6.1510531429e-07
687,adam,6.1402674721e-07,1.1712889907e+00,6.1402674721e-07
688,adam,6.1250672036e-07,1.1712889907e+00,6.1250672036e-07
689,adam,6.1074248833e-07,1.1712889907e+00,6.1074248833e-07
690,adam,6.0901040320e-07,1.1712889907e+00,6.0901040320e-07
691,adam,6.0735116194e-07,1.1712889907e+00,6.0735116194e-07
692,adam,6.0574931565e-07,1.1712889907e+00,6.0574931565e-07
693,adam,6.0423802784e-07,1.1712889907e+00,6.0423802784e-07
694,adam,6.0293243515e-07,1.1712889907e+00,6.0293243515e-07
695,adam,6.0171579627e-07,1.1712889907e+00,6.0171579627e-07
696,adam,6.0065200820e-07,1.1712889907e+00,6.0065200820e-07
697,adam,5.9974770351e-07,1.1712889907e+00,5.9974770351e-07
698,adam,5.9892070256e-07,1.1712889907e+00,5.9892070256e-07
699,adam,5.9809623789e-07,1.1712889907e+00,5.9809623789e-07
700,adam,5.9706167334e-07,1.1712889907e+00,5.9706167334e-07
701,adam,5.9600837976e-07,1.1712889907e+00,5.9600837976e-07
702,adam,5.9525014481e-07,1.1712889907e+00,5.9525014481e-07
703,adam,5.9479692771e-07,1.1712889907e+00,5.9479692771e-07
704,adam,5.9443847102e-07,1.1712889907e+00,5.9443847102e-07
705,adam,5.9405386294e-07,1.1712889907e+00,5.9405386294e-07
706,adam,5.9357853723e-07,1.1712889907e+00,5.9357853723e-07
707,adam,5.9334504307e-07,1.1712889907e+00,5.9334504307e-07
708,adam,5.9297229696e-07,1.1712889907e+00,5.9297229696e-07
709,adam,5.9269888519e-07,1.1712889907e+00,5.9269888519e-07
710,adam,5.9234670074e-07,1.1712889907e+00,5.9234670074e-07
711,adam,5.9202142924e-07,1.1712889907e+00,5.9202142924e-07
712,adam,5.9152306231e-07,1.1712889907e+00,5.9152306231e-07
713,adam,5.9101090182e-07,1.1712889907e+00,5.9101090182e-07
714,adam,5.9048906401e-07,1.1712889907e+00,5.9048906401e-07
715,adam,5.8985204670e-07,1.1712889907e+00,5.8985204670e-07
716,adam,5.8923038977e-07,1.1712889907e+00,5.8923038977e-07
717,adam,5.8874590417e-07,1.1712889907e+00,5.8874590417e-07
718,adam,5.8823586813e-07,1.1712889907e+00,5.8823586813e-07
719,adam,5.8774150597e-07,1.1712889907e+00,5.8774150597e-07
720,adam,5.8743731717e-07,1.1712889907e+00,5.8743731717e-07
721,adam,5.8729888672e-07,1.1712889907e+00,5.8729888672e-07
722,adam,5.8730316482e-07,1.1712889907e+00,5.8730316482e-07
723,adam,5.8734428693e-07,1.1712889907e+00,5.8734428693e-07
724,adam,5.8733208535e-07,1.1712889907e+00,5.8733208535e-07
725,adam,5.8729612477e-07,1.1712889907e+00,5.8729612477e-07
726,adam,5.8712982326e-07,1.1712889907e+00,5.8712982326e-07
727,adam,5.8688537494e-07,1.1712889907e+00,5.8688537494e-07
728,adam,5.8660857820e-07,1.1712889907e+00,5.8660857820e-07
729,adam,5.8636263342e-07,1.1712889907e+00,5.8636263342e-07
730,adam,5.8614038865e-07,1.1712889907e+00,5.8614038865e-07
731,adam,5.8582753229e-07,1.1712889907e+00,5.8582753229e-07
732,adam,5.8533548040e-07,1.1712889907e+00,5.8533548040e-07
733,adam,5.8448120231e-07,1.1712889907e+00,5.8448120231e-07
734,adam,5.8344529567e-07,1.1712889907e+00,5.8344529567e-07
735,adam,5.8249839988e-07,1.1712889907e+00,5.8249839988e-07
736,adam,5.8163451382e-07,1.1712889907e+00,5.8163451382e-07
737,adam,5.8081719905e-07,1.1712889907e+00,5.8081719905e-07
738,adam,5.7995209525e-07,1.1712889907e+00,5.7995209525e-07
739,adam,5.7880428802e-07,1.1712889907e+00,5.7880428802e-07
740,adam,5.7754122387e-07,1.1712889907e+00,5.7754122387e-07
741,adam,5.7608028279e-07,1.1712889907e+00,5.7608028279e-07
742,adam,5.7469418477e-07,1.1712889907e+00,5.7469418477e-07
743,adam,5.7336566601e-07,1.1712889907e+00,5.7336566601e-07
744,adam,5.7215883550e-07,1.1712889907e+00,5.7215883550e-07
745,adam,5.7090807536e-07,1.1712889907e+00,5.7090807536e-07
746,adam,5.6965500290e-07,1.1712889907e+00,5.6965500290e-07
747,adam,5.6824320162e-07,1.1712889907e+00,5.6824320162e-07
748,adam,5.6697368364e-07,1.1712889907e+00,5.6697368364e-07
749,adam,5.6587981804e-07,1.1712889907e+00,5.6587981804e-07
750,adam,5.6479863865e-07,1.1712889907e+00,5.6479863865e-07
751,adam,5.6368274541e-07,1.1712889907e+00,5.6368274541e-07
752,adam,5.6241258942e-07,1.1712889907e+00,5.6241258942e-07
753,adam,5.6111491133e-07,1.1712889907e+00,5.6111491133e-07
754,adam,5.5991412812e-07,1.1712889907e+00,5.5991412812e-07
755,adam,5.5886174923e-07,1.1712889907e+00,5.5886174923e-07
756,adam,5.5798247624e-07,1.1712889907e+00,5.5798247624e-07
757,adam,5.5708489198e-07,1.1712889907e+00,5.5708489198e-07
758,adam,5.5618435568e-07,1.1712889907e+00,5.5618435568e-07
759,adam,5.5530568152e-07,1.1712889907e+00,5.5530568152e-07
760,adam,5.5460864771e-07,1.1712889907e+00,5.5460864771e-07
761,adam,5.5414610132e-07,1.1712889907e+00,5.5414610132e-07
762,adam,5.5375110207e-07,1.1712889907e+00,5.5375110207e-07
763,adam,5.5312462413e-07,1.1712889907e+00,5.5312462413e-07
764,adam,5.5244384373e-07,1.1712889907e+00,5.5244384373e-07
765,adam,5.5170643809e-07,1.1712889907e+00,5.5170643809e-07
766,adam,5.5091307171e-07,1.1712889907e+00,5.5091307171e-07
767,adam,5.5014564542e-07,1.1712889907e+00,5.5014564542e-07
768,adam,5.4938146981e-07,1.1712889907e+00,5.4938146981e-07
769,adam,5.4870414132e-07,1.1712889907e+00,5.4870414132e-07
770,adam,5.4798197468e-07,1.1712889907e+00,5.4798197468e-07
771,adam,5.4728649188e-07,1.1712889907e+00,5.4728649188e-07
772,adam,5.4659422717e-07,1.1712889907e+00,5.4659422717e-07
773,adam,5.4587694676e-07,1.1712889907e+00,5.4587694676e-07
774,adam,5.4508297914e-07,1.1712889907e+00,5.4508297914e-07
775,adam,5.4452780620e-07,1.1712889907e+00,5.4452780620e-07
776,adam,5.4404574957e-07,1.1712889907e+00,5.4404574957e-07
777,adam,5.4366818056e-07,1.1712889907e+00,5.4366818056e-07
778,adam,5.4333967164e-07,1.1712889907e+00,5.4333967164e-07
779,adam,5.4298009615e-07,1.1712889907e+00,5.4298009615e-07
780,adam,5.4278069851e-07,1.1712889907e+00,5.4278069851e-07
781,adam,5.4260309068e-07,1.1712889907e+00,5.4260309068e-07
782,adam,5.4252417518e-07,1.1712889907e+00,5.4252417518e-07
783,adam,5.4243546656e-07,1.1712889907e+00,5.4243546656e-07
784,adam,5.4216264651e-07,1.1712889907e+00,5.4216264651e-07
785,adam,5.4165647846e-07,1.1712889907e+00,5.4165647846e-07
786,adam,5.4080891462e-07,1.1712889907e+00,5.4080891462e-07
787,adam,5.3999341951e-07,1.1712889907e+00,5.3999341951e-07
788,adam,5.3916176243e-07,1.1712889907e+00,5.3916176243e-07
789,adam,5.3844471392e-07,1.1712889907e+00,5.3844471392e-07
790,adam,5.3795329685e-07,1.1712889907e+00,5.3795329685e-07
791,adam,5.3750118055e-07,1.1712889907e+00,5.3750118055e-07
792,adam,5.3682910669e-07,1.1712889907e+00,5.3682910669e-07
793,adam,5.3611355654e-07,1.1712889907e+00,5.3611355654e-07
794,adam,5.3529973455e-07,1.1712889907e+00,5.3529973455e-07
795,adam,5.3435396992e-07,1.1712889907e+00,5.3435396992e-07
796,adam,5.3328370683e-07,1.1712889907e+00,5.3328370683e-07
797,adam,5.3200943009e-07,1.1712889907e+00,5.3200943009e-07
798,adam,5.3086822695e-07,1.1712889907e+00,5.3086822695e-07
799,adam,5.2974591650e-07,1.1712889907e+00,5.2974591650e-07
800,adam,5.2860637710e-07,1.1712889907e+00,5.2860637710e-07
801,adam,5.2744361927e-07,1.1712889907e+00,5.2744361927e-07
802,adam,5.2657219084e-07,1.1712889907e+00,5.2657219084e-07
803,adam,5.2567102546e-07,1.1712889907e+00,5.2567102546e-07
804,adam,5.2464488021e-07,1.1712889907e+00,5.2464488021e-07
805,adam,5.2372440938e-07,1.1712889907e+00,5.2372440938e-07
806,adam,5.2293537327e-07,1.1712889907e+00,5.2293537327e-07
807,adam,5.2204737293e-07,1.1712889907e+00,5.2204737293e-07
808,adam,5.2120217622e-07,1.1712889907e+00,5.2120217622e-07
809,adam,5.2018997415e-07,1.1712889907e+00,5.2018997415e-07
810,adam,5.1910691474e-07,1.1712889907e+00,5.1910691474e-07
811,adam,5.1789618513e-07,1.1712889907e+00,5.1789618513e-07
812,adam,5.1653097629e-07,1.1712889907e+00,5.1653097629e-07
813,adam,5.1521588029e-07,1.1712889907e+00,5.1521588029e-07
814,adam,5.1419561340e-07,1.1712889907e+00,5.1419561340e-07
815,adam,5.1320684749e-07,1.1712889907e+00,5.1320684749e-07
816,adam,5.1203163126e-07,1.1712889907e+00,5.1203163126e-07
817,adam,5.1066000240e-07,1.1712889907e+00,5.1066000240e-07
818,adam,5.0923313220e-07,1.1712889907e+00,5.0923313220e-07
819,adam,5.0796632656e-07,1.1712889907e+00,5.0796632656e-07
820,adam,5.0683953215e-07,1.1712889907e+00,5.0683953215e-07
821,adam,5.0587312185e-07,1.1712889907e+00,5.0587312185e-07
822,adam,5.0479809313e-07,1.1712889907e+00,5.0479809313e-07
823,adam,5.0345304778e-07,1.1712889907e+00,5.0345304778e-07
824,adam,5.0215117922e-07,1.1712889907e+00,5.0215117922e-07
825,adam,5.0094440594e-07,1.1712889907e+00,5.0094440594e-07
826,adam,4.9978706841e-07,1.1712889907e+00,4.9978706841e-07
827,adam,4.9883378381e-07,1.1712889907e+00,4.9883378381e-07
828,adam,4.9790898953e-07,1.1712889907e+00,4.9790898953e-07
829,adam,4.9690359387e-07,1.1712889907e+00,4.9690359387e-07
830,adam,4.9582746734e-07,1.1712889907e+00,4.9582746734e-07
831,adam,4.9476805090e-07,1.1712889907e+00,4.9476805090e-07
832,adam,4.9364377048e-07,1.1712889907e+00,4.9364377048e-07
833,adam,4.9238088300e-07,1.1712889907e+00,4.9238088300e-07
834,adam,4.9125727458e-07,1.1712889907e+00,4.9125727458e-07
835,adam,4.9031363741e-07,1.1712889907e+00,4.9031363741e-07
836,adam,4.8927697389e-07,1.1712889907e+00,4.8927697389e-07
837,adam,4.8816916053e-07,1.1712889907e+00,4.8816916053e-07
838,adam,4.8680784061e-07,1.1712889907e+00,4.8680784061e-07
839,adam,4.8529337134e-07,1.1712889907e+00,4.8529337134e-07
840,adam,4.8392809652e-07,1.1712889907e+00,4.8392809652e-07
841,adam,4.8269595896e-07,1.1712889907e+00,4.8269595896e-07
842,adam,4.8135957916e-07,1.1712889907e+00,4.8135957916e-07
843,adam,4.8005667543e-07,1.1712889907e+00,4.8005667543e-07
844,adam,4.7881017153e-07,1.1712889907e+00,4.7881017153e-07
845,adam,4.7769114660e-07,1.1712889907e+00,4.7769114660e-07
846,adam,4.7664703353e-07,1.1712889907e+00,4.7664703353e-07
847,adam,4.7566762871e-07,1.1712889907e+00,4.7566762871e-07
848,adam,4.7458745640e-07,1.1712889907e+00,4.7458745640e-07
849,adam,4.7332941954e-07,1.1712889907e+00,4.7332941954e-07
850,adam,4.7243083264e-07,1.1712889907e+00,4.7243083264e-07
851,adam,4.7171545522e-07,1.1712889907e+00,4.7171545522e-07
852,adam,4.7094382316e-07,1.1712889907e+00,4.7094382316e-07
853,adam,4.7018297384e-07,1.1712889907e+00,4.7018297384e-07
854,adam,4.6938381210e-07,1.1712889907e+00,4.6938381210e-07
855,adam,4.6829688114e-07,1.1712889907e+00,4.6829688114e-07
856,adam,4.6729604516e-07,1.1712889907e+00,4.6729604516e-07
857,adam,4.6652982215e-07,1.1712889907e+00,4.6652982215e-07
858,adam,4.6605416350e-07,1.1712889907e+00,4.6605416350e-07
859,adam,4.6554356701e-07,1.1712889907e+00,4.6554356701e-07
860,adam,4.6491308285e-07,1.1712889907e+00,4.6491308285e-07
861,adam,4.6435552085e-07,1.1712889907e+00,4.6435552085e-07
862,adam,4.6367226002e-07,1.1712889907e+00,4.6367226002e-07
863,adam,4.6325242482e-07,1.1712889907e+00,4.6325242482e-07
864,adam,4.6275668741e-07,1.1712889907e+00,4.6275668741e-07
865,adam,4.6235189500e-07,1.1712889907e+00,4.6235189500e-07
866,adam,4.6194537371e-07,1.1712889907e+00,4.6194537371e-07
867,adam,4.6155450390e-07,1.1712889907e+00,4.6155450390e-07
868,adam,4.6117180058e-07,1.1712889907e+00,4.6117180058e-07
869,adam,4.6085392088e-07,1.1712889907e+00,4.6085392088e-07
870,adam,4.6064160232e-07,1.1712889907e+00,4.6064160232e-07
871,adam,4.6016226413e-07,1.1712889907e+00,4.6016226413e-07
872,adam,4.5973608120e-07,1.1712889907e+00,4.5973608120e-07
873,adam,4.5922802301e-07,1.1712889907e+00,4.5922802301e-07
874,adam,4.5869059177e-07,1.1712889907e+00,4.5869059177e-07
875,adam,4.5817004626e-07,1.1712889907e+00,4.5817004626e-07
876,adam,4.5749570931e-07,1.1712889907e+00,4.5749570931e-07
877,adam,4.5684190025e-07,1.1712889907e+00,4.5684190025e-07
878,adam,4.5624860652e-07,1.1712889907e+00,4.5624860652e-07
879,adam,4.5538189571e-07,1.1712889907e+00,4.5538189571e-07
880,adam,4.5447248804e-07,1.1712889907e+00,4.5447248804e-07
881,adam,4.5367325610e-07,1.1712889907e+00,4.5367325610e-07
882,adam,4.5310904141e-07,1.1712889907e+00,4.5310904141e-07
883,adam,4.5269164849e-07,1.1712889907e+00,4.5269164849e-07
884,adam,4.5237063817e-07,1.1712889907e+00,4.5237063817e-07
885,adam,4.5214380352e-07,1.1712889907e+00,4.5214380352e-07
886,adam,4.5183168103e-07,1.1712889907e+00,4.5183168103e-07
887,adam,4.5141794487e-07,1.1712889907e+00,4.5141794487e-07
888,adam,4.5103352927e-07,1.1712889907e+00,4.5103352927e-07
889,adam,4.5068960752e-07,1.1712889907e+00,4.5068960752e-07
890,adam,4.5025325429e-07,1.1712889907e+00,4.5025325429e-07
891,adam,4.4957956492e-07,1.1712889907e+00,4.4957956492e-07
892,adam,4.4864985863e-07,1.1712889907e+00,4.4864985863e-07
893,adam,4.4761309709e-07,1.1712889907e+00,4.4761309709e-07
894,adam,4.4627786986e-07,1.1712889907e+00,4.4627786986e-07
895,adam,4.4492091613e-07,1.1712889907e+00,4.4492091613e-07
896,adam,4.4361104529e-07,1.1712889907e+00,4.4361104529e-07
897,adam,4.4239735577e-07,1.1712889907e+00,4.4239735577e-07
898,adam,4.4137569277e-07,1.1712889907e+00,4.4137569277e-07
899,adam,4.4061047882e-07,1.1712889907e+00,4.4061047882e-07
900,adam,4.3981264801e-07,1.1712889907e+00,4.3981264801e-07
901,adam,4.3901177581e-07,1.1712889907e+00,4.3901177581e-07
902,adam,4.3810763517e-07,1.1712889907e+00,4.3810763517e-07
903,adam,4.3741580048e-07,1.1712889907e+00,4.3741580048e-07
904,adam,4.3676833645e-07,1.1712889907e+00,4.3676833645e-07
905,adam,4.3608903587e-07,1.1712889907e+00,4.3608903587e-07
906,adam,4.3558407718e-07,1.1712889907e+00,4.3558407718e-07
907,adam,4.3517926436e-07,1.1712889907e+00,4.3517926436e-07
908,adam,4.3477234467e-07,1.1712889907e+00,4.3477234467e-07
909,adam,4.3434631789e-07,1.1712889907e+00,4.3434631789e-07
910,adam,4.3396767318e-07,1.1712889907e+00,4.3396767318e-07
911,adam,4.3356987124e-07,1.1712889907e+00,4.3356987124e-07
912,adam,4.3308716671e-07,1.1712889907e+00,4.3308716671e-07
913,adam,4.3239618217e-07,1.1712889907e+00,4.3239618217e-07
914,adam,4.3156490642e-07,1.1712889907e+00,4.3156490642e-07
915,adam,4.3079071053e-07,1.1712889907e+00,4.3079071053e-07
916,adam,4.3021446552e-07,1.1712889907e+00,4.3021446552e-07
917,adam,4.2962783237e-07,1.1712889907e+00,4.2962783237e-07
918,adam,4.2903138097e-07,1.1712889907e+00,4.2903138097e-07
919,adam,4.2848084480e-07,1.1712889907e+00,4.2848084480e-07
920,adam,4.2809723092e-07,1.1712889907e+00,4.2809723092e-07
921,adam,4.2784300367e-07,1.1712889907e+00,4.2784300367e-07
922,adam,4.2755910467e-07,1.1712889907e+00,4.2755910467e-07
923,adam,4.2705625125e-07,1.1712889907e+00,4.2705625125e-07
924,adam,4.2619090420e-07,1.1712889907e+00,4.2619090420e-07
925,adam,4.2514761016e-07,1.1712889907e+00,4.2514761016e-07
926,adam,4.2428280401e-07,1.1712889907e+00,4.2428280401e-07
927,adam,4.2356694956e-07,1.1712889907e+00,4.2356694956e-07
928,adam,4.2290045930e-07,1.1712889907e+00,4.2290045930e-07
929,adam,4.2215077087e-07,1.1712889907e+00,4.2215077087e-07
930,adam,4.2150639129e-07,1.1712889907e+00,4.2150639129e-07
931,adam,4.2093698633e-07,1.1712889907e+00,4.2093698633e-07
932,adam,4.2049537947e-07,1.1712889907e+00,4.2049537947e-07
933,adam,4.1999533641e-07,1.1712889907e+00,4.1999533641e-07
934,adam,4.1952411390e-07,1.1712889907e+00,4.1952411390e-07
935,adam,4.1900304585e-07,1.1712889907e+00,4.1900304585e-07
936,adam,4.1846938347e-07,1.1712889907e+00,4.1846938347e-07
937,adam,4.1781373006e-07,1.1712889907e+00,4.1781373006e-07
938,adam,4.1720090922e-07,1.1712889907e+00,4.1720090922e-07
939,adam,4.1658820259e-07,1.1712889907e+00,4.1658820259e-07
940,adam,4.1602773001e-07,1.1712889907e+00,4.1602773001e-07
941,adam,4.1522035218e-07,1.1712889907e+00,4.1522035218e-07
942,adam,4.1420777497e-07,1.1712889907e+00,4.1420777497e-07
943,adam,4.1317789090e-07,1.1712889907e+00,4.1317789090e-07
944,adam,4.1213764819e-07,1.1712889907e+00,4.1213764819e-07
945,adam,4.1101117266e-07,1.1712889907e+00,4.1101117266e-07
946,adam,4.0980416768e-07,1.1712889907e+00,4.0980416768e-07
947,adam,4.0867757865e-07,1.1712889907e+00,4.0867757865e-07
948,adam,4.0746183144e-07,1.1712889907e+00,4.0746183144e-07
949,adam,4.0603917755e-07,1.1712889907e+00,4.0603917755e-07
950,adam,4.0479587689e-07,1.1712889907e+00,4.0479587689e-07
951,adam,4.0367307348e-07,1.1712889907e+00,4.0367307348e-07
952,adam,4.0271438078e-07,1.1712889907e+00,4.0271438078e-07
953,adam,4.0193864427e-07,1.1712889907e+00,4.0193864427e-07
954,adam,4.0111782289e-07,1.1712889907e+00,4.0111782289e-07
955,adam,4.0033605724e-07,1.1712889907e+00,4.0033605724e-07
956,adam,3.9951557381e-07,1.1712889907e+00,3.9951557381e-07
957,adam,3.9870163625e-07,1.1712889907e+00,3.9870163625e-07
958,adam,3.9799988614e-07,1.1712889907e+00,3.9799988614e-07
959,adam,3.9739190977e-07,1.1712889907e+00,3.9739190977e-07
960,adam,3.9664578180e-07,1.1712889907e+00,3.9664578180e-07
961,adam,3.9585287766e-07,1.1712889907e+00,3.9585287766e-07
962,adam,3.9517627009e-07,1.1712889907e+00,3.9517627009e-07
963,adam,3.9442830414e-07,1.1712889907e+00,3.9442830414e-07
964,adam,3.9356840501e-07,1.1712889907e+00,3.9356840501e-07
965,adam,3.9279785149e-07,1.1712889907e+00,3.9279785149e-07
966,adam,3.9216059980e-07,1.1712889907e+00,3.9216059980e-07
967,adam,3.9131862810e-07,1.1712889907e+00,3.9131862810e-07
968,adam,3.9038964388e-07,1.1712889907e+00,3.9038964388e-07
969,adam,3.8940475820e-07,1.1712889907e+00,3.8940475820e-07
970,adam,3.8840622031e-07,1.1712889907e+00,3.8840622031e-07
971,adam,3.8736249242e-07,1.1712889907e+00,3.8736249242e-07
972,adam,3.8633626411e-07,1.1712889907e+00,3.8633626411e-07
973,adam,3.8548385567e-07,1.1712889907e+00,3.8548385567e-07
974,adam,3.8483205490e-07,1.1712889907e+00,3.8483205490e-07
975,adam,3.8398359704e-07,1.1712889907e+00,3.8398359704e-07
976,adam,3.8311187721e-07,1.1712889907e+00,3.8311187721e-07
977,adam,3.8226523267e-07,1.1712889907e+00,3.8226523267e-07
978,adam,3.8126634339e-07,1.1712889907e+00,3.8126634339e-07
979,adam,3.8015317407e-07,1.1712889907e+00,3.8015317407e-07
980,adam,3.7901148407e-07,1.1712889907e+00,3.7901148407e-07
981,adam,3.7806236631e-07,1.1712889907e+00,3.7806236631e-07
982,adam,3.7723139693e-07,1.1712889907e+00,3.7723139693e-07
983,adam,3.7665814896e-07,1.1712889907e+00,3.7665814896e-07
984,adam,3.7604569464e-07,1.1712889907e+00,3.7604569464e-07
985,adam,3.7533772393e-07,1.1712889907e+00,3.7533772393e-07
986,adam,3.7452547933e-07,1.1712889907e+00,3.7452547933e-07
987,adam,3.7366657633e-07,1.1712889907e+00,3.7366657633e-07
988,adam,3.7292795954e-07,1.1712889907e+00,3.7292795954e-07
989,adam,3.7200272229e-07,1.1712889907e+00,3.7200272229e-07
990,adam,3.7103451665e-07,1.1712889907e+00,3.7103451665e-07
991,adam,3.7007343272e-07,1.1712889907e+00,3.7007343272e-07
992,adam,3.6896590126e-07,1.1712889907e+00,3.6896590126e-07
993,adam,3.6780980987e-07,1.1712889907e+00,3.6780980987e-07
994,adam,3.6653704050e-07,1.1712889907e+00,3.6653704050e-07
995,adam,3.6521381746e-07,1.1712889907e+00,3.6521381746e-07
996,adam,3.6389355353e-07,1.1712889907e+00,3.6389355353e-07
997,adam,3.6257602438e-07,1.1712889907e+00,3.6257602438e-07
998,adam,3.6122655997e-07,1.1712889907e+00,3.6122655997e-07
999,adam,3.5992326519e-07,1.1712889907e+00,3.5992326519e-07
1000,adam,3.5874203183e-07,1.1712889907e+00,3.5874203183e-07
1001,adam,3.5767628761e-07,1.1712889907e+00,3.5767628761e-07
1002,adam,3.5661643744e-07,1.1712889907e+00,3.5661643744e-07
1003,adam,3.5550245626e-07,1.1712889907e+00,3.5550245626e-07
1004,adam,3.5434110455e-07,1.1712889907e+00,3.5434110455e-07
1005,adam,3.5326269232e-07,1.1712889907e+00,3.5326269232e-07
1006,adam,3.5229005111e-07,1.1712889907e+00,3.5229005111e-07
1007,adam,3.5123722801e-07,1.1712889907e+00,3.5123722801e-07
1008,adam,3.5012293200e-07,1.1712889907e+00,3.5012293200e-07
1009,adam,3.4907802440e-07,1.1712889907e+00,3.4907802440e-07
1010,adam,3.4793195178e-07,1.1712889907e+00,3.4793195178e-07
1011,adam,3.4668703210e-07,1.1712889907e+00,3.4668703210e-07
1012,adam,3.4548054199e-07,1.1712889907e+00,3.4548054199e-07
1013,adam,3.4436535686e-07,1.1712889907e+00,3.4436535686e-07
1014,adam,3.4343536312e-07,1.1712889907e+00,3.4343536312e-07
1015,adam,3.4255369935e-07,1.1712889907e+00,3.4255369935e-07
1016,adam,3.4164234458e-07,1.1712889907e+00,3.4164234458e-07
1017,adam,3.4088507574e-07,1.1712889907e+00,3.4088507574e-07
1018,adam,3.4016217213e-07,1.1712889907e+00,3.4016217213e-07
1019,adam,3.3940192050e-07,1.1712889907e+00,3.3940192050e-07
1020,adam,3.3872341871e-07,1.1712889907e+00,3.3872341871e-07
1021,adam,3.3797053420e-07,1.1712889907e+00,3.3797053420e-07
1022,adam,3.3727955760e-07,1.1712889907e+00,3.3727955760e-07
1023,adam,3.3661759576e-07,1.1712889907e+00,3.3661759576e-07
1024,adam,3.3600457243e-07,1.1712889907e+00,3.3600457243e-07
1025,adam,3.3548580566e-07,1.1712889907e+00,3.3548580566e-07
1026,adam,3.3498746383e-07,1.1712889907e+00,3.3498746383e-07
1027,adam,3.3446150401e-07,1.1712889907e+00,3.3446150401e-07
1028,adam,3.3399868682e-07,1.1712889907e+00,3.3399868682e-07
1029,adam,3.3355729729e-07,1.1712889907e+00,3.3355729729e-07
1030,adam,3.3329402461e-07,1.1712889907e+00,3.3329402461e-07
1031,adam,3.3302813848e-07,1.1712889907e+00,3.3302813848e-07
1032,adam,3.3276722496e-07,1.1712889907e+00,3.3276722496e-07
1033,adam,3.3252041503e-07,1.1712889907e+00,3.3252041503e-07
1034,adam,3.3216538092e-07,1.1712889907e+00,3.3216538092e-07
1035,adam,3.3168892170e-07,1.1712889907e+00,3.3168892170e-07
1036,adam,3.3116344705e-07,1.1712889907e+00,3.3116344705e-07
1037,adam,3.3054361018e-07,1.1712889907e+00,3.3054361018e-07
1038,adam,3.2991903963e-07,1.1712889907e+00,3.2991903963e-07
1039,adam,3.2941409725e-07,1.1712889907e+00,3.2941409725e-07
1040,adam,3.2901658805e-07,1.1712889907e+00,3.2901658805e-07
1041,adam,3.2867981568e-07,1.1712889907e+00,3.2867981568e-07
1042,adam,3.2825540668e-07,1.1712889907e+00,3.2825540668e-07
1043,adam,3.2779414328e-07,1.1712889907e+00,3.2779414328e-07
1044,adam,3.2729250979e-07,1.1712889907e+00,3.2729250979e-07
1045,adam,3.2663593816e-07,1.1712889907e+00,3.2663593816e-07
1046,adam,3.2590810590e-07,1.1712889907e+00,3.2590810590e-07
1047,adam,3.2535031891e-07,1.1712889907e+00,3.2535031891e-07
1048,adam,3.2471903549e-07,1.1712889907e+00,3.2471903549e-07
1049,adam,3.2393104577e-07,1.1712889907e+00,3.2393104577e-07
1050,adam,3.2314263254e-07,1.1712889907e+00,3.2314263254e-07
1051,adam,3.2235109660e-07,1.1712889907e+00,3.2235109660e-07
1052,adam,3.2169726897e-07,1.1712889907e+00,3.2169726897e-07
1053,adam,3.2107220489e-07,1.1712889907e+00,3.2107220489e-07
1054,adam,3.2030313091e-07,1.1712889907e+00,3.2030313091e-07
1055,adam,3.1940521719e-07,1.1712889907e+00,3.1940521719e-07
1056,adam,3.1847736880e-07,1.1712889907e+00,3.1847736880e-07
1057,adam,3.1751349146e-07,1.1712889907e+00,3.1751349146e-07
1058,adam,3.1663401877e-07,1.1712889907e+00,3.1663401877e-07
1059,adam,3.1583912685e-07,1.1712889907e+00,3.1583912685e-07
1060,adam,3.1497338463e-07,1.1712889907e+00,3.1497338463e-07
1061,adam,3.1415462560e-07,1.1712889907e+00,3.1415462560e-07
1062,adam,3.1338807939e-07,1.1712889907e+00,3.1338807939e-07
1063,adam,3.1265888141e-07,1.1712889907e+00,3.1265888141e-07
1064,adam,3.1189286643e-07,1.1712889907e+00,3.1189286643e-07
1065,adam,3.1107852654e-07,1.1712889907e+00,3.1107852654e-07
1066,adam,3.1031759757e-07,1.1712889907e+00,3.1031759757e-07
1067,adam,3.0971511736e-07,1.1712889907e+00,3.0971511736e-07
1068,adam,3.0899611849e-07,1.1712889907e+00,3.0899611849e-07
1069,adam,3.0824083241e-07,1.1712889907e+00,3.0824083241e-07
1070,adam,3.0745872555e-07,1.1712889907e+00,3.0745872555e-07
1071,adam,3.0664364221e-07,1.1712889907e+00,3.0664364221e-07
1072,adam,3.0585714629e-07,1.1712889907e+00,3.0585714629e-07
1073,adam,3.0509391314e-07,1.1712889907e+00,3.0509391314e-07
1074,adam,3.0407954118e-07,1.1712889907e+00,3.0407954118e-07
1075,adam,3.0311412520e-07,1.1712889907e+00,3.0311412520e-07
1076,adam,3.0226194532e-07,1.1712889907e+00,3.0226194532e-07
1077,adam,3.0138342899e-07,1.1712889907e+00,3.0138342899e-07
1078,adam,3.0051764008e-07,1.1712889907e+00,3.0051764008e-07
1079,adam,2.9980907816e-07,1.1712889907e+00,2.9980907816e-07
1080,adam,2.9902523227e-07,1.1712889907e+00,2.9902523227e-07
1081,adam,2.9830925143e-07,1.1712889907e+00,2.9830925143e-07
1082,adam,2.9767533735e-07,1.1712889907e+00,2.9767533735e-07
1083,adam,2.9706096376e-07,1.1712889907e+00,2.9706096376e-07
1084,adam,2.9644444695e-07,1.1712889907e+00,2.9644444695e-07
1085,adam,2.9565590053e-07,1.1712889907e+00,2.9565590053e-07
1086,adam,2.9493011857e-07,1.1712889907e+00,2.9493011857e-07
1087,adam,2.9439118999e-07,1.1712889907e+00,2.9439118999e-07
1088,adam,2.9395929699e-07,1.1712889907e+00,2.9395929699e-07
1089,adam,2.9343820396e-07,1.1712889907e+00,2.9343820396e-07
1090,adam,2.9284799729e-07,1.1712889907e+00,2.9284799729e-07
1091,adam,2.9230900623e-07,1.1712889907e+00,2.9230900623e-07
1092,adam,2.9161474464e-07,1.1712889907e+00,2.9161474464e-07
1093,adam,2.9079845901e-07,1.1712889907e+00,2.9079845901e-07
1094,adam,2.9002771691e-07,1.1712889907e+00,2.9002771691e-07
1095,adam,2.8923995426e-07,1.1712889907e+00,2.8923995426e-07
1096,adam,2.8832304972e-07,1.1712889907e+00,2.8832304972e-07
1097,adam,2.8747104295e-07,1.1712889907e+00,2.8747104295e-07
1098,adam,2.8669006931e-07,1.1712889907e+00,2.8669006931e-07
1099,adam,2.8587077445e-07,1.1712889907e+00,2.8587077445e-07
1100,adam,2.8511740509e-07,1.1712889907e+00,2.8511740509e-07
1101,adam,2.8460388938e-07,1.1712889907e+00,2.8460388938e-07
1102,adam,2.8415642494e-07,1.1712889907e+00,2.8415642494e-07
1103,adam,2.8380621872e-07,1.1712889907e+00,2.8380621872e-07
1104,adam,2.8347711253e-07,1.1712889907e+00,2.8347711253e-07
1105,adam,2.8304439328e-07,1.1712889907e+00,2.8304439328e-07
1106,adam,2.8242151258e-07,1.1712889907e+00,2.8242151258e-07
1107,adam,2.8167602067e-07,1.1712889907e+00,2.8167602067e-07
1108,adam,2.8088017107e-07,1.1712889907e+00,2.8088017107e-07
1109,adam,2.8012309956e-07,1.1712889907e+00,2.8012309956e-07
1110,adam,2.7938693791e-07,1.1712889907e+00,2.7938693791e-07
1111,adam,2.7872655953e-07,1.1712889907e+00,2.7872655953e-07
1112,adam,2.7810871995e-07,1.1712889907e+00,2.7810871995e-07
1113,adam,2.7749276869e-07,1.1712889907e+00,2.7749276869e-07
1114,adam,2.7692342546e-07,1.1712889907e+00,2.7692342546e-07
1115,adam,2.7629161988e-07,1.1712889907e+00,2.7629161988e-07
1116,adam,2.7550881001e-07,1.1712889907e+00,2.7550881001e-07
1117,adam,2.7478875750e-07,1.1712889907e+00,2.7478875750e-07
1118,adam,2.7395705069e-07,1.1712889907e+00,2.7395705069e-07
1119,adam,2.7317159759e-07,1.1712889907e+00,2.7317159759e-07
1120,adam,2.7243968110e-07,1.1712889907e+00,2.7243968110e-07
1121,adam,2.7172447063e-07,1.1712889907e+00,2.7172447063e-07
1122,adam,2.7106627294e-07,1.1712889907e+00,2.7106627294e-07
1123,adam,2.7048024599e-07,1.1712889907e+00,2.7048024599e-07
1124,adam,2.7007980039e-07,1.1712889907e+00,2.7007980039e-07
1125,adam,2.6965751477e-07,1.1712889907e+00,2.6965751477e-07
1126,adam,2.6919316269e-07,1.1712889907e+00,2.6919316269e-07
1127,adam,2.6882051464e-07,1.1712889907e+00,2.6882051464e-07
1128,adam,2.6847746977e-07,1.1712889907e+00,2.6847746977e-07
1129,adam,2.6814943085e-07,1.1712889907e+00,2.6814943085e-07
1130,adam,2.6787000953e-07,1.1712889907e+00,2.6787000953e-07
1131,adam,2.6758077538e-07,1.1712889907e+00,2.6758077538e-07
1132,adam,2.6724637988e-07,1.1712889907e+00,2.6724637988e-07
1133,adam,2.6693968359e-07,1.1712889907e+00,2.6693968359e-07
1134,adam,2.6664069761e-07,1.1712889907e+00,2.6664069761e-07
1135,adam,2.6644636202e-07,1.1712889907e+00,2.6644636202e-07
1136,adam,2.6615639956e-07,1.1712889907e+00,2.6615639956e-07
1137,adam,2.6587607641e-07,1.1712889907e+00,2.6587607641e-07
1138,adam,2.6564292483e-07,1.1712889907e+00,2.6564292483e-07
1139,adam,2.6546068474e-07,1.1712889907e+00,2.6546068474e-07
1140,adam,2.6539323761e-07,1.1712889907e+00,2.6539323761e-07
1141,adam,2.6538043799e-07,1.1712889907e+00,2.6538043799e-07
1142,adam,2.6541281238e-07,1.1712889907e+00,2.6541281238e-07
1143,adam,2.6545074419e-07,1.1712889907e+00,2.6545074419e-07
1144,adam,2.6533251231e-07,1.1712889907e+00,2.6533251231e-07
1145,adam,2.6511160190e-07,1.1712889907e+00,2.6511160190e-07
1146,adam,2.6489835750e-07,1.1712889907e+00,2.6489835750e-07
1147,adam,2.6454474434e-07,1.1712889907e+00,2.6454474434e-07
1148,adam,2.6428189446e-07,1.1712889907e+00,2.6428189446e-07
1149,adam,2.6392544782e-07,1.1712889907e+00,2.6392544782e-07
1150,adam,2.6352486064e-07,1.1712889907e+00,2.6352486064e-07
1151,adam,2.6312922642e-07,1.1712889907e+00,2.6312922642e-07
1152,adam,2.6271872881e-07,1.1712889907e+00,2.6271872881e-07
1153,adam,2.6222302681e-07,1.1712889907e+00,2.6222302681e-07
1154,adam,2.6173341372e-07,1.1712889907e+00,2.6173341372e-07
1155,adam,2.6113621046e-07,1.1712889907e+00,2.6113621046e-07
1156,adam,2.6050486023e-07,1.1712889907e+00,2.6050486023e-07
1157,adam,2.5986344660e-07,1.1712889907e+00,2.5986344660e-07
1158,adam,2.5930991862e-07,1.1712889907e+00,2.5930991862e-07
1159,adam,2.5889936349e-07,1.1712889907e+00,2.5889936349e-07
1160,adam,2.5853687669e-07,1.1712889907e+00,2.5853687669e-07
1161,adam,2.5813756052e-07,1.1712889907e+00,2.5813756052e-07
1162,adam,2.5772768133e-07,1.1712889907e+00,2.5772768133e-07
1163,adam,2.5737049007e-07,1.1712889907e+00,2.5737049007e-07
1164,adam,2.5701982285e-07,1.1712889907e+00,2.5701982285e-07
1165,adam,2.5656664919e-07,1.1712889907e+00,2.5656664919e-07
1166,adam,2.5606946161e-07,1.1712889907e+00,2.5606946161e-07
1167,adam,2.5574418912e-07,1.1712889907e+00,2.5574418912e-07
1168,adam,2.5537479755e-07,1.1712889907e+00,2.5537479755e-07
1169,adam,2.5505481033e-07,1.1712889907e+00,2.5505481033e-07
1170,adam,2.5478925239e-07,1.1712889907e+00,2.5478925239e-07
1171,adam,2.5450837314e-07,1.1712889907e+00,2.5450837314e-07
1172,adam,2.5433361342e-07,1.1712889907e+00,2.5433361342e-07
1173,adam,2.5411772592e-07,1.1712889907e+00,2.5411772592e-07
1174,adam,2.5381341250e-07,1.1712889907e+00,2.5381341250e-07
1175,adam,2.5355582164e-07,1.1712889907e+00,2.5355582164e-07
1176,adam,2.5330489845e-07,1.1712889907e+00,2.5330489845e-07
1177,adam,2.5307824568e-07,1.1712889907e+00,2.5307824568e-07
1178,adam,2.5288154032e-07,1.1712889907e+00,2.5288154032e-07
1179,adam,2.5264011556e-07,1.1712889907e+00,2.5264011556e-07
1180,adam,2.5243069746e-07,1.1712889907e+00,2.5243069746e-07
1181,adam,2.5219792554e-07,1.1712889907e+00,2.5219792554e-07
1182,adam,2.5190068688e-07,1.1712889907e+00,2.5190068688e-07
1183,adam,2.5162355173e-07,1.1712889907e+00,2.5162355173e-07
1184,adam,2.5133243376e-07,1.1712889907e+00,2.5133243376e-07
1185,adam,2.5096873524e-07,1.1712889907e+00,2.5096873524e-07
1186,adam,2.5071818765e-07,1.1712889907e+00,2.5071818765e-07
1187,adam,2.5058357064e-07,1.1712889907e+00,2.5058357064e-07
1188,adam,2.5039971450e-07,1.1712889907e+00,2.5039971450e-07
1189,adam,2.5006039806e-07,1.1712889907e+00,2.5006039806e-07
1190,adam,2.4968260751e-07,1.1712889907e+00,2.4968260751e-07
1191,adam,2.4930148613e-07,1.1712889907e+00,2.4930148613e-07
1192,adam,2.4883803884e-07,1.1712889907e+00,2.4883803884e-07
1193,adam,2.4851488491e-07,1.1712889907e+00,2.4851488491e-07
1194,adam,2.4827756464e-07,1.1712889907e+00,2.4827756464e-07
1195,adam,2.4813812724e-07,1.1712889907e+00,2.4813812724e-07
1196,adam,2.4791419978e-07,1.1712889907e+00,2.4791419978e-07
1197,adam,2.4769399192e-07,1.1712889907e+00,2.4769399192e-07
1198,adam,2.4733848823e-07,1.1712889907e+00,2.4733848823e-07
1199,adam,2.4683093535e-07,1.1712889907e+00,2.4683093535e-07
1200,adam,2.4630115572e-07,1.1712889907e+00,2.4630115572e-07
1201,adam,2.4582588243e-07,1.1712889907e+00,2.4582588243e-07
1202,adam,2.4535837263e-07,1.1712889907e+00,2.4535837263e-07
1203,adam,2.4489514231e-07,1.1712889907e+00,2.4489514231e-07
1204,adam,2.4444872853e-07,1.1712889907e+00,2.4444872853e-07
1205,adam,2.4402915502e-07,1.1712889907e+00,2.4402915502e-07
1206,adam,2.4354224541e-07,1.1712889907e+00,2.4354224541e-07
1207,adam,2.4309371942e-07,1.1712889907e+00,2.4309371942e-07
1208,adam,2.4271314606e-07,1.1712889907e+00,2.4271314606e-07
1209,adam,2.4233811779e-07,1.1712889907e+00,2.4233811779e-07
1210,adam,2.4198693739e-07,1.1712889907e+00,2.4198693739e-07
1211,adam,2.4177217819e-07,1.1712889907e+00,2.4177217819e-07
1212,adam,2.4162407663e-07,1.1712889907e+00,2.4162407663e-07
1213,adam,2.4129243750e-07,1.1712889907e+00,2.4129243750e-07
1214,adam,2.4097747399e-07,1.1712889907e+00,2.4097747399e-07
1215,adam,2.4070821544e-07,1.1712889907e+00,2.4070821544e-07
1216,adam,2.4047660060e-07,1.1712889907e+00,2.4047660060e-07
1217,adam,2.4041812617e-07,1.1712889907e+00,2.4041812617e-07
1218,adam,2.4036907350e-07,1.1712889907e+00,2.4036907350e-07
1219,adam,2.4014870118e-07,1.1712889907e+00,2.4014870118e-07
1220,adam,2.3985564080e-07,1.1712889907e+00,2.3985564080e-07
1221,adam,2.3949390690e-07,1.1712889907e+00,2.3949390690e-07
1222,adam,2.3918249609e-07,1.1712889907e+00,2.3918249609e-07
1223,adam,2.3881071289e-07,1.1712889907e+00,2.3881071289e-07
1224,adam,2.3831945521e-07,1.1712889907e+00,2.3831945521e-07
1225,adam,2.3787386339e-07,1.1712889907e+00,2.3787386339e-07
1226,adam,2.3743895430e-07,1.1712889907e+00,2.3743895430e-07
1227,adam,2.3718994484e-07,1.1712889907e+00,2.3718994484e-07
1228,adam,2.3692219237e-07,1.1712889907e+00,2.3692219237e-07
1229,adam,2.3656665785e-07,1.1712889907e+00,2.3656665785e-07
1230,adam,2.3634212520e-07,1.1712889907e+00,2.3634212520e-07
1231,adam,2.3629395007e-07,1.1712889907e+00,2.3629395007e-07
1232,adam,2.3621273153e-07,1.1712889907e+00,2.3621273153e-07
1233,adam,2.3597953667e-07,1.1712889907e+00,2.3597953667e-07
1234,adam,2.3563419376e-07,1.1712889907e+00,2.3563419376e-07
1235,adam,2.3527032855e-07,1.1712889907e+00,2.3527032855e-07
1236,adam,2.3496997270e-07,1.1712889907e+00,2.3496997270e-07
1237,adam,2.3467702473e-07,1.1712889907e+00,2.3467702473e-07
1238,adam,2.3433886141e-07,1.1712889907e+00,2.3433886141e-07
1239,adam,2.3400724368e-07,1.1712889907e+00,2.3400724368e-07
1240,adam,2.3367335916e-07,1.1712889907e+00,2.3367335916e-07
1241,adam,2.3328484363e-07,1.1712889907e+00,2.3328484363e-07
1242,adam,2.3277785374e-07,1.1712889907e+00,2.3277785374e-07
1243,adam,2.3226185203e-07,1.1712889907e+00,2.3226185203e-07
1244,adam,2.3166043512e-07,1.1712889907e+00,2.3166043512e-07
1245,adam,2.3115402453e-07,1.1712889907e+00,2.3115402453e-07
1246,adam,2.3081339222e-07,1.1712889907e+00,2.3081339222e-07
1247,adam,2.3048767631e-07,1.1712889907e+00,2.3048767631e-07
1248,adam,2.3021040233e-07,1.1712889907e+00,2.3021040233e-07
1249,adam,2.2983668102e-07,1.1712889907e+00,2.2983668102e-07
1250,adam,2.2941300307e-07,1.1712889907e+00,2.2941300307e-07
1251,adam,2.2909727878e-07,1.1712889907e+00,2.2909727878e-07
1252,adam,2.2868601142e-07,1.1712889907e+00,2.2868601142e-07
1253,adam,2.2815725815e-07,1.1712889907e+00,2.2815725815e-07
1254,adam,2.2765791498e-07,1.1712889907e+00,2.2765791498e-07
1255,adam,2.2707009113e-07,1.1712889907e+00,2.2707009113e-07
1256,adam,2.2639454644e-07,1.1712889907e+00,2.2639454644e-07
1257,adam,2.2567763988e-07,1.1712889907e+00,2.2567763988e-07
1258,adam,2.2483007258e-07,1.1712889907e+00,2.2483007258e-07
1259,adam,2.2385344353e-07,1.1712889907e+00,2.2385344353e-07
1260,adam,2.2282402530e-07,1.1712889907e+00,2.2282402530e-07
1261,adam,2.2184576051e-07,1.1712889907e+00,2.2184576051e-07
1262,adam,2.2088352062e-07,1.1712889907e+00,2.2088352062e-07
1263,adam,2.2008521889e-07,1.1712889907e+00,2.2008521889e-07
1264,adam,2.1928903884e-07,1.1712889907e+00,2.1928903884e-07
1265,adam,2.1845953896e-07,1.1712889907e+00,2.1845953896e-07
1266,adam,2.1758273973e-07,1.1712889907e+00,2.1758273973e-07
1267,adam,2.1681975025e-07,1.1712889907e+00,2.1681975025e-07
1268,adam,2.1609570028e-07,1.1712889907e+00,2.1609570028e-07
1269,adam,2.1546693433e-07,1.1712889907e+00,2.1546693433e-07
1270,adam,2.1502086944e-07,1.1712889907e+00,2.1502086944e-07
1271,adam,2.1458625044e-07,1.1712889907e+00,2.1458625044e-07
1272,adam,2.1426064193e-07,1.1712889907e+00,2.1426064193e-07
1273,adam,2.1398328697e-07,1.1712889907e+00,2.1398328697e-07
1274,adam,2.1371076210e-07,1.1712889907e+00,2.1371076210e-07
1275,adam,2.1346033931e-07,1.1712889907e+00,2.1346033931e-07
1276,adam,2.1319074451e-07,1.1712889907e+00,2.1319074451e-07
1277,adam,2.1294312310e-07,1.1712889907e+00,2.1294312310e-07
1278,adam,2.1260656217e-07,1.1712889907e+00,2.1260656217e-07
1279,adam,2.1228362049e-07,1.1712889907e+00,2.1228362049e-07
1280,adam,2.1181616490e-07,1.1712889907e+00,2.1181616490e-07
1281,adam,2.1131511589e-07,1.1712889907e+00,2.1131511589e-07
1282,adam,2.1088811318e-07,1.1712889907e+00,2.1088811318e-07
1283,adam,2.1044251608e-07,1.1712889907e+00,2.1044251608e-07
1284,adam,2.0991251463e-07,1.1712889907e+00,2.0991251463e-07
1285,adam,2.0934969230e-07,1.1712889907e+00,2.0934969230e-07
1286,adam,2.0874228747e-07,1.1712889907e+00,2.0874228747e-07
1287,adam,2.0802969816e-07,1.1712889907e+00,2.0802969816e-07
1288,adam,2.0736606391e-07,1.1712889907e+00,2.0736606391e-07
1289,adam,2.0677362810e-07,1.1712889907e+00,2.0677362810e-07
1290,adam,2.0623840267e-07,1.1712889907e+00,2.0623840267e-07
1291,adam,2.0570822395e-07,1.1712889907e+00,2.0570822395e-07
1292,adam,2.0519450283e-07,1.1712889907e+00,2.0519450283e-07
1293,adam,2.0447589667e-07,1.1712889907e+00,2.0447589667e-07
1294,adam,2.0379983148e-07,1.1712889907e+00,2.0379983148e-07
1295,adam,2.0312783284e-07,1.1712889907e+00,2.0312783284e-07
1296,adam,2.0248677141e-07,1.1712889907e+00,2.0248677141e-07
1297,adam,2.0193654653e-07,1.1712889907e+00,2.0193654653e-07
1298,adam,2.0138991203e-07,1.1712889907e+00,2.0138991203e-07
1299,adam,2.0078830859e-07,1.1712889907e+00,2.0078830859e-07
1300,adam,2.0016336345e-07,1.1712889907e+00,2.0016336345e-07
1301,adam,1.9957370016e-07,1.1712889907e+00,1.9957370016e-07
1302,adam,1.9896033240e-07,1.1712889907e+00,1.9896033240e-07
1303,adam,1.9850153243e-07,1.1712889907e+00,1.9850153243e-07
1304,adam,1.9814221233e-07,1.1712889907e+00,1.9814221233e-07
1305,adam,1.9783531637e-07,1.1712889907e+00,1.9783531637e-07
1306,adam,1.9753807580e-07,1.1712889907e+00,1.9753807580e-07
1307,adam,1.9735429929e-07,1.1712889907e+00,1.9735429929e-07
1308,adam,1.9712589633e-07,1.1712889907e+00,1.9712589633e-07
1309,adam,1.9684544594e-07,1.1712889907e+00,1.9684544594e-07
1310,adam,1.9651297845e-07,1.1712889907e+00,1.9651297845e-07
1311,adam,1.9622463266e-07,1.1712889907e+00,1.9622463266e-07
1312,adam,1.9598318349e-07,1.1712889907e+00,1.9598318349e-07
1313,adam,1.9582182506e-07,1.1712889907e+00,1.9582182506e-07
1314,adam,1.9572477187e-07,1.1712889907e+00,1.9572477187e-07
1315,adam,1.9556141472e-07,1.1712889907e+00,1.9556141472e-07
1316,adam,1.9535402635e-07,1.1712889907e+00,1.9535402635e-07
1317,adam,1.9511345582e-07,1.1712889907e+00,1.9511345582e-07
1318,adam,1.9481472412e-07,1.1712889907e+00,1.9481472412e-07
1319,adam,1.9460251061e-07,1.1712889907e+00,1.9460251061e-07
1320,adam,1.9442428843e-07,1.1712889907e+00,1.9442428843e-07
1321,adam,1.9430123635e-07,1.1712889907e+00,1.9430123635e-07
1322,adam,1.9417009896e-07,1.1712889907e+00,1.9417009896e-07
1323,adam,1.9412032986e-07,1.1712889907e+00,1.9412032986e-07
1324,adam,1.9400569876e-07,1.1712889907e+00,1.9400569876e-07
1325,adam,1.9390095796e-07,1.1712889907e+00,1.9390095796e-07
1326,adam,1.9379036064e-07,1.1712889907e+00,1.9379036064e-07
1327,adam,1.9360164151e-07,1.1712889907e+00,1.9360164151e-07
1328,adam,1.9337135371e-07,1.1712889907e+00,1.9337135371e-07
1329,adam,1.9308515712e-07,1.1712889907e+00,1.9308515712e-07
1330,adam,1.9264155326e-07,1.1712889907e+00,1.9264155326e-07
1331,adam,1.9220906116e-07,1.1712889907e+00,1.9220906116e-07
1332,adam,1.9176279588e-07,1.1712889907e+00,1.9176279588e-07
1333,adam,1.9128745233e-07,1.1712889907e+00,1.9128745233e-07
1334,adam,1.9083084545e-07,1.1712889907e+00,1.9083084545e-07
1335,adam,1.9039232883e-07,1.1712889907e+00,1.9039232883e-07
1336,adam,1.8995660510e-07,1.1712889907e+00,1.8995660510e-07
1337,adam,1.8963152543e-07,1.1712889907e+00,1.8963152543e-07
1338,adam,1.8932433797e-07,1.1712889907e+00,1.8932433797e-07
1339,adam,1.8912053477e-07,1.1712889907e+00,1.8912053477e-07
1340,adam,1.8894715232e-07,1.1712889907e+00,1.8894715232e-07
1341,adam,1.8863925773e-07,1.1712889907e+00,1.8863925773e-07
1342,adam,1.8833962759e-07,1.1712889907e+00,1.8833962759e-07
1343,adam,1.8809077959e-07,1.1712889907e+00,1.8809077959e-07
1344,adam,1.8780169789e-07,1.1712889907e+00,1.8780169789e-07
1345,adam,1.8754811305e-07,1.1712889907e+00,1.8754811305e-07
1346,adam,1.8727500400e-07,1.1712889907e+00,1.8727500400e-07
1347,adam,1.8699672203e-07,1.1712889907e+00,1.8699672203e-07
1348,adam,1.8674774589e-07,1.1712889907e+00,1.8674774589e-07
1349,adam,1.8660179896e-07,1.1712889907e+00,1.8660179896e-07
1350,adam,1.8643737279e-07,1.1712889907e+00,1.8643737279e-07
1351,adam,1.8623555535e-07,1.1712889907e+00,1.8623555535e-07
1352,adam,1.8600420850e-07,1.1712889907e+00,1.8600420850e-07
1353,adam,1.8578922740e-07,1.1712889907e+00,1.8578922740e-07
1354,adam,1.8554894395e-07,1.1712889907e+00,1.8554894395e-07
1355,adam,1.8528221509e-07,1.1712889907e+00,1.8528221509e-07
1356,adam,1.8498898249e-07,1.1712889907e+00,1.8498898249e-07
1357,adam,1.8469739860e-07,1.1712889907e+00,1.8469739860e-07
1358,adam,1.8420742235e-07,1.1712889907e+00,1.8420742235e-07
1359,adam,1.8371614453e-07,1.1712889907e+00,1.8371614453e-07
1360,adam,1.8333000946e-07,1.1712889907e+00,1.8333000946e-07
1361,adam,1.8286736585e-07,1.1712889907e+00,1.8286736585e-07
1362,adam,1.8237504317e-07,1.1712889907e+00,1.8237504317e-07
1363,adam,1.8201936715e-07,1.1712889907e+00,1.8201936715e-07
1364,adam,1.8188378232e-07,1.1712889907e+00,1.8188378232e-07
1365,adam,1.8181329547e-07,1.1712889907e+00,1.8181329547e-07
1366,adam,1.8174362941e-07,1.1712889907e+00,1.8174362941e-07
1367,adam,1.8156227721e-07,1.1712889907e+00,1.8156227721e-07
1368,adam,1.8152785935e-07,1.1712889907e+00,1.8152785935e-07
1369,adam,1.8141273317e-07,1.1712889907e+00,1.8141273317e-07
1370,adam,1.8150170920e-07,1.1712889907e+00,1.8150170920e-07
1371,adam,1.8155090877e-07,1.1712889907e+00,1.8155090877e-07
1372,adam,1.8169684449e-07,1.1712889907e+00,1.8169684449e-07
1373,adam,1.8168748950e-07,1.1712889907e+00,1.8168748950e-07
1374,adam,1.8176405514e-07,1.1712889907e+00,1.8176405514e-07
1375,adam,1.8186577488e-07,1.1712889907e+00,1.8186577488e-07
1376,adam,1.8213260201e-07,1.1712889907e+00,1.8213260201e-07
1377,adam,1.8232422054e-07,1.1712889907e+00,1.8232422054e-07
1378,adam,1.8249280006e-07,1.1712889907e+00,1.8249280006e-07
1379,adam,1.8253175909e-07,1.1712889907e+00,1.8253175909e-07
1380,adam,1.8263539447e-07,1.1712889907e+00,1.8263539447e-07
1381,adam,1.8249151234e-07,1.1712889907e+00,1.8249151234e-07
1382,adam,1.8254608140e-07,1.1712889907e+00,1.8254608140e-07
1383,adam,1.8250378294e-07,1.1712889907e+00,1.8250378294e-07
1384,adam,1.8265017116e-07,1.1712889907e+00,1.8265017116e-07
1385,adam,1.8274835123e-07,1.1712889907e+00,1.8274835123e-07
1386,adam,1.8313501469e-07,1.1712889907e+00,1.8313501469e-07
1387,adam,1.8341722122e-07,1.1712889907e+00,1.8341722122e-07
1388,adam,1.8430964587e-07,1.1712889907e+00,1.8430964587e-07
1389,adam,1.8498054952e-07,1.1712889907e+00,1.8498054952e-07
1390,adam,1.8654201670e-07,1.1712889907e+00,1.8654201670e-07
1391,adam,1.8809203327e-07,1.1712889907e+00,1.8809203327e-07
1392,adam,1.9136448663e-07,1.1712889907e+00,1.9136448663e-07
1393,adam,1.9520206336e-07,1.1712889907e+00,1.9520206336e-07
1394,adam,2.0211932451e-07,1.1712889907e+00,2.0211932451e-07
1395,adam,2.1140011074e-07,1.1712889907e+00,2.1140011074e-07
1396,adam,2.2692448608e-07,1.1712889907e+00,2.2692448608e-07
1397,adam,2.4864543734e-07,1.1712889907e+00,2.4864543734e-07
1398,adam,2.8533316397e-07,1.1712889907e+00,2.8533316397e-07
1399,adam,3.4013202019e-07,1.1712889907e+00,3.4013202019e-07
1400,adam,4.2395917744e-07,1.1712889907e+00,4.2395917744e-07
1401,adam,5.5065598268e-07,1.1712889907e+00,5.5065598268e-07
1402,adam,7.0851171925e-07,1.1712889907e+00,7.0851171925e-07
1403,adam,9.4658051725e-07,1.1712889907e+00,9.4658051725e-07
1404,adam,1.0980994414e-06,1.1712889907e+00,1.0980994414e-06
1405,adam,1.2015244001e-06,1.1712889907e+00,1.2015244001e-06
1406,adam,9.8221096678e-07,1.1712889907e+00,9.8221096678e-07
1407,adam,6.3059271778e-07,1.1712889907e+00,6.3059271778e-07
1408,adam,2.7698442852e-07,1.1712889907e+00,2.7698442852e-07
1409,adam,1.9336671369e-07,1.1712889907e+00,1.9336671369e-07
1410,adam,3.5946571396e-07,1.1712889907e+00,3.5946571396e-07
1411,adam,5.2727093179e-07,1.1712889907e+00,5.2727093179e-07
1412,adam,5.2158125343e-07,1.1712889907e+00,5.2158125343e-07
1413,adam,3.2406678587e-07,1.1712889907e+00,3.2406678587e-07
1414,adam,1.8779527684e-07,1.1712889907e+00,1.8779527684e-07
1415,adam,2.2918188711e-07,1.1712889907e+00,2.2918188711e-07
1416,adam,3.4660892340e-07,1.1712889907e+00,3.4660892340e-07
1417,adam,3.8269470749e-07,1.1712889907e+00,3.8269470749e-07
1418,adam,2.8758304153e-07,1.1712889907e+00,2.8758304153e-07
1419,adam,1.8777410813e-07,1.1712889907e+00,1.8777410813e-07
1420,adam,1.9042514570e-07,1.1712889907e+00,1.9042514570e-07
1421,adam,2.6417752554e-07,1.1712889907e+00,2.6417752554e-07
1422,adam,3.0271124459e-07,1.1712889907e+00,3.0271124459e-07
1423,adam,2.6109700015e-07,1.1712889907e+00,2.6109700015e-07
1424,adam,1.9386899044e-07,1.1712889907e+00,1.9386899044e-07
1425,adam,1.7339196436e-07,1.1712889907e+00,1.7339196436e-07
1426,adam,2.0654089046e-07,1.1712889907e+00,2.0654089046e-07
1427,adam,2.4181587409e-07,1.1712889907e+00,2.4181587409e-07
1428,adam,2.4253346218e-07,1.1712889907e+00,2.4253346218e-07
1429,adam,2.1117558900e-07,1.1712889907e+00,2.1117558900e-07
1430,adam,1.8016521374e-07,1.1712889907e+00,1.8016521374e-07
1431,adam,1.7228680861e-07,1.1712889907e+00,1.7228680861e-07
1432,adam,1.8687093525e-07,1.1712889907e+00,1.8687093525e-07
1433,adam,2.0859285992e-07,1.1712889907e+00,2.0859285992e-07
1434,adam,2.1458978961e-07,1.1712889907e+00,2.1458978961e-07
1435,adam,2.0325716418e-07,1.1712889907e+00,2.0325716418e-07
1436,adam,1.8269948808e-07,1.1712889907e+00,1.8269948808e-07
1437,adam,1.6937521225e-07,1.1712889907e+00,1.6937521225e-07
1438,adam,1.6888120774e-07,1.1712889907e+00,1.6888120774e-07
1439,adam,1.7775826179e-07,1.1712889907e+00,1.7775826179e-07
1440,adam,1.8842781852e-07,1.1712889907e+00,1.8842781852e-07
1441,adam,1.9405297190e-07,1.1712889907e+00,1.9405297190e-07
1442,adam,1.9371428495e-07,1.1712889907e+00,1.9371428495e-07
1443,adam,1.8633385730e-07,1.1712889907e+00,1.8633385730e-07
1444,adam,1.7817307769e-07,1.1712889907e+00,1.7817307769e-07
1445,adam,1.6886304447e-07,1.1712889907e+00,1.6886304447e-07
1446,adam,1.6397382798e-07,1.1712889907e+00,1.6397382798e-07
1447,adam,1.6298335088e-07,1.1712889907e+00,1.6298335088e-07
1448,adam,1.6485466843e-07,1.1712889907e+00,1.6485466843e-07
1449,adam,1.6893884345e-07,1.1712889907e+00,1.6893884345e-07
1450,adam,1.7171469370e-07,1.1712889907e+00,1.7171469370e-07
1451,adam,1.7474550748e-07,1.1712889907e+00,1.7474550748e-07
1452,adam,1.7567165040e-07,1.1712889907e+00,1.7567165040e-07
1453,adam,1.7589043630e-07,1.1712889907e+00,1.7589043630e-07
1454,adam,1.7421224330e-07,1.1712889907e+00,1.7421224330e-07
1455,adam,1.7256436157e-07,1.1712889907e+00,1.7256436157e-07
1456,adam,1.7027331542e-07,1.1712889907e+00,1.7027331542e-07
1457,adam,1.6959331561e-07,1.1712889907e+00,1.6959331561e-07
1458,adam,1.6797443878e-07,1.1712889907e+00,1.6797443878e-07
1459,adam,1.6795246042e-07,1.1712889907e+00,1.6795246042e-07
1460,adam,1.6745151418e-07,1.1712889907e+00,1.6745151418e-07
1461,adam,1.6860703043e-07,1.1712889907e+00,1.6860703043e-07
1462,adam,1.7004539831e-07,1.1712889907e+00,1.7004539831e-07
1463,adam,1.7336222450e-07,1.1712889907e+00,1.7336222450e-07
1464,adam,1.7699659625e-07,1.1712889907e+00,1.7699659625e-07
1465,adam,1.8430551617e-07,1.1712889907e+00,1.8430551617e-07
1466,adam,1.9481627173e-07,1.1712889907e+00,1.9481627173e-07
1467,adam,2.1356056548e-07,1.1712889907e+00,2.1356056548e-07
1468,adam,2.4133704831e-07,1.1712889907e+00,2.4133704831e-07
1469,adam,2.8217924440e-07,1.1712889907e+00,2.8217924440e-07
1470,adam,3.4173838163e-07,1.1712889907e+00,3.4173838163e-07
1471,adam,4.2237662599e-07,1.1712889907e+00,4.2237662599e-07
1472,adam,5.3858267473e-07,1.1712889907e+00,5.3858267473e-07
1473,adam,6.6247089335e-07,1.1712889907e+00,6.6247089335e-07
1474,adam,7.9754688613e-07,1.1712889907e+00,7.9754688613e-07
1475,adam,8.0463409743e-07,1.1712889907e+00,8.0463409743e-07
1476,adam,7.4781517630e-07,1.1712889907e+00,7.4781517630e-07
1477,adam,5.1906668959e-07,1.1712889907e+00,5.1906668959e-07
1478,adam,2.9187699000e-07,1.1712889907e+00,2.9187699000e-07
1479,adam,1.6353374432e-07,1.1712889907e+00,1.6353374432e-07
1480,adam,2.0140320405e-07,1.1712889907e+00,2.0140320405e-07
1481,adam,3.2696452084e-07,1.1712889907e+00,3.2696452084e-07
1482,adam,3.8753327766e-07,1.1712889907e+00,3.8753327766e-07
1483,adam,3.4085042001e-07,1.1712889907e+00,3.4085042001e-07
1484,adam,2.1743147493e-07,1.1712889907e+00,2.1743147493e-07
1485,adam,1.5657359011e-07,1.1712889907e+00,1.5657359011e-07
1486,adam,1.9587882574e-07,1.1712889907e+00,1.9587882574e-07
1487,adam,2.6521078303e-07,1.1712889907e+00,2.6521078303e-07
1488,adam,2.8601763208e-07,1.1712889907e+00,2.8601763208e-07
1489,adam,2.3270586396e-07,1.1712889907e+00,2.3270586396e-07
1490,adam,1.7079110344e-07,1.1712889907e+00,1.7079110344e-07
1491,adam,1.5734062850e-07,1.1712889907e+00,1.5734062850e-07
1492,adam,1.9317605533e-07,1.1712889907e+00,1.9317605533e-07
1493,adam,2.3118841684e-07,1.1712889907e+00,2.3118841684e-07
1494,adam,2.3057662551e-07,1.1712889907e+00,2.3057662551e-07
1495,adam,1.9693326442e-07,1.1712889907e+00,1.9693326442e-07
1496,adam,1.6241608512e-07,1.1712889907e+00,1.6241608512e-07
1497,adam,1.5637481661e-07,1.1712889907e+00,1.5637481661e-07
1498,adam,1.7540084344e-07,1.1712889907e+00,1.7540084344e-07
1499,adam,1.9722406823e-07,1.1712889907e+00,1.9722406823e-07
1500,adam,2.0202861038e-07,1.1712889907e+00,2.0202861038e-07
1501,adam,1.8801237277e-07,1.1712889907e+00,1.8801237277e-07
1502,adam,1.6667891267e-07,1.1712889907e+00,1.6667891267e-07
1503,adam,1.5484431274e-07,1.1712889907e+00,1.5484431274e-07
1504,adam,1.5885460245e-07,1.1712889907e+00,1.5885460245e-07
1505,adam,1.7166122363e-07,1.1712889907e+00,1.7166122363e-07
1506,adam,1.8200552571e-07,1.1712889907e+00,1.8200552571e-07
1507,adam,1.8109360996e-07,1.1712889907e+00,1.8109360996e-07
1508,adam,1.7254377056e-07,1.1712889907e+00,1.7254377056e-07
1509,adam,1.6109565895e-07,1.1712889907e+00,1.6109565895e-07
1510,adam,1.5531171393e-07,1.1712889907e+00,1.5531171393e-07
1511,adam,1.5691679635e-07,1.1712889907e+00,1.5691679635e-07
1512,adam,1.6312163122e-07,1.1712889907e+00,1.6312163122e-07
1513,adam,1.6878781405e-07,1.1712889907e+00,1.6878781405e-07
1514,adam,1.6942114046e-07,1.1712889907e+00,1.6942114046e-07
1515,adam,1.6620925002e-07,1.1712889907e+00,1.6620925002e-07
1516,adam,1.6013552854e-07,1.1712889907e+00,1.6013552854e-07
1517,adam,1.5579047520e-07,1.1712889907e+00,1.5579047520e-07
1518,adam,1.5482522648e-07,1.1712889907e+00,1.5482522648e-07
1519,adam,1.5666310094e-07,1.1712889907e+00,1.5666310094e-07
1520,adam,1.6042154409e-07,1.1712889907e+00,1.6042154409e-07
1521,adam,1.6332271814e-07,1.1712889907e+00,1.6332271814e-07
1522,adam,1.6510525333e-07,1.1712889907e+00,1.6510525333e-07
1523,adam,1.6394121748e-07,1.1712889907e+00,1.6394121748e-07
1524,adam,1.6142135944e-07,1.1712889907e+00,1.6142135944e-07
1525,adam,1.5820121910e-07,1.1712889907e+00,1.5820121910e-07
1526,adam,1.5552971114e-07,1.1712889907e+00,1.5552971114e-07
1527,adam,1.5406774939e-07,1.1712889907e+00,1.5406774939e-07
1528,adam,1.5401730184e-07,1.1712889907e+00,1.5401730184e-07
1529,adam,1.5511227523e-07,1.1712889907e+00,1.5511227523e-07
1530,adam,1.5690804052e-07,1.1712889907e+00,1.5690804052e-07
1531,adam,1.5897517057e-07,1.1712889907e+00,1.5897517057e-07
1532,adam,1.6021524853e-07,1.1712889907e+00,1.6021524853e-07
1533,adam,1.6099264308e-07,1.1712889907e+00,1.6099264308e-07
1534,adam,1.6090169138e-07,1.1712889907e+00,1.6090169138e-07
1535,adam,1.6038018351e-07,1.1712889907e+00,1.6038018351e-07
1536,adam,1.5878880133e-07,1.1712889907e+00,1.5878880133e-07
1537,adam,1.5713852513e-07,1.1712889907e+00,1.5713852513e-07
1538,adam,1.5505503505e-07,1.1712889907e+00,1.5505503505e-07
1539,adam,1.5357966783e-07,1.1712889907e+00,1.5357966783e-07
1540,adam,1.5221065637e-07,1.1712889907e+00,1.5221065637e-07
1541,adam,1.5140960687e-07,1.1712889907e+00,1.5140960687e-07
1542,adam,1.5059394315e-07,1.1712889907e+00,1.5059394315e-07
1543,adam,1.4976222852e-07,1.1712889907e+00,1.4976222852e-07
1544,adam,1.4907173807e-07,1.1712889907e+00,1.4907173807e-07
1545,adam,1.4838787851e-07,1.1712889907e+00,1.4838787851e-07
1546,adam,1.4776761430e-07,1.1712889907e+00,1.4776761430e-07
1547,adam,1.4709169591e-07,1.1712889907e+00,1.4709169591e-07
1548,adam,1.4647804843e-07,1.1712889907e+00,1.4647804843e-07
1549,adam,1.4619200049e-07,1.1712889907e+00,1.4619200049e-07
1550,adam,1.4592094052e-07,1.1712889907e+00,1.4592094052e-07
1551,adam,1.4564466270e-07,1.1712889907e+00,1.4564466270e-07
1552,adam,1.4525160931e-07,1.1712889907e+00,1.4525160931e-07
1553,adam,1.4522120250e-07,1.1712889907e+00,1.4522120250e-07
1554,adam,1.4524909227e-07,1.1712889907e+00,1.4524909227e-07
1555,adam,1.4540902439e-07,1.1712889907e+00,1.4540902439e-07
1556,adam,1.4552945285e-07,1.1712889907e+00,1.4552945285e-07
1557,adam,1.4645673822e-07,1.1712889907e+00,1.4645673822e-07
1558,adam,1.4787374402e-07,1.1712889907e+00,1.4787374402e-07
1559,adam,1.5087960171e-07,1.1712889907e+00,1.5087960171e-07
1560,adam,1.5512976394e-07,1.1712889907e+00,1.5512976394e-07
1561,adam,1.6246039735e-07,1.1712889907e+00,1.6246039735e-07
1562,adam,1.7373213466e-07,1.1712889907e+00,1.7373213466e-07
1563,adam,1.9263646023e-07,1.1712889907e+00,1.9263646023e-07
1564,adam,2.2284058854e-07,1.1712889907e+00,2.2284058854e-07
1565,adam,2.6673016974e-07,1.1712889907e+00,2.6673016974e-07
1566,adam,3.3655791020e-07,1.1712889907e+00,3.3655791020e-07
1567,adam,4.1423223489e-07,1.1712889907e+00,4.1423223489e-07
1568,adam,5.2771077304e-07,1.1712889907e+00,5.2771077304e-07
1569,adam,5.9501666813e-07,1.1712889907e+00,5.9501666813e-07
1570,adam,6.4433360092e-07,1.1712889907e+00,6.4433360092e-07
1571,adam,5.4309301744e-07,1.1712889907e+00,5.4309301744e-07
1572,adam,3.9888251320e-07,1.1712889907e+00,3.9888251320e-07
1573,adam,2.2363101175e-07,1.1712889907e+00,2.2363101175e-07
1574,adam,1.4136005523e-07,1.1712889907e+00,1.4136005523e-07
1575,adam,1.7552672961e-07,1.1712889907e+00,1.7552672961e-07
1576,adam,2.5798066724e-07,1.1712889907e+00,2.5798066724e-07
1577,adam,2.9681189340e-07,1.1712889907e+00,2.9681189340e-07
1578,adam,2.3293611193e-07,1.1712889907e+00,2.3293611193e-07
1579,adam,1.5629456606e-07,1.1712889907e+00,1.5629456606e-07
1580,adam,1.4212422843e-07,1.1712889907e+00,1.4212422843e-07
1581,adam,1.8699759665e-07,1.1712889907e+00,1.8699759665e-07
1582,adam,2.2018002581e-07,1.1712889907e+00,2.2018002581e-07
1583,adam,1.9325774143e-07,1.1712889907e+00,1.9325774143e-07
1584,adam,1.4682100020e-07,1.1712889907e+00,1.4682100020e-07
1585,adam,1.3706105900e-07,1.1712889907e+00,1.3706105900e-07
1586,adam,1.6368160708e-07,1.1712889907e+00,1.6368160708e-07
1587,adam,1.7926539256e-07,1.1712889907e+00,1.7926539256e-07
1588,adam,1.6026840428e-07,1.1712889907e+00,1.6026840428e-07
1589,adam,1.3416466747e-07,1.1712889907e+00,1.3416466747e-07
1590,adam,1.3413234418e-07,1.1712889907e+00,1.3413234418e-07
1591,adam,1.5131003813e-07,1.1712889907e+00,1.5131003813e-07
1592,adam,1.5445728523e-07,1.1712889907e+00,1.5445728523e-07
1593,adam,1.3824316099e-07,1.1712889907e+00,1.3824316099e-07
1594,adam,1.2633196643e-07,1.1712889907e+00,1.2633196643e-07
1595,adam,1.3210560906e-07,1.1712889907e+00,1.3210560906e-07
1596,adam,1.4063686375e-07,1.1712889907e+00,1.4063686375e-07
1597,adam,1.3576617598e-07,1.1712889907e+00,1.3576617598e-07
1598,adam,1.2522367031e-07,1.1712889907e+00,1.2522367031e-07
1599,adam,1.2329368863e-07,1.1712889907e+00,1.2329368863e-07
1600,adam,1.2868382437e-07,1.1712889907e+00,1.2868382437e-07
1601,adam,1.3045607552e-07,1.1712889907e+00,1.3045607552e-07
1602,adam,1.2447402911e-07,1.1712889907e+00,1.2447402911e-07
1603,adam,1.1943751554e-07,1.1712889907e+00,1.1943751554e-07
1604,adam,1.2129631951e-07,1.1712889907e+00,1.2129631951e-07
1605,adam,1.2403200950e-07,1.1712889907e+00,1.2403200950e-07
1606,adam,1.2177068263e-07,1.1712889907e+00,1.2177068263e-07
1607,adam,1.1778846898e-07,1.1712889907e+00,1.1778846898e-07
1608,adam,1.1808915907e-07,1.1712889907e+00,1.1808915907e-07
1609,adam,1.2032790995e-07,1.1712889907e+00,1.2032790995e-07
1610,adam,1.1905420453e-07,1.1712889907e+00,1.1905420453e-07
1611,adam,1.1628471892e-07,1.1712889907e+00,1.1628471892e-07
1612,adam,1.1614139220e-07,1.1712889907e+00,1.1614139220e-07
1613,adam,1.1740543423e-07,1.1712889907e+00,1.1740543423e-07
1614,adam,1.1687309444e-07,1.1712889907e+00,1.1687309444e-07
1615,adam,1.1471911648e-07,1.1712889907e+00,1.1471911648e-07
1616,adam,1.1428096994e-07,1.1712889907e+00,1.1428096994e-07
1617,adam,1.1513904454e-07,1.1712889907e+00,1.1513904454e-07
1618,adam,1.1469781023e-07,1.1712889907e+00,1.1469781023e-07
1619,adam,1.1342111978e-07,1.1712889907e+00,1.1342111978e-07
1620,adam,1.1292650235e-07,1.1712889907e+00,1.1292650235e-07
1621,adam,1.1317887614e-07,1.1712889907e+00,1.1317887614e-07
1622,adam,1.1295064379e-07,1.1712889907e+00,1.1295064379e-07
1623,adam,1.1188668807e-07,1.1712889907e+00,1.1188668807e-07
1624,adam,1.1151995120e-07,1.1712889907e+00,1.1151995120e-07
1625,adam,1.1158052868e-07,1.1712889907e+00,1.1158052868e-07
1626,adam,1.1086675353e-07,1.1712889907e+00,1.1086675353e-07
1627,adam,1.1019082535e-07,1.1712889907e+00,1.1019082535e-07
1628,adam,1.0996627546e-07,1.1712889907e+00,1.0996627546e-07
1629,adam,1.0965503982e-07,1.1712889907e+00,1.0965503982e-07
1630,adam,1.0919190660e-07,1.1712889907e+00,1.0919190660e-07
1631,adam,1.0877245163e-07,1.1712889907e+00,1.0877245163e-07
1632,adam,1.0843649955e-07,1.1712889907e+00,1.0843649955e-07
1633,adam,1.0811325609e-07,1.1712889907e+00,1.0811325609e-07
1634,adam,1.0765290226e-07,1.1712889907e+00,1.0765290226e-07
1635,adam,1.0714938383e-07,1.1712889907e+00,1.0714938383e-07
1636,adam,1.0684514492e-07,1.1712889907e+00,1.0684514492e-07
1637,adam,1.0664123613e-07,1.1712889907e+00,1.0664123613e-07
1638,adam,1.0626876395e-07,1.1712889907e+00,1.0626876395e-07
1639,adam,1.0600481834e-07,1.1712889907e+00,1.0600481834e-07
1640,adam,1.0582590628e-07,1.1712889907e+00,1.0582590628e-07
1641,adam,1.0543080232e-07,1.1712889907e+00,1.0543080232e-07
1642,adam,1.0502282158e-07,1.1712889907e+00,1.0502282158e-07
1643,adam,1.0473902659e-07,1.1712889907e+00,1.0473902659e-07
1644,adam,1.0440960847e-07,1.1712889907e+00,1.0440960847e-07
1645,adam,1.0411957919e-07,1.1712889907e+00,1.0411957919e-07
1646,adam,1.0386803873e-07,1.1712889907e+00,1.0386803873e-07
1647,adam,1.0349555569e-07,1.1712889907e+00,1.0349555569e-07
1648,adam,1.0299909312e-07,1.1712889907e+00,1.0299909312e-07
1649,adam,1.0253329236e-07,1.1712889907e+00,1.0253329236e-07
1650,adam,1.0212473070e-07,1.1712889907e+00,1.0212473070e-07
1651,adam,1.0168507996e-07,1.1712889907e+00,1.0168507996e-07
1652,adam,1.0121871184e-07,1.1712889907e+00,1.0121871184e-07
1653,adam,1.0074779548e-07,1.1712889907e+00,1.0074779548e-07
1654,adam,1.0027233330e-07,1.1712889907e+00,1.0027233330e-07
1655,adam,9.9805723227e-08,1.1712889907e+00,9.9805723227e-08
1656,adam,9.9347260378e-08,1.1712889907e+00,9.9347260378e-08
1657,adam,9.8808864915e-08,1.1712889907e+00,9.8808864915e-08
1658,adam,9.8063045874e-08,1.1712889907e+00,9.8063045874e-08
1659,adam,9.7384301793e-08,1.1712889907e+00,9.7384301793e-08
1660,adam,9.6766024441e-08,1.1712889907e+00,9.6766024441e-08
1661,adam,9.6154070171e-08,1.1712889907e+00,9.6154070171e-08
1662,adam,9.5574941016e-08,1.1712889907e+00,9.5574941016e-08
1663,adam,9.5022982665e-08,1.1712889907e+00,9.5022982665e-08
1664,adam,9.4408371629e-08,1.1712889907e+00,9.4408371629e-08
1665,adam,9.3791056442e-08,1.1712889907e+00,9.3791056442e-08
1666,adam,9.3099868511e-08,1.1712889907e+00,9.3099868511e-08
1667,adam,9.2370848968e-08,1.1712889907e+00,9.2370848968e-08
1668,adam,9.1708724049e-08,1.1712889907e+00,9.1708724049e-08
1669,adam,9.1124052564e-08,1.1712889907e+00,9.1124052564e-08
1670,adam,9.0565591379e-08,1.1712889907e+00,9.0565591379e-08
1671,adam,9.0054769876e-08,1.1712889907e+00,9.0054769876e-08
1672,adam,8.9609565752e-08,1.1712889907e+00,8.9609565752e-08
1673,adam,8.9224413584e-08,1.1712889907e+00,8.9224413584e-08
1674,adam,8.8871163004e-08,1.1712889907e+00,8.8871163004e-08
1675,adam,8.8501946053e-08,1.1712889907e+00,8.8501946053e-08
1676,adam,8.8169898616e-08,1.1712889907e+00,8.8169898616e-08
1677,adam,8.7805514334e-08,1.1712889907e+00,8.7805514334e-08
1678,adam,8.7325255217e-08,1.1712889907e+00,8.7325255217e-08
1679,adam,8.6766878943e-08,1.1712889907e+00,8.6766878943e-08
1680,adam,8.6274769693e-08,1.1712889907e+00,8.6274769693e-08
1681,adam,8.5881713559e-08,1.1712889907e+00,8.5881713559e-08
1682,adam,8.5481279925e-08,1.1712889907e+00,8.5481279925e-08
1683,adam,8.5103325710e-08,1.1712889907e+00,8.5103325710e-08
1684,adam,8.4707039828e-08,1.1712889907e+00,8.4707039828e-08
1685,adam,8.4174016868e-08,1.1712889907e+00,8.4174016868e-08
1686,adam,8.3701882551e-08,1.1712889907e+00,8.3701882551e-08
1687,adam,8.3315206845e-08,1.1712889907e+00,8.3315206845e-08
1688,adam,8.3022177160e-08,1.1712889907e+00,8.3022177160e-08
1689,adam,8.2750626568e-08,1.1712889907e+00,8.2750626568e-08
1690,adam,8.2424341247e-08,1.1712889907e+00,8.2424341247e-08
1691,adam,8.2141959211e-08,1.1712889907e+00,8.2141959211e-08
1692,adam,8.1902194356e-08,1.1712889907e+00,8.1902194356e-08
1693,adam,8.1672678480e-08,1.1712889907e+00,8.1672678480e-08
1694,adam,8.1426300213e-08,1.1712889907e+00,8.1426300213e-08
1695,adam,8.1035252990e-08,1.1712889907e+00,8.1035252990e-08
1696,adam,8.0684667287e-08,1.1712889907e+00,8.0684667287e-08
1697,adam,8.0412012899e-08,1.1712889907e+00,8.0412012899e-08
1698,adam,8.0216012308e-08,1.1712889907e+00,8.0216012308e-08
1699,adam,8.0002294087e-08,1.1712889907e+00,8.0002294087e-08
1700,adam,7.9779265641e-08,1.1712889907e+00,7.9779265641e-08
1701,adam,7.9645166216e-08,1.1712889907e+00,7.9645166216e-08
1702,adam,7.9514799206e-08,1.1712889907e+00,7.9514799206e-08
1703,adam,7.9521394083e-08,1.1712889907e+00,7.9521394083e-08
1704,adam,7.9444727623e-08,1.1712889907e+00,7.9444727623e-08
1705,adam,7.9299461016e-08,1.1712889907e+00,7.9299461016e-08
1706,adam,7.9054464022e-08,1.1712889907e+00,7.9054464022e-08
1707,adam,7.8863368411e-08,1.1712889907e+00,7.8863368411e-08
1708,adam,7.8753287883e-08,1.1712889907e+00,7.8753287883e-08
1709,adam,7.8579267409e-08,1.1712889907e+00,7.8579267409e-08
1710,adam,7.8481789838e-08,1.1712889907e+00,7.8481789838e-08
1711,adam,7.8309219896e-08,1.1712889907e+00,7.8309219896e-08
1712,adam,7.8319968374e-08,1.1712889907e+00,7.8319968374e-08
1713,adam,7.8478119124e-08,1.1712889907e+00,7.8478119124e-08
1714,adam,7.9031837169e-08,1.1712889907e+00,7.9031837169e-08
1715,adam,7.9906864715e-08,1.1712889907e+00,7.9906864715e-08
1716,adam,8.3063676994e-08,1.1712889907e+00,8.3063676994e-08
1717,adam,9.1490981577e-08,1.1712889907e+00,9.1490981577e-08
1718,adam,1.1714954465e-07,1.1712889907e+00,1.1714954465e-07
1719,adam,1.8408740599e-07,1.1712889907e+00,1.8408740599e-07
1720,adam,3.3388071740e-07,1.1712889907e+00,3.3388071740e-07
1721,adam,4.5965886863e-07,1.1712889907e+00,4.5965886863e-07
1722,adam,3.6728065348e-07,1.1712889907e+00,3.6728065348e-07
1723,adam,2.4655127559e-07,1.1712889907e+00,2.4655127559e-07
1724,adam,2.3183807791e-07,1.1712889907e+00,2.3183807791e-07
1725,adam,2.1276861700e-07,1.1712889907e+00,2.1276861700e-07
1726,adam,1.8929782251e-07,1.1712889907e+00,1.8929782251e-07
1727,adam,1.5849629304e-07,1.1712889907e+00,1.5849629304e-07
1728,adam,1.4524033366e-07,1.1712889907e+00,1.4524033366e-07
1729,adam,1.6635046889e-07,1.1712889907e+00,1.6635046889e-07
1730,adam,1.3038104126e-07,1.1712889907e+00,1.3038104126e-07
1731,adam,1.0633562902e-07,1.1712889907e+00,1.0633562902e-07
1732,adam,1.2858640471e-07,1.1712889907e+00,1.2858640471e-07
1733,adam,1.0357248836e-07,1.1712889907e+00,1.0357248836e-07
1734,adam,9.6307770839e-08,1.1712889907e+00,9.6307770839e-08
1735,adam,1.0377682073e-07,1.1712889907e+00,1.0377682073e-07
1736,adam,9.7400295979e-08,1.1712889907e+00,9.7400295979e-08
1737,adam,8.9622935326e-08,1.1712889907e+00,8.9622935326e-08
1738,adam,9.4647106674e-08,1.1712889907e+00,9.4647106674e-08
1739,adam,8.8323282105e-08,1.1712889907e+00,8.8323282105e-08
1740,adam,8.4205639928e-08,1.1712889907e+00,8.4205639928e-08
1741,adam,8.7355616240e-08,1.1712889907e+00,8.7355616240e-08
1742,adam,8.2352364742e-08,1.1712889907e+00,8.2352364742e-08
1743,adam,8.2134494311e-08,1.1712889907e+00,8.2134494311e-08
1744,adam,8.1381841257e-08,1.1712889907e+00,8.1381841257e-08
1745,adam,8.2465265325e-08,1.1712889907e+00,8.2465265325e-08
1746,adam,7.6014175080e-08,1.1712889907e+00,7.6014175080e-08
1747,adam,8.1017289998e-08,1.1712889907e+00,8.1017289998e-08
1748,adam,7.7929060651e-08,1.1712889907e+00,7.7929060651e-08
1749,adam,7.6623175819e-08,1.1712889907e+00,7.6623175819e-08
1750,adam,7.8358939351e-08,1.1712889907e+00,7.8358939351e-08
1751,adam,7.6616603387e-08,1.1712889907e+00,7.6616603387e-08
1752,adam,7.6050914837e-08,1.1712889907e+00,7.6050914837e-08
1753,adam,7.5855073017e-08,1.1712889907e+00,7.5855073017e-08
1754,adam,7.7309349110e-08,1.1712889907e+00,7.7309349110e-08
1755,adam,7.4158167187e-08,1.1712889907e+00,7.4158167187e-08
1756,adam,7.4990186956e-08,1.1712889907e+00,7.4990186956e-08
1757,adam,7.5287392055e-08,1.1712889907e+00,7.5287392055e-08
1758,adam,7.4423465687e-08,1.1712889907e+00,7.4423465687e-08
1759,adam,7.4579944659e-08,1.1712889907e+00,7.4579944659e-08
1760,adam,7.4619360680e-08,1.1712889907e+00,7.4619360680e-08
1761,adam,7.4314300634e-08,1.1712889907e+00,7.4314300634e-08
1762,adam,7.3649056357e-08,1.1712889907e+00,7.3649056357e-08
1763,adam,7.4242933546e-08,1.1712889907e+00,7.4242933546e-08
1764,adam,7.3946463736e-08,1.1712889907e+00,7.3946463736e-08
1765,adam,7.3389870579e-08,1.1712889907e+00,7.3389870579e-08
1766,adam,7.3438661955e-08,1.1712889907e+00,7.3438661955e-08
1767,adam,7.3365148283e-08,1.1712889907e+00,7.3365148283e-08
1768,adam,7.2908628635e-08,1.1712889907e+00,7.2908628635e-08
1769,adam,7.2907721484e-08,1.1712889907e+00,7.2907721484e-08
1770,adam,7.2864524622e-08,1.1712889907e+00,7.2864524622e-08
1771,adam,7.2867406281e-08,1.1712889907e+00,7.2867406281e-08
1772,adam,7.2547960908e-08,1.1712889907e+00,7.2547960908e-08
1773,adam,7.2708124694e-08,1.1712889907e+00,7.2708124694e-08
1774,adam,7.2858457220e-08,1.1712889907e+00,7.2858457220e-08
1775,adam,7.2715467208e-08,1.1712889907e+00,7.2715467208e-08
1776,adam,7.2854584383e-08,1.1712889907e+00,7.2854584383e-08
1777,adam,7.2791677947e-08,1.1712889907e+00,7.2791677947e-08
1778,adam,7.2675840090e-08,1.1712889907e+00,7.2675840090e-08
1779,adam,7.2555536088e-08,1.1712889907e+00,7.2555536088e-08
1780,adam,7.2472647043e-08,1.1712889907e+00,7.2472647043e-08
1781,adam,7.2414915385e-08,1.1712889907e+00,7.2414915385e-08
1782,adam,7.2306778651e-08,1.1712889907e+00,7.2306778651e-08
1783,adam,7.2154102426e-08,1.1712889907e+00,7.2154102426e-08
1784,adam,7.2225145477e-08,1.1712889907e+00,7.2225145477e-08
1785,adam,7.1940903473e-08,1.1712889907e+00,7.1940903473e-08
1786,adam,7.1636079564e-08,1.1712889907e+00,7.1636079564e-08
1787,adam,7.1606865578e-08,1.1712889907e+00,7.1606865578e-08
1788,adam,7.1451576571e-08,1.1712889907e+00,7.1451576571e-08
1789,adam,7.1084822878e-08,1.1712889907e+00,7.1084822878e-08
1790,adam,7.0822931235e-08,1.1712889907e+00,7.0822931235e-08
1791,adam,7.0636131305e-08,1.1712889907e+00,7.0636131305e-08
1792,adam,7.0369594752e-08,1.1712889907e+00,7.0369594752e-08
1793,adam,7.0200915260e-08,1.1712889907e+00,7.0200915260e-08
1794,adam,7.0016574256e-08,1.1712889907e+00,7.0016574256e-08
1795,adam,6.9833042639e-08,1.1712889907e+00,6.9833042639e-08
1796,adam,6.9677534229e-08,1.1712889907e+00,6.9677534229e-08
1797,adam,6.9582084218e-08,1.1712889907e+00,6.9582084218e-08
1798,adam,6.9362805840e-08,1.1712889907e+00,6.9362805840e-08
1799,adam,6.9215924919e-08,1.1712889907e+00,6.9215924919e-08
1800,adam,6.9096928811e-08,1.1712889907e+00,6.9096928811e-08
1801,adam,6.8950048637e-08,1.1712889907e+00,6.8950048637e-08
1802,adam,6.8788425294e-08,1.1712889907e+00,6.8788425294e-08
1803,adam,6.8590274268e-08,1.1712889907e+00,6.8590274268e-08
1804,adam,6.8420954598e-08,1.1712889907e+00,6.8420954598e-08
1805,adam,6.8249563390e-08,1.1712889907e+00,6.8249563390e-08
1806,adam,6.8072153828e-08,1.1712889907e+00,6.8072153828e-08
1807,adam,6.7948177969e-08,1.1712889907e+00,6.7948177969e-08
1808,adam,6.7837631190e-08,1.1712889907e+00,6.7837631190e-08
1809,adam,6.7780023061e-08,1.1712889907e+00,6.7780023061e-08
1810,adam,6.7673077039e-08,1.1712889907e+00,6.7673077039e-08
1811,adam,6.7677318317e-08,1.1712889907e+00,6.7677318317e-08
1812,adam,6.7767329412e-08,1.1712889907e+00,6.7767329412e-08
1813,adam,6.7807996227e-08,1.1712889907e+00,6.7807996227e-08
1814,adam,6.7698458627e-08,1.1712889907e+00,6.7698458627e-08
1815,adam,6.7636100818e-08,1.1712889907e+00,6.7636100818e-08
1816,adam,6.7666876832e-08,1.1712889907e+00,6.7666876832e-08
1817,adam,6.7794606721e-08,1.1712889907e+00,6.7794606721e-08
1818,adam,6.7782612560e-08,1.1712889907e+00,6.7782612560e-08
1819,adam,6.7712448669e-08,1.1712889907e+00,6.7712448669e-08
1820,adam,6.7711636431e-08,1.1712889907e+00,6.7711636431e-08
1821,adam,6.7818033218e-08,1.1712889907e+00,6.7818033218e-08
1822,adam,6.7854870349e-08,1.1712889907e+00,6.7854870349e-08
1823,adam,6.8185842773e-08,1.1712889907e+00,6.8185842773e-08
1824,adam,6.8837998665e-08,1.1712889907e+00,6.8837998665e-08
1825,adam,7.0303739031e-08,1.1712889907e+00,7.0303739031e-08
1826,adam,7.3116223275e-08,1.1712889907e+00,7.3116223275e-08
1827,adam,7.8180039305e-08,1.1712889907e+00,7.8180039305e-08
1828,adam,8.7382439492e-08,1.1712889907e+00,8.7382439492e-08
1829,adam,1.0460238786e-07,1.1712889907e+00,1.0460238786e-07
1830,adam,1.3328698254e-07,1.1712889907e+00,1.3328698254e-07
1831,adam,1.7987774380e-07,1.1712889907e+00,1.7987774380e-07
1832,adam,2.2314821851e-07,1.1712889907e+00,2.2314821851e-07
1833,adam,2.6305820937e-07,1.1712889907e+00,2.6305820937e-07
1834,adam,2.1966461815e-07,1.1712889907e+00,2.1966461815e-07
1835,adam,1.3487315483e-07,1.1712889907e+00,1.3487315483e-07
1836,adam,7.1618629645e-08,1.1712889907e+00,7.1618629645e-08
1837,adam,9.1141520205e-08,1.1712889907e+00,9.1141520205e-08
1838,adam,1.4177244843e-07,1.1712889907e+00,1.4177244843e-07
1839,adam,1.3102202070e-07,1.1712889907e+00,1.3102202070e-07
1840,adam,8.0931840415e-08,1.1712889907e+00,8.0931840415e-08
1841,adam,7.4162121206e-08,1.1712889907e+00,7.4162121206e-08
1842,adam,1.0733278242e-07,1.1712889907e+00,1.0733278242e-07
1843,adam,1.0913093315e-07,1.1712889907e+00,1.0913093315e-07
1844,adam,7.5435430722e-08,1.1712889907e+00,7.5435430722e-08
1845,adam,7.1075710599e-08,1.1712889907e+00,7.1075710599e-08
1846,adam,9.4241591311e-08,1.1712889907e+00,9.4241591311e-08
1847,adam,9.2034630173e-08,1.1712889907e+00,9.2034630173e-08
1848,adam,7.0290568111e-08,1.1712889907e+00,7.0290568111e-08
1849,adam,6.8138020967e-08,1.1712889907e+00,6.8138020967e-08
1850,adam,8.2483344688e-08,1.1712889907e+00,8.2483344688e-08
1851,adam,8.2093356930e-08,1.1712889907e+00,8.2093356930e-08
1852,adam,6.8448424240e-08,1.1712889907e+00,6.8448424240e-08
1853,adam,6.4353797974e-08,1.1712889907e+00,6.4353797974e-08
1854,adam,7.3565227133e-08,1.1712889907e+00,7.3565227133e-08
1855,adam,7.6998799137e-08,1.1712889907e+00,7.6998799137e-08
1856,adam,7.0854421075e-08,1.1712889907e+00,7.0854421075e-08
1857,adam,6.3715128959e-08,1.1712889907e+00,6.3715128959e-08
1858,adam,6.4392668302e-08,1.1712889907e+00,6.4392668302e-08
1859,adam,6.9768044485e-08,1.1712889907e+00,6.9768044485e-08
1860,adam,7.2057477246e-08,1.1712889907e+00,7.2057477246e-08
1861,adam,7.0549147337e-08,1.1712889907e+00,7.0549147337e-08
1862,adam,6.4790168787e-08,1.1712889907e+00,6.4790168787e-08
1863,adam,6.2216841787e-08,1.1712889907e+00,6.2216841787e-08
1864,adam,6.3064724658e-08,1.1712889907e+00,6.3064724658e-08
1865,adam,6.6053086022e-08,1.1712889907e+00,6.6053086022e-08
1866,adam,6.8779159940e-08,1.1712889907e+00,6.8779159940e-08
1867,adam,6.9594905281e-08,1.1712889907e+00,6.9594905281e-08
1868,adam,6.8588738009e-08,1.1712889907e+00,6.8588738009e-08
1869,adam,6.5693744285e-08,1.1712889907e+00,6.5693744285e-08
1870,adam,6.2943046532e-08,1.1712889907e+00,6.2943046532e-08
1871,adam,6.1287133568e-08,1.1712889907e+00,6.1287133568e-08
1872,adam,6.1156556572e-08,1.1712889907e+00,6.1156556572e-08
1873,adam,6.2591065590e-08,1.1712889907e+00,6.2591065590e-08
1874,adam,6.5096607936e-08,1.1712889907e+00,6.5096607936e-08
1875,adam,7.0243837780e-08,1.1712889907e+00,7.0243837780e-08
1876,adam,7.8688537958e-08,1.1712889907e+00,7.8688537958e-08
1877,adam,9.7719541028e-08,1.1712889907e+00,9.7719541028e-08
1878,adam,1.0224241584e-07,1.1712889907e+00,1.0224241584e-07
1879,adam,1.1452674606e-07,1.1712889907e+00,1.1452674606e-07
1880,adam,1.2273284132e-07,1.1712889907e+00,1.2273284132e-07
1881,adam,1.3964623112e-07,1.1712889907e+00,1.3964623112e-07
1882,adam,1.1357820371e-07,1.1712889907e+00,1.1357820371e-07
1883,adam,9.0439433143e-08,1.1712889907e+00,9.0439433143e-08
1884,adam,6.8854526837e-08,1.1712889907e+00,6.8854526837e-08
1885,adam,6.2587296599e-08,1.1712889907e+00,6.2587296599e-08
1886,adam,7.6511466168e-08,1.1712889907e+00,7.6511466168e-08
1887,adam,8.7795805220e-08,1.1712889907e+00,8.7795805220e-08
1888,adam,8.2729672098e-08,1.1712889907e+00,8.2729672098e-08
1889,adam,6.6264318206e-08,1.1712889907e+00,6.6264318206e-08
1890,adam,6.2129349457e-08,1.1712889907e+00,6.2129349457e-08
1891,adam,6.8418784361e-08,1.1712889907e+00,6.8418784361e-08
1892,adam,7.4260466489e-08,1.1712889907e+00,7.4260466489e-08
1893,adam,7.5787051203e-08,1.1712889907e+00,7.5787051203e-08
1894,adam,6.5163347912e-08,1.1712889907e+00,6.5163347912e-08
1895,adam,5.9198944014e-08,1.1712889907e+00,5.9198944014e-08
1896,adam,6.2132012540e-08,1.1712889907e+00,6.2132012540e-08
1897,adam,6.5816270925e-08,1.1712889907e+00,6.5816270925e-08
1898,adam,6.8898819571e-08,1.1712889907e+00,6.8898819571e-08
1899,adam,6.9719434082e-08,1.1712889907e+00,6.9719434082e-08
1900,adam,6.7648158857e-08,1.1712889907e+00,6.7648158857e-08
1901,adam,6.0731939218e-08,1.1712889907e+00,6.0731939218e-08
1902,adam,5.8877084804e-08,1.1712889907e+00,5.8877084804e-08
1903,adam,5.8691499076e-08,1.1712889907e+00,5.8691499076e-08
1904,adam,5.8984305698e-08,1.1712889907e+00,5.8984305698e-08
1905,adam,5.9742017006e-08,1.1712889907e+00,5.9742017006e-08
1906,adam,6.2300130882e-08,1.1712889907e+00,6.2300130882e-08
1907,adam,6.4783194421e-08,1.1712889907e+00,6.4783194421e-08
1908,adam,6.6894045631e-08,1.1712889907e+00,6.6894045631e-08
1909,adam,7.0644641310e-08,1.1712889907e+00,7.0644641310e-08
1910,adam,7.6455480554e-08,1.1712889907e+00,7.6455480554e-08
1911,adam,9.0926059027e-08,1.1712889907e+00,9.0926059027e-08
1912,adam,1.0454817025e-07,1.1712889907e+00,1.0454817025e-07
1913,adam,1.1811001597e-07,1.1712889907e+00,1.1811001597e-07
1914,adam,1.1131790196e-07,1.1712889907e+00,1.1131790196e-07
1915,adam,1.1510417763e-07,1.1712889907e+00,1.1510417763e-07
1916,adam,8.0470606992e-08,1.1712889907e+00,8.0470606992e-08
1917,adam,5.6615772077e-08,1.1712889907e+00,5.6615772077e-08
1918,adam,6.6521908971e-08,1.1712889907e+00,6.6521908971e-08
1919,adam,7.9166132287e-08,1.1712889907e+00,7.9166132287e-08
1920,adam,7.8831585032e-08,1.1712889907e+00,7.8831585032e-08
1921,adam,6.9901387481e-08,1.1712889907e+00,6.9901387481e-08
1922,adam,5.9048236856e-08,1.1712889907e+00,5.9048236856e-08
1923,adam,5.9424758459e-08,1.1712889907e+00,5.9424758459e-08
1924,adam,7.0392598733e-08,1.1712889907e+00,7.0392598733e-08
1925,adam,6.5277672594e-08,1.1712889907e+00,6.5277672594e-08
1926,adam,5.4883207416e-08,1.1712889907e+00,5.4883207416e-08
1927,adam,5.4870759085e-08,1.1712889907e+00,5.4870759085e-08
1928,adam,5.6916413854e-08,1.1712889907e+00,5.6916413854e-08
1929,adam,5.8695245623e-08,1.1712889907e+00,5.8695245623e-08
1930,adam,5.5895665203e-08,1.1712889907e+00,5.5895665203e-08
1931,adam,5.1442750941e-08,1.1712889907e+00,5.1442750941e-08
1932,adam,5.3849418188e-08,1.1712889907e+00,5.3849418188e-08
1933,adam,5.5745694519e-08,1.1712889907e+00,5.5745694519e-08
1934,adam,5.4019696168e-08,1.1712889907e+00,5.4019696168e-08
1935,adam,5.3482931748e-08,1.1712889907e+00,5.3482931748e-08
1936,adam,5.2210018797e-08,1.1712889907e+00,5.2210018797e-08
1937,adam,5.1286197877e-08,1.1712889907e+00,5.1286197877e-08
1938,adam,5.1739330662e-08,1.1712889907e+00,5.1739330662e-08
1939,adam,5.2857842941e-08,1.1712889907e+00,5.2857842941e-08
1940,adam,5.4291086156e-08,1.1712889907e+00,5.4291086156e-08
1941,adam,5.1951191392e-08,1.1712889907e+00,5.1951191392e-08
1942,adam,5.0692432275e-08,1.1712889907e+00,5.0692432275e-08
1943,adam,5.0384224718e-08,1.1712889907e+00,5.0384224718e-08
1944,adam,5.0734250036e-08,1.1712889907e+00,5.0734250036e-08
1945,adam,5.1266493781e-08,1.1712889907e+00,5.1266493781e-08
1946,adam,5.1255221657e-08,1.1712889907e+00,5.1255221657e-08
1947,adam,5.2510932753e-08,1.1712889907e+00,5.2510932753e-08
1948,adam,5.3013062476e-08,1.1712889907e+00,5.3013062476e-08
1949,adam,5.4418416979e-08,1.1712889907e+00,5.4418416979e-08
1950,adam,5.4389805638e-08,1.1712889907e+00,5.4389805638e-08
1951,adam,5.7485797273e-08,1.1712889907e+00,5.7485797273e-08
1952,adam,5.9973729739e-08,1.1712889907e+00,5.9973729739e-08
1953,adam,7.0473626056e-08,1.1712889907e+00,7.0473626056e-08
1954,adam,7.2146724039e-08,1.1712889907e+00,7.2146724039e-08
1955,adam,7.3274724942e-08,1.1712889907e+00,7.3274724942e-08
1956,adam,6.6629305094e-08,1.1712889907e+00,6.6629305094e-08
1957,adam,7.2582508507e-08,1.1712889907e+00,7.2582508507e-08
1958,adam,6.5794957822e-08,1.1712889907e+00,6.5794957822e-08
1959,adam,5.2544151446e-08,1.1712889907e+00,5.2544151446e-08
1960,adam,4.9377669237e-08,1.1712889907e+00,4.9377669237e-08
1961,adam,5.9753865708e-08,1.1712889907e+00,5.9753865708e-08
1962,adam,5.6616347952e-08,1.1712889907e+00,5.6616347952e-08
1963,adam,5.1568211931e-08,1.1712889907e+00,5.1568211931e-08
1964,adam,5.4620435213e-08,1.1712889907e+00,5.4620435213e-08
1965,adam,5.8047090185e-08,1.1712889907e+00,5.8047090185e-08
1966,adam,6.3589217029e-08,1.1712889907e+00,6.3589217029e-08
1967,adam,5.3674476169e-08,1.1712889907e+00,5.3674476169e-08
1968,adam,5.2406739811e-08,1.1712889907e+00,5.2406739811e-08
1969,adam,6.0733652074e-08,1.1712889907e+00,6.0733652074e-08
1970,adam,5.0280575581e-08,1.1712889907e+00,5.0280575581e-08
1971,adam,4.8481792830e-08,1.1712889907e+00,4.8481792830e-08
1972,adam,5.2627305464e-08,1.1712889907e+00,5.2627305464e-08
1973,adam,5.4379782244e-08,1.1712889907e+00,5.4379782244e-08
1974,adam,5.3121843650e-08,1.1712889907e+00,5.3121843650e-08
1975,adam,5.4266440084e-08,1.1712889907e+00,5.4266440084e-08
1976,adam,5.9217371058e-08,1.1712889907e+00,5.9217371058e-08
1977,adam,7.5893929977e-08,1.1712889907e+00,7.5893929977e-08
1978,adam,7.6257933310e-08,1.1712889907e+00,7.6257933310e-08
1979,adam,6.7796803569e-08,1.1712889907e+00,6.7796803569e-08
1980,adam,6.5377910232e-08,1.1712889907e+00,6.5377910232e-08
1981,adam,6.7959679528e-08,1.1712889907e+00,6.7959679528e-08
1982,adam,5.2716330097e-08,1.1712889907e+00,5.2716330097e-08
1983,adam,5.0586563402e-08,1.1712889907e+00,5.0586563402e-08
1984,adam,5.6563584595e-08,1.1712889907e+00,5.6563584595e-08
1985,adam,5.2656746071e-08,1.1712889907e+00,5.2656746071e-08
1986,adam,5.8610805777e-08,1.1712889907e+00,5.8610805777e-08
1987,adam,5.3235181989e-08,1.1712889907e+00,5.3235181989e-08
1988,adam,4.7838351907e-08,1.1712889907e+00,4.7838351907e-08
1989,adam,4.8300558751e-08,1.1712889907e+00,4.8300558751e-08
1990,adam,4.6943956695e-08,1.1712889907e+00,4.6943956695e-08
1991,adam,5.2837880046e-08,1.1712889907e+00,5.2837880046e-08
1992,adam,5.2770693753e-08,1.1712889907e+00,5.2770693753e-08
1993,adam,5.7647989041e-08,1.1712889907e+00,5.7647989041e-08
1994,adam,5.9136357440e-08,1.1712889907e+00,5.9136357440e-08
1995,adam,6.5895027910e-08,1.1712889907e+00,6.5895027910e-08
1996,adam,5.9421083368e-08,1.1712889907e+00,5.9421083368e-08
1997,adam,5.3270899292e-08,1.1712889907e+00,5.3270899292e-08
1998,adam,4.5478092148e-08,1.1712889907e+00,4.5478092148e-08
1999,adam,4.6348303669e-08,1.1712889907e+00,4.6348303669e-08
2000,adam,5.0901077095e-08,1.1712889907e+00,5.0901077095e-08
1,adam,5.8564453697e-01,1.1712889907e+00,5.2003013219e-08
2,adam,5.7473237502e-01,1.1494646764e+00,4.6007089490e-08
3,adam,5.2905614694e-01,1.0580934384e+00,1.1784654371e-05
4,adam,4.0199985379e-01,8.0399028475e-01,5.8892665193e-06
5,adam,2.2761884539e-01,4.5523065186e-01,4.3993320639e-06
6,adam,7.3412551356e-02,1.4679217158e-01,2.0581959023e-05
7,adam,8.8216448875e-02,1.7640708229e-01,1.6134664427e-05
8,adam,1.9449083432e-01,3.8893166310e-01,3.1253457737e-05
9,adam,7.1849833946e-02,1.4367898644e-01,1.2925906144e-05
10,adam,5.1425744056e-03,1.0267242205e-02,1.1191629022e-05
11,adam,3.0436643110e-02,6.0848816671e-02,1.5293468530e-05
12,adam,6.9272259415e-02,1.3851070282e-01,2.1135008654e-05
13,adam,8.0587625961e-02,1.6113344765e-01,2.6127669838e-05
14,adam,6.3837043654e-02,1.2762854343e-01,2.8464921947e-05
15,adam,3.3214132255e-02,6.6384644541e-02,2.7262480560e-05
16,adam,8.0566149336e-03,1.6075867541e-02,2.3351453748e-05
17,adam,5.1928954434e-03,1.0355498335e-02,1.8932844840e-05
18,adam,2.3111460216e-02,4.6195744701e-02,1.6984832321e-05
19,adam,3.7006064466e-02,7.3981631717e-02,1.9060759299e-05
20,adam,2.9373579623e-02,5.8710741515e-02,2.2761081250e-05
21,adam,1.1205962262e-02,2.2373445836e-02,2.4049179651e-05
22,adam,1.2440796222e-03,2.4543063579e-03,2.1158054034e-05
23,adam,4.4904707073e-03,8.9557684513e-03,1.5733102075e-05
24,adam,1.3362149622e-02,2.6706978892e-02,1.0825220728e-05
25,adam,1.8744553278e-02,3.7475734619e-02,8.3574605516e-06
26,adam,1.6923867772e-02,3.3834408023e-02,8.3297008157e-06
27,adam,9.9257515390e-03,1.9836407160e-02,9.4349488743e-06
28,adam,2.8495115242e-03,5.6828237272e-03,1.0124575749e-05
29,adam,3.4530339745e-04,6.7542623363e-04,9.4878507960e-06
30,adam,3.2613048768e-03,6.5102314897e-03,7.7364148998e-06
31,adam,7.8176195345e-03,1.5625544860e-02,6.0588804690e-06
32,adam,9.2107246643e-03,1.8412699483e-02,5.4686533035e-06
33,adam,6.4020470478e-03,1.2794585451e-02,5.9429028146e-06
34,adam,2.3850826139e-03,4.7595934951e-03,6.6073329795e-06
35,adam,4.0828079729e-04,8.0597422446e-04,6.6171063181e-06
36,adam,1.1785902955e-03,2.3478432581e-03,5.8358330823e-06
37,adam,3.1631800187e-03,6.3186751970e-03,4.8030252162e-06
38,adam,4.4256673414e-03,8.8446013743e-03,4.2083177913e-06
39,adam,4.0494035204e-03,8.0918346568e-03,4.3577399960e-06
40,adam,2.4606164416e-03,4.9132072504e-03,5.0160205413e-06
41,adam,8.6568685471e-04,1.7223777578e-03,5.6224697699e-06
42,adam,3.0145421403e-04,5.9376432057e-04,5.7150671826e-06
43,adam,8.9088701701e-04,1.7733397345e-03,5.2714371801e-06
44,adam,1.8381694732e-03,3.6688497254e-03,4.6807630689e-06
45,adam,2.1921699526e-03,4.3773872170e-03,4.3454301956e-06
46,adam,1.6756198841e-03,3.3443123103e-03,4.3296612180e-06
47,adam,7.9533114354e-04,1.5836531455e-03,4.3807134768e-06
48,adam,2.4837761696e-04,4.8997007334e-04,4.2407253644e-06
49,adam,3.1441857923e-04,6.2263632225e-04,3.8755226351e-06
50,adam,7.4599368753e-04,1.4864541563e-03,3.4582617513e-06
51,adam,1.0876764533e-03,2.1702490215e-03,3.1899282408e-06
52,adam,1.0546492064e-03,2.1042698836e-03,3.1428307119e-06
53,adam,6.9504208800e-04,1.3849238511e-03,3.2252030466e-06
54,adam,2.8910758888e-04,5.7297565366e-04,3.2747025670e-06
55,adam,1.0724096914e-04,2.0938186197e-04,3.1875476931e-06
56,adam,2.1157682256e-04,4.1836168063e-04,2.9949778071e-06
57,adam,4.3880687526e-04,8.7310522381e-04,2.8178291945e-06
58,adam,5.6161224856e-04,1.1188153232e-03,2.7557336731e-06
59,adam,4.7946572296e-04,9.5444764171e-04,2.8023776280e-06
60,adam,2.7474429882e-04,5.4490685767e-04,2.8635874803e-06
61,adam,1.0967434312e-04,2.1479660034e-04,2.8450536879e-06
62,adam,8.2691692528e-05,1.6101965007e-04,2.7273343639e-06
63,adam,1.6869917552e-04,3.3328594440e-04,2.5702541542e-06
64,adam,2.6632044495e-04,5.2871409209e-04,2.4542486338e-06
65,adam,2.8885484971e-04,5.7384467230e-04,2.4156419470e-06
66,adam,2.2357262396e-04,4.4326146515e-04,2.4273642262e-06
67,adam,1.2551900065e-04,2.4714838295e-04,2.4310114658e-06
68,adam,6.3680061620e-05,1.2353918531e-04,2.3880862069e-06
69,adam,6.7108919156e-05,1.3052247043e-04,2.3096049242e-06
70,adam,1.1098682447e-04,2.1838812817e-04,2.2409504832e-06
71,adam,1.4614907362e-04,2.8874709930e-04,2.2194049631e-06
72,adam,1.4145425605e-04,2.7932664766e-04,2.2386652733e-06
73,adam,1.0378238561e-04,2.0395341244e-04,2.2570992410e-06
74,adam,6.4471701127e-05,1.2536826736e-04,2.2344593091e-06
75,adam,4.9613985327e-05,9.5768135039e-05,2.1623972601e-06
76,adam,6.1012361969e-05,1.1871515472e-04,2.0684807599e-06
77,adam,8.0343601370e-05,1.5749945953e-04,1.9923395038e-06
78,adam,8.7675737699e-05,1.7222516684e-04,1.9539428480e-06
79,adam,7.6744059795e-05,1.5038097898e-04,1.9419628849e-06
80,adam,5.6569527040e-05,1.1005498070e-04,1.9275458617e-06
81,adam,4.1441853217e-05,7.9857503196e-05,1.8913770242e-06
82,adam,3.9050291523e-05,7.5157602989e-05,1.8393625354e-06
83,adam,4.5960865124e-05,8.9050672697e-05,1.7944109699e-06
84,adam,5.2607509084e-05,1.0237668358e-04,1.7739591157e-06
85,adam,5.2026012999e-05,1.0121214271e-04,1.7749270537e-06
86,adam,4.4620336199e-05,8.6398975018e-05,1.7760608632e-06
87,adam,3.6151063579e-05,6.9491211523e-05,1.7568222717e-06
88,adam,3.2098903422e-05,6.1456456527e-05,1.7133439478e-06
89,adam,3.3509429840e-05,6.4363200360e-05,1.6597870751e-06
90,adam,3.7091286439e-05,7.1597940374e-05,1.6153953152e-06
91,adam,3.8605461117e-05,7.4667729460e-05,1.5894954838e-06
92,adam,3.6288786080e-05,7.0055649222e-05,1.5762018363e-06
93,adam,3.1653486316e-05,6.0808879193e-05,1.5613083991e-06
94,adam,2.7647815172e-05,5.2838379495e-05,1.5357817805e-06
95,adam,2.6177111935e-05,4.9949346679e-05,1.5030482438e-06
96,adam,2.6961403867e-05,5.1563470828e-05,1.4745855661e-06
97,adam,2.8236949396e-05,5.4139708081e-05,1.4588691947e-06
98,adam,2.8375695492e-05,5.4425264704e-05,1.4538289247e-06
99,adam,2.7043877048e-05,5.1769766796e-05,1.4487420619e-06
100,adam,2.5136528420e-05,4.7979327934e-05,1.4335805669e-06
101,adam,2.3805348944e-05,4.5360273181e-05,1.4065154416e-06
102,adam,2.3536088715e-05,4.4872977078e-05,1.3745002204e-06
103,adam,2.3943988066e-05,4.5733480265e-05,1.3465599170e-06
104,adam,2.4247539908e-05,4.6371831387e-05,1.3270302682e-06
105,adam,2.3910768787e-05,4.5720321029e-05,1.3132603401e-06
106,adam,2.2966822920e-05,4.3855238557e-05,1.2990045511e-06
107,adam,2.1870922202e-05,4.1692799083e-05,1.2806533261e-06
108,adam,2.1089732917e-05,4.0163853037e-05,1.2597579981e-06
109,adam,2.0783948237e-05,3.9582132247e-05,1.2411026420e-06
110,adam,2.0784303366e-05,3.9603636486e-05,1.2281064030e-06
111,adam,2.0789984143e-05,3.9628588004e-05,1.2196126769e-06
112,adam,2.0597511097e-05,3.9257597606e-05,1.2108903678e-06
113,adam,2.0208345286e-05,3.8500569203e-05,1.1975758560e-06
114,adam,1.9774557220e-05,3.7663020447e-05,1.1788087457e-06
115,adam,1.9454215755e-05,3.7056433242e-05,1.1574989176e-06
116,adam,1.9290929570e-05,3.6761626070e-05,1.1376456681e-06
117,adam,1.9203761273e-05,3.6613432712e-05,1.1213061458e-06
118,adam,1.9066859688e-05,3.6361284614e-05,1.1077717267e-06
119,adam,1.8805206745e-05,3.5858787107e-05,1.0947664897e-06
120,adam,1.8442672470e-05,3.5155975286e-05,1.0808560329e-06
121,adam,1.8075594221e-05,3.4444858608e-05,1.0664561460e-06
122,adam,1.7799491078e-05,3.3913736081e-05,1.0532787964e-06
123,adam,1.7643062220e-05,3.3618169462e-05,1.0424718605e-06
124,adam,1.7557891791e-05,3.3462220865e-05,1.0334766988e-06
125,adam,1.7464777904e-05,3.3290458897e-05,1.0244355695e-06
126,adam,1.7314238133e-05,3.3006713971e-05,1.0136014343e-06
127,adam,1.7115403295e-05,3.2629893169e-05,1.0005708877e-06
128,adam,1.6916821403e-05,3.2255442591e-05,9.8637513426e-07
129,adam,1.6759152356e-05,3.1962202218e-05,9.7256405831e-07
130,adam,1.6640883892e-05,3.1745685844e-05,9.6005121273e-07
131,adam,1.6523155935e-05,3.1528507233e-05,9.4862789828e-07
132,adam,1.6367524777e-05,3.1234880332e-05,9.3760576407e-07
133,adam,1.6169660694e-05,3.0856914760e-05,9.2650414176e-07
134,adam,1.5962306946e-05,3.0459859557e-05,9.1547145913e-07
135,adam,1.5787161646e-05,3.0126267667e-05,9.0503476530e-07
136,adam,1.5662415077e-05,2.9892056577e-05,8.9548348592e-07
137,adam,1.5571390743e-05,2.9724305755e-05,8.8654733198e-07
138,adam,1.5479316927e-05,2.9554518714e-05,8.7757196215e-07
139,adam,1.5362957510e-05,2.9337157879e-05,8.6797321283e-07
140,adam,1.5226329804e-05,2.9080410029e-05,8.5765598602e-07
141,adam,1.5091554060e-05,2.8827905762e-05,8.4700147369e-07
142,adam,1.4976290991e-05,2.8614053376e-05,8.3658037823e-07
143,adam,1.4878492964e-05,2.8434245189e-05,8.2671296132e-07
144,adam,1.4780575457e-05,2.8253329625e-05,8.1738830579e-07
145,adam,1.4666195369e-05,2.8038911435e-05,8.0842456433e-07
146,adam,1.4534894194e-05,2.7790299556e-05,7.9968051969e-07
147,adam,1.4401687596e-05,2.7537495677e-05,7.9117469712e-07
148,adam,1.4283373595e-05,2.7313973537e-05,7.8298353289e-07
149,adam,1.4185083146e-05,2.7130009072e-05,7.7509826219e-07
150,adam,1.4097962645e-05,2.6968136598e-05,7.6736793277e-07
151,adam,1.4007968505e-05,2.6800650367e-05,7.5955415161e-07
152,adam,1.3907796143e-05,2.6613177490e-05,7.5150924671e-07
153,adam,1.3800905236e-05,2.6412596978e-05,7.4325843359e-07
154,adam,1.3696682003e-05,2.6217429312e-05,7.3495918443e-07
155,adam,1.3600791552e-05,2.6038710005e-05,7.2679568704e-07
156,adam,1.3510824788e-05,2.5871431978e-05,7.1888599897e-07
157,adam,1.3419930189e-05,2.5701853508e-05,7.1125429376e-07
158,adam,1.3323213277e-05,2.5520243730e-05,7.0386426460e-07
159,adam,1.3221988560e-05,2.5329289664e-05,6.9667966041e-07
160,adam,1.3122388276e-05,2.5141267066e-05,6.8969342801e-07
161,adam,1.3029569162e-05,2.4966534905e-05,6.8287713678e-07
162,adam,1.2943791687e-05,2.4805694772e-05,6.7618037547e-07
163,adam,1.2861261805e-05,2.4651287308e-05,6.6952268916e-07
164,adam,1.2777903142e-05,2.4495265451e-05,6.6283802102e-07
165,adam,1.2692647325e-05,2.4335533610e-05,6.5610064954e-07
166,adam,1.2607382661e-05,2.4175810850e-05,6.4934654555e-07
167,adam,1.2524960909e-05,2.4021670802e-05,6.4265688576e-07
168,adam,1.2446017576e-05,2.3874274082e-05,6.3610066908e-07
169,adam,1.2368913028e-05,2.3730277778e-05,6.2971767383e-07
170,adam,1.2291357538e-05,2.3585100056e-05,6.2350938763e-07
171,adam,1.2212442746e-05,2.3436940233e-05,6.1746578668e-07
172,adam,1.2133171965e-05,2.3287862310e-05,6.1155101233e-07
173,adam,1.2055218535e-05,2.3141247469e-05,6.0574350089e-07
174,adam,1.1979480592e-05,2.2998938626e-05,6.0001409862e-07
175,adam,1.1905269805e-05,2.2859601349e-05,5.9433641346e-07
176,adam,1.1831592197e-05,2.2721291327e-05,5.8868316727e-07
177,adam,1.1757897120e-05,2.2582926978e-05,5.8304203921e-07
178,adam,1.1684547737e-05,2.2445226576e-05,5.7741806070e-07
179,adam,1.1612215679e-05,2.2309483331e-05,5.7184251667e-07
180,adam,1.1541546117e-05,2.2176930800e-05,5.6635089590e-07
181,adam,1.1472182370e-05,2.2046828995e-05,5.6095984078e-07
182,adam,1.1403381471e-05,2.1917672141e-05,5.5568175013e-07
183,adam,1.1334532289e-05,2.1788242032e-05,5.5051409164e-07
184,adam,1.1265758955e-05,2.1658805686e-05,5.4544513987e-07
185,adam,1.1197574604e-05,2.1530411389e-05,5.4046113713e-07
186,adam,1.1130186289e-05,2.1403500545e-05,5.3554502044e-07
187,adam,1.1063669278e-05,2.1278245648e-05,5.3068306716e-07
188,adam,1.0997755296e-05,2.1154136285e-05,5.2585894160e-07
189,adam,1.0932239657e-05,2.1030775498e-05,5.2106488544e-07
190,adam,1.0867335346e-05,2.0908578139e-05,5.1630784622e-07
191,adam,1.0803526220e-05,2.0788503170e-05,5.1159329456e-07
192,adam,1.0740824252e-05,2.0670549721e-05,5.0693673961e-07
193,adam,1.0679189016e-05,2.0554589471e-05,5.0236785029e-07
194,adam,1.0618369845e-05,2.0440131417e-05,4.9788017071e-07
195,adam,1.0558167398e-05,2.0326784162e-05,4.9346914630e-07
196,adam,1.0498427814e-05,2.0214248019e-05,4.8912975593e-07
197,adam,1.0439125526e-05,2.0102482535e-05,4.8485532362e-07
198,adam,1.0380277873e-05,1.9991531534e-05,4.8064013243e-07
199,adam,1.0321796897e-05,1.9881242138e-05,4.7646978474e-07
200,adam,1.0263643355e-05,1.9771543345e-05,4.7233960316e-07
201,adam,1.0205766973e-05,1.9662337363e-05,4.6824786427e-07
202,adam,1.0148359712e-05,1.9553985856e-05,4.6420847990e-07
203,adam,1.0091652845e-05,1.9446968930e-05,4.6021047485e-07
204,adam,1.0035707466e-05,1.9341400401e-05,4.5625908181e-07
205,adam,9.9806025216e-06,1.9237426729e-05,4.5236144667e-07
206,adam,9.9262356228e-06,1.9134844336e-05,4.4851681824e-07
207,adam,9.8724955585e-06,1.9033425323e-05,4.4472862100e-07
208,adam,9.8191480225e-06,1.8932694807e-05,4.4100077381e-07
209,adam,9.7661760929e-06,1.8832633056e-05,4.3732445639e-07
210,adam,9.7134796600e-06,1.8733042463e-05,4.3369803569e-07
211,adam,9.6610240904e-06,1.8633861068e-05,4.3011694548e-07
212,adam,9.6089341351e-06,1.8535347933e-05,4.2657521060e-07
213,adam,9.5574343243e-06,1.8437946729e-05,4.2307619947e-07
214,adam,9.5064939721e-06,1.8341606706e-05,4.1961327367e-07
215,adam,9.4560532503e-06,1.8246215127e-05,4.1618210847e-07
216,adam,9.4062583182e-06,1.8152051664e-05,4.1279060793e-07
217,adam,9.3570305799e-06,1.8058954508e-05,4.0944165722e-07
218,adam,9.3084193509e-06,1.7967020050e-05,4.0613665729e-07
219,adam,9.2603892121e-06,1.7876181193e-05,4.0287326962e-07
220,adam,9.2128379835e-06,1.7786232853e-05,3.9965194611e-07
221,adam,9.1656850440e-06,1.7697013417e-05,3.9647291930e-07
222,adam,9.1187940166e-06,1.7608263311e-05,3.9332795133e-07
223,adam,9.0722686362e-06,1.7520189908e-05,3.9021710285e-07
224,adam,9.0259910695e-06,1.7432557553e-05,3.8714036629e-07
225,adam,8.9800974125e-06,1.7345644619e-05,3.8409387846e-07
226,adam,8.9347345893e-06,1.7259739663e-05,3.8108094714e-07
227,adam,8.8899504727e-06,1.7174940105e-05,3.7810052514e-07
228,adam,8.8458323803e-06,1.7091414130e-05,3.7515664424e-07
229,adam,8.8024379277e-06,1.7009277429e-05,3.7224901664e-07
230,adam,8.7596889155e-06,1.6928378105e-05,3.6937482879e-07
231,adam,8.7174824919e-06,1.6848515499e-05,3.6653092789e-07
232,adam,8.6756964496e-06,1.6769445609e-05,3.6371705649e-07
233,adam,8.6342556780e-06,1.6691014903e-05,3.6093528326e-07
234,adam,8.5930057788e-06,1.6612918826e-05,3.5818295720e-07
235,adam,8.5519256599e-06,1.6535123217e-05,3.5545506412e-07
236,adam,8.5111278865e-06,1.6457849253e-05,3.5275407484e-07
237,adam,8.4705924520e-06,1.6381056743e-05,3.5008010059e-07
238,adam,8.4303124044e-06,1.6304730191e-05,3.4743413592e-07
239,adam,8.3902610567e-06,1.6228815529e-05,3.4481661549e-07
240,adam,8.3505406934e-06,1.6153509076e-05,3.4223269397e-07
241,adam,8.3111819777e-06,1.6078884081e-05,3.3967492123e-07
242,adam,8.2722468297e-06,1.6005062974e-05,3.3714417852e-07
243,adam,8.2337203547e-06,1.5932015957e-05,3.3464047045e-07
244,adam,8.1955683103e-06,1.5859675225e-05,3.3216337202e-07
245,adam,8.1576954808e-06,1.5787852687e-05,3.2971142182e-07
246,adam,8.1201299891e-06,1.5716604118e-05,3.2728491286e-07
247,adam,8.0828599061e-06,1.5645900152e-05,3.2488728749e-07
248,adam,8.0459192295e-06,1.5575814833e-05,3.2251476649e-07
249,adam,8.0092463654e-06,1.5506230016e-05,3.2016419657e-07
250,adam,7.9729069469e-06,1.5437272613e-05,3.1783830078e-07
251,adam,7.9369318458e-06,1.5369002465e-05,3.1553826677e-07
252,adam,7.9013297746e-06,1.5301438363e-05,3.1326324168e-07
253,adam,7.8660055567e-06,1.5234383764e-05,3.1101709346e-07
254,adam,7.8308538347e-06,1.5167634224e-05,3.0879590367e-07
255,adam,7.7959618856e-06,1.5101370685e-05,3.0659567919e-07
256,adam,7.7613253783e-06,1.5035586069e-05,3.0441542964e-07
257,adam,7.7269424610e-06,1.4970270034e-05,3.0225930496e-07
258,adam,7.6927799856e-06,1.4905359187e-05,3.0012548986e-07
259,adam,7.6588293471e-06,1.4840837900e-05,2.9801299638e-07
260,adam,7.6251344526e-06,1.4776788432e-05,2.9592529547e-07
261,adam,7.5916870423e-06,1.4713199487e-05,2.9385912379e-07
262,adam,7.5584612995e-06,1.4650025292e-05,2.9181081687e-07
263,adam,7.5255927121e-06,1.4587531811e-05,2.8978350804e-07
264,adam,7.4931345772e-06,1.4525827664e-05,2.8777593138e-07
265,adam,7.4610353425e-06,1.4464811434e-05,2.8578703202e-07
266,adam,7.4293089167e-06,1.4404514972e-05,2.8381428856e-07
267,adam,7.3979303839e-06,1.4344879975e-05,2.8186299515e-07
268,adam,7.3668893734e-06,1.4285885915e-05,2.7993301972e-07
269,adam,7.3362016032e-06,1.4227559104e-05,2.7802756425e-07
270,adam,7.3058271120e-06,1.4169820127e-05,2.7614631068e-07
271,adam,7.2756860875e-06,1.4112514950e-05,2.7428576573e-07
272,adam,7.2455734643e-06,1.4055239503e-05,2.7244214080e-07
273,adam,7.2156736957e-06,1.3998362169e-05,2.7061576377e-07
274,adam,7.1860552848e-06,1.3942014907e-05,2.6880978920e-07
275,adam,7.1566959020e-06,1.3886158327e-05,2.6702092311e-07
276,adam,7.1276649028e-06,1.3830930111e-05,2.6524980906e-07
277,adam,7.0988505550e-06,1.3776109198e-05,2.6349494529e-07
278,adam,7.0702169844e-06,1.3721621701e-05,2.6175766737e-07
279,adam,7.0418023806e-06,1.3667541773e-05,2.6003936767e-07
280,adam,7.0136808149e-06,1.3614019180e-05,2.5833903106e-07
281,adam,6.9857716726e-06,1.3560893867e-05,2.5665592404e-07
282,adam,6.9581116827e-06,1.3508240465e-05,2.5498931299e-07
283,adam,6.9306014402e-06,1.3455863050e-05,2.5333739405e-07
284,adam,6.9032275714e-06,1.3403731457e-05,2.5170230349e-07
285,adam,6.8760749952e-06,1.3352016106e-05,2.5008367754e-07
286,adam,6.8491580643e-06,1.3300749783e-05,2.4847896592e-07
287,adam,6.8225610063e-06,1.3250099474e-05,2.4688908660e-07
288,adam,6.7962128377e-06,1.3199921685e-05,2.4531499397e-07
289,adam,6.7701231675e-06,1.3150237118e-05,2.4375576097e-07
290,adam,6.7443652680e-06,1.3101191273e-05,2.4221203904e-07
291,adam,6.7188978785e-06,1.3052705618e-05,2.4068133662e-07
292,adam,6.6936810830e-06,1.3004696203e-05,2.3916622671e-07
293,adam,6.6686251393e-06,1.2956987303e-05,2.3766435985e-07
294,adam,6.6437549889e-06,1.2909627181e-05,2.3617674810e-07
295,adam,6.6191140940e-06,1.2862704030e-05,2.3470259842e-07
296,adam,6.5946896322e-06,1.2816192859e-05,2.3324150323e-07
297,adam,6.5703576724e-06,1.2769845971e-05,2.3179335854e-07
298,adam,6.5460876709e-06,1.2723594886e-05,2.3036278491e-07
299,adam,6.5219550286e-06,1.2677593195e-05,2.2894803898e-07
300,adam,6.4980009510e-06,1.2631926534e-05,2.2754710503e-07
301,adam,6.4742278404e-06,1.2586602983e-05,2.2615793596e-07
302,adam,6.4506234658e-06,1.2541596518e-05,2.2478150831e-07
303,adam,6.4272105011e-06,1.2496948994e-05,2.2342000498e-07
304,adam,6.4039621550e-06,1.2452608946e-05,2.2207210278e-07
305,adam,6.3809018543e-06,1.2408624681e-05,2.2073689233e-07
306,adam,6.3580473177e-06,1.2365032850e-05,2.1941361564e-07
307,adam,6.3353585008e-06,1.2321750971e-05,2.1810376915e-07
308,adam,6.3128579151e-06,1.2278824064e-05,2.1680735389e-07
309,adam,6.2906309610e-06,1.2236423608e-05,2.1552394610e-07
310,adam,6.2686502874e-06,1.2194498091e-05,2.1425155247e-07
311,adam,6.2468867187e-06,1.2152987747e-05,2.1299105670e-07
312,adam,6.2253017699e-06,1.2111816946e-05,2.1174162125e-07
313,adam,6.2039067914e-06,1.2071007164e-05,2.1050401147e-07
314,adam,6.1827307068e-06,1.2030616415e-05,2.0927812381e-07
315,adam,6.1617400270e-06,1.1990579085e-05,2.0806310576e-07
316,adam,6.1409345627e-06,1.1950890384e-05,2.0686171349e-07
317,adam,6.1202906826e-06,1.1911502786e-05,2.0567411224e-07
318,adam,6.0998276419e-06,1.1872459042e-05,2.0449765112e-07
319,adam,6.0795955303e-06,1.1833862849e-05,2.0333013251e-07
320,adam,6.0594585839e-06,1.1795442188e-05,2.0217186252e-07
321,adam,6.0394833174e-06,1.1757328985e-05,2.0102353136e-07
322,adam,6.0196524137e-06,1.1719488641e-05,1.9988511678e-07
323,adam,5.9998863207e-06,1.1681761231e-05,1.9875713158e-07
324,adam,5.9802497895e-06,1.1644274790e-05,1.9764049332e-07
325,adam,5.9607253114e-06,1.1606996395e-05,1.9653389239e-07
326,adam,5.9413821162e-06,1.1570063575e-05,1.9543791077e-07
327,adam,5.9221357824e-06,1.1533306051e-05,1.9435344637e-07
328,adam,5.9029472180e-06,1.1496652075e-05,1.9327647576e-07
329,adam,5.8839156261e-06,1.1460296896e-05,1.9220897245e-07
330,adam,5.8649931683e-06,1.1424143034e-05,1.9115206388e-07
331,adam,5.8461363803e-06,1.1388104664e-05,1.9010506024e-07
332,adam,5.8273887804e-06,1.1352273082e-05,1.8906529931e-07
333,adam,5.8087765270e-06,1.1316697896e-05,1.8803447376e-07
334,adam,5.7902797733e-06,1.1281339131e-05,1.8701275971e-07
335,adam,5.7718779095e-06,1.1246155525e-05,1.8600018381e-07
336,adam,5.7536123291e-06,1.1211229482e-05,1.8499698485e-07
337,adam,5.7354780270e-06,1.1176552357e-05,1.8400231081e-07
338,adam,5.7174916896e-06,1.1142155490e-05,1.8301743072e-07
339,adam,5.6996407638e-06,1.1108011772e-05,1.8204359711e-07
340,adam,5.6819663194e-06,1.1074207169e-05,1.8107841848e-07
341,adam,5.6644256905e-06,1.1040659055e-05,1.8012020388e-07
342,adam,5.6470489728e-06,1.1007426670e-05,1.7916954708e-07
343,adam,5.6297857946e-06,1.0974409877e-05,1.7822606995e-07
344,adam,5.6126682917e-06,1.0941671912e-05,1.7729041945e-07
345,adam,5.5957056566e-06,1.0909231645e-05,1.7636229271e-07
346,adam,5.5789079504e-06,1.0877106159e-05,1.7544358853e-07
347,adam,5.5622429949e-06,1.0845230721e-05,1.7453454323e-07
348,adam,5.5456497735e-06,1.0813483508e-05,1.7363502415e-07
349,adam,5.5289854261e-06,1.0781580390e-05,1.7274403920e-07
350,adam,5.5122995635e-06,1.0749621785e-05,1.7186083852e-07
351,adam,5.4956312394e-06,1.0717683892e-05,1.7098661651e-07
352,adam,5.4789724234e-06,1.0685753054e-05,1.7011987049e-07
353,adam,5.4623768011e-06,1.0653939046e-05,1.6925909781e-07
354,adam,5.4458493087e-06,1.0622249701e-05,1.6840557284e-07
355,adam,5.4294411955e-06,1.0590787256e-05,1.6755945958e-07
356,adam,5.4131994644e-06,1.0559643252e-05,1.6672229811e-07
357,adam,5.3970419114e-06,1.0528655670e-05,1.6589259517e-07
358,adam,5.3809567043e-06,1.0497801026e-05,1.6507023906e-07
359,adam,5.3649821262e-06,1.0467156315e-05,1.6425496087e-07
360,adam,5.3491263264e-06,1.0436737522e-05,1.6344695693e-07
361,adam,5.3333616937e-06,1.0406489732e-05,1.6264603454e-07
362,adam,5.3176268588e-06,1.0376288844e-05,1.6185304583e-07
363,adam,5.3019913266e-06,1.0346276630e-05,1.6106626454e-07
364,adam,5.2864156315e-06,1.0316374329e-05,1.6028558347e-07
365,adam,5.2709196377e-06,1.0286619812e-05,1.5951216458e-07
366,adam,5.2554053376e-06,1.0256813119e-05,1.5874847287e-07
367,adam,5.2399268795e-06,1.0227064924e-05,1.5799302202e-07
368,adam,5.2244890679e-06,1.0197385536e-05,1.5724537478e-07
369,adam,5.2090765536e-06,1.0167747284e-05,1.5650363979e-07
370,adam,5.1936752561e-06,1.0138124902e-05,1.5576600609e-07
371,adam,5.1782796831e-06,1.0108504647e-05,1.5503419953e-07
372,adam,5.1628482823e-06,1.0078803554e-05,1.5430813179e-07
373,adam,5.1474276072e-06,1.0049114617e-05,1.5358787369e-07
374,adam,5.1319607129e-06,1.0019326180e-05,1.5287202881e-07
375,adam,5.1165586992e-06,9.9896596891e-06,1.5216106830e-07
376,adam,5.1012672393e-06,9.9602066035e-06,1.5145492189e-07
377,adam,5.0861013845e-06,9.9309966629e-06,1.5075381634e-07
378,adam,5.0710794952e-06,9.9020661939e-06,1.5005799782e-07
379,adam,5.0561730813e-06,9.8733615571e-06,1.4936537837e-07
380,adam,5.0413840180e-06,9.8448836940e-06,1.4867771379e-07
381,adam,5.0266982413e-06,9.8166022252e-06,1.4799641093e-07
382,adam,5.0120800918e-06,9.7884463955e-06,1.4732111752e-07
383,adam,4.9975452441e-06,9.7604490288e-06,1.4665091215e-07
384,adam,4.9830857220e-06,9.7325950063e-06,1.4598527355e-07
385,adam,4.9687278253e-06,9.7049354644e-06,1.4532511633e-07
386,adam,4.9544803473e-06,9.6774896181e-06,1.4466942279e-07
387,adam,4.9403368743e-06,9.6502440338e-06,1.4401857181e-07
388,adam,4.9263041038e-06,9.6232107173e-06,1.4337343140e-07
389,adam,4.9123683772e-06,9.5963624006e-06,1.4273397108e-07
390,adam,4.8985712082e-06,9.5697822837e-06,1.4210008292e-07
391,adam,4.8849111589e-06,9.5434684960e-06,1.4147113859e-07
392,adam,4.8713478274e-06,9.5173390572e-06,1.4084787346e-07
393,adam,4.8578364355e-06,9.4913059771e-06,1.4022930866e-07
394,adam,4.8443895094e-06,9.4653928672e-06,1.3961634478e-07
395,adam,4.8310495211e-06,9.4396874801e-06,1.3900722633e-07
396,adam,4.8178225105e-06,9.4142016357e-06,1.3840211589e-07
397,adam,4.8046552939e-06,9.3888306338e-06,1.3779997131e-07
398,adam,4.7916249430e-06,9.3637264314e-06,1.3720215907e-07
399,adam,4.7787389628e-06,9.3389007895e-06,1.3661071006e-07
400,adam,4.7659726898e-06,9.3143054198e-06,1.3602497482e-07
401,adam,4.7532754043e-06,9.2898385242e-06,1.3544517770e-07
402,adam,4.7407102689e-06,9.2656279755e-06,1.3487035143e-07
403,adam,4.7282863064e-06,9.2416908120e-06,1.3430112556e-07
404,adam,4.7160137250e-06,9.2180484375e-06,1.3373688288e-07
405,adam,4.7038899881e-06,9.1946988956e-06,1.3317567530e-07
406,adam,4.6918705059e-06,9.1715505657e-06,1.3261902878e-07
407,adam,4.6799875667e-06,9.1486674387e-06,1.3206730912e-07
408,adam,4.6681864765e-06,9.1259410592e-06,1.3151993361e-07
409,adam,4.6564798834e-06,9.1033973472e-06,1.3097651228e-07
410,adam,4.6448977045e-06,9.0810967134e-06,1.3043668475e-07
411,adam,4.6334194593e-06,9.0589975276e-06,1.2990086942e-07
412,adam,4.6220590604e-06,9.0371277816e-06,1.2936896196e-07
413,adam,4.6108145026e-06,9.0154844880e-06,1.2884032328e-07
414,adam,4.5996769650e-06,8.9940499863e-06,1.2831496476e-07
415,adam,4.5885832356e-06,8.9726955252e-06,1.2779434131e-07
416,adam,4.5774926360e-06,8.9513395546e-06,1.2727857336e-07
417,adam,4.5663981142e-06,8.9299703212e-06,1.2676619202e-07
418,adam,4.5552684206e-06,8.9085215983e-06,1.2625952685e-07
419,adam,4.5440827473e-06,8.8869511750e-06,1.2575894974e-07
420,adam,4.5328547700e-06,8.8652911578e-06,1.2526148883e-07
421,adam,4.5215963511e-06,8.8435646598e-06,1.2476752651e-07
422,adam,4.5103693400e-06,8.8218956787e-06,1.2427687587e-07
423,adam,4.4991655689e-06,8.8002683341e-06,1.2378925231e-07
424,adam,4.4880289888e-06,8.7787693965e-06,1.2330536321e-07
425,adam,4.4769731382e-06,8.7574275772e-06,1.2282418703e-07
426,adam,4.4660027360e-06,8.7362518417e-06,1.2234601889e-07
427,adam,4.4551312637e-06,8.7152679756e-06,1.2187159488e-07
428,adam,4.4443869718e-06,8.6945335961e-06,1.2140021718e-07
429,adam,4.4337531037e-06,8.6740185124e-06,1.2092980935e-07
430,adam,4.4232376041e-06,8.6537334561e-06,1.2046359503e-07
431,adam,4.4128282465e-06,8.6336546159e-06,1.2000117318e-07
432,adam,4.4025077094e-06,8.6137485433e-06,1.1954179713e-07
433,adam,4.3922752469e-06,8.5940131246e-06,1.1908585567e-07
434,adam,4.3820515091e-06,8.5742898633e-06,1.1863322175e-07
435,adam,4.3718053890e-06,8.5545164415e-06,1.1818396034e-07
436,adam,4.3615822123e-06,8.5347841441e-06,1.1773767526e-07
437,adam,4.3514024233e-06,8.5151335564e-06,1.1729455646e-07
438,adam,4.3412531186e-06,8.4955380202e-06,1.1685513560e-07
439,adam,4.3310693812e-06,8.4758678969e-06,1.1641929097e-07
440,adam,4.3209123365e-06,8.4562455223e-06,1.1598696919e-07
441,adam,4.3107741883e-06,8.4366546816e-06,1.1555855931e-07
442,adam,4.3007017244e-06,8.4171880527e-06,1.1513462254e-07
443,adam,4.2906941431e-06,8.3978473365e-06,1.1471309364e-07
444,adam,4.2807634106e-06,8.3786547450e-06,1.1429504764e-07
445,adam,4.2709113823e-06,8.3596151684e-06,1.1387974763e-07
446,adam,4.2611528905e-06,8.3407583140e-06,1.1346716688e-07
447,adam,4.2514629310e-06,8.3220329400e-06,1.1305807626e-07
448,adam,4.2418494974e-06,8.3034542548e-06,1.1265296253e-07
449,adam,4.2323214293e-06,8.2850405419e-06,1.1225144790e-07
450,adam,4.2228659918e-06,8.2667675943e-06,1.1185274325e-07
451,adam,4.2134235916e-06,8.2485158954e-06,1.1145705488e-07
452,adam,4.2040387179e-06,8.2303728657e-06,1.1106535631e-07
453,adam,4.1946873761e-06,8.2122925547e-06,1.1067637342e-07
454,adam,4.1853412065e-06,8.1942191558e-06,1.1028953579e-07
455,adam,4.1759321919e-06,8.1760142385e-06,1.0990634083e-07
456,adam,4.1665116345e-06,8.1577821051e-06,1.0952572738e-07
457,adam,4.1571166961e-06,8.1395969151e-06,1.0914779817e-07
458,adam,4.1477508602e-06,8.1214636339e-06,1.0877380410e-07
459,adam,4.1384022968e-06,8.1033624374e-06,1.0840134760e-07
460,adam,4.1290793936e-06,8.0853093039e-06,1.0803092701e-07
461,adam,4.1196408295e-06,8.0670202112e-06,1.0766340492e-07
462,adam,4.1102272281e-06,8.0487764310e-06,1.0729876573e-07
463,adam,4.1007981436e-06,8.0304976639e-06,1.0693663951e-07
464,adam,4.0914362539e-06,8.0123497569e-06,1.0657671925e-07
465,adam,4.0821306232e-06,7.9943142262e-06,1.0621688766e-07
466,adam,4.0728689055e-06,7.9763638837e-06,1.0585870463e-07
467,adam,4.0636616101e-06,7.9585180686e-06,1.0550321979e-07
468,adam,4.0545135150e-06,7.9407853210e-06,1.0515106810e-07
469,adam,4.0454087238e-06,7.9231356820e-06,1.0480110349e-07
470,adam,4.0363484026e-06,7.9055703066e-06,1.0445406158e-07
471,adam,4.0273496582e-06,7.8881231454e-06,1.0411010680e-07
472,adam,4.0183991273e-06,7.8707693184e-06,1.0376808509e-07
473,adam,4.0095174013e-06,7.8535490535e-06,1.0342859310e-07
474,adam,4.0007075562e-06,7.8364685839e-06,1.0309158024e-07
475,adam,3.9919512415e-06,7.8194895497e-06,1.0275808327e-07
476,adam,3.9832038027e-06,7.8025222072e-06,1.0242837379e-07
477,adam,3.9744224276e-06,7.7854816425e-06,1.0210200798e-07
478,adam,3.9655565475e-06,7.7682692587e-06,1.0177739772e-07
479,adam,3.9566555917e-06,7.7509828179e-06,1.0145522841e-07
480,adam,3.9477032662e-06,7.7335893526e-06,1.0113573744e-07
481,adam,3.9387368799e-06,7.7161653114e-06,1.0081778023e-07
482,adam,3.9297540900e-06,7.6987032491e-06,1.0050308186e-07
483,adam,3.9208178353e-06,7.6813283075e-06,1.0019210200e-07
484,adam,3.9119172368e-06,7.6640188218e-06,9.9884782427e-08
485,adam,3.9030083856e-06,7.6466887290e-06,9.9580026369e-08
486,adam,3.8941677889e-06,7.6294918105e-06,9.9277354556e-08
487,adam,3.8854046695e-06,7.6124493544e-06,9.8974990344e-08
488,adam,3.8767482970e-06,7.5956183218e-06,9.8673920174e-08
489,adam,3.8682177791e-06,7.5790387092e-06,9.8373030638e-08
490,adam,3.8597801215e-06,7.5626444219e-06,9.8072388135e-08
491,adam,3.8514073535e-06,7.5463772205e-06,9.7773429016e-08
492,adam,3.8431108209e-06,7.5302593394e-06,9.7476438997e-08
493,adam,3.8348584596e-06,7.5142259187e-06,9.7181875334e-08
494,adam,3.8266118716e-06,7.4982010869e-06,9.6889160125e-08
495,adam,3.8184055647e-06,7.4822542695e-06,9.6598037436e-08
496,adam,3.8102289222e-06,7.4663638165e-06,9.6308767399e-08
497,adam,3.8020285590e-06,7.4504230923e-06,9.6021266100e-08
498,adam,3.7938036225e-06,7.4344299939e-06,9.5735781947e-08
499,adam,3.7855618660e-06,7.4184009093e-06,9.5451764189e-08
500,adam,3.7772802967e-06,7.4022885895e-06,9.5170002506e-08
501,adam,3.7689687126e-06,7.3861132322e-06,9.4890120660e-08
502,adam,3.7606444258e-06,7.3699096611e-06,9.4611993991e-08
503,adam,3.7523156853e-06,7.3536962222e-06,9.4334467778e-08
504,adam,3.7440435868e-06,7.3375942789e-06,9.4058059158e-08
505,adam,3.7357728789e-06,7.3214945162e-06,9.3782025959e-08
506,adam,3.7275349974e-06,7.3054576277e-06,9.3507729448e-08
507,adam,3.7193695584e-06,7.2895649894e-06,9.3233829574e-08
508,adam,3.7112739605e-06,7.2738123439e-06,9.2959735674e-08
509,adam,3.7032673448e-06,7.2582373563e-06,9.2685833289e-08
510,adam,3.6953355968e-06,7.2428119262e-06,9.2412042103e-08
511,adam,3.6874663822e-06,7.2275105629e-06,9.2138875956e-08
512,adam,3.6796031181e-06,7.2122205318e-06,9.1866065246e-08
513,adam,3.6715470422e-06,7.1965440468e-06,9.1593773470e-08
514,adam,3.6634488053e-06,7.1807833094e-06,9.1321438234e-08
515,adam,3.6552962883e-06,7.1649145347e-06,9.1048776191e-08
516,adam,3.6471437512e-06,7.1490461831e-06,9.0775824591e-08
517,adam,3.6390178589e-06,7.1332288815e-06,9.0504272610e-08
518,adam,3.6308653783e-06,7.1173548748e-06,9.0234926187e-08
519,adam,3.6227437773e-06,7.1015392810e-06,8.9967670948e-08
520,adam,3.6146753059e-06,7.0858284905e-06,8.9701325738e-08
521,adam,3.6066649424e-06,7.0702341066e-06,8.9434861374e-08
522,adam,3.5987129332e-06,7.0547577381e-06,8.9167580133e-08
523,adam,3.5907975743e-06,7.0393532887e-06,8.8901162436e-08
524,adam,3.5828575590e-06,7.0238958858e-06,8.8637020200e-08
525,adam,3.5749021617e-06,7.0084036563e-06,8.8375416961e-08
526,adam,3.5669451655e-06,6.9929049864e-06,8.8115840321e-08
527,adam,3.5589881549e-06,6.9774057044e-06,8.7856628320e-08
528,adam,3.5510105929e-06,6.9618636275e-06,8.7598473980e-08
529,adam,3.5430435069e-06,6.9463409120e-06,8.7341313570e-08
530,adam,3.5350721445e-06,6.9308084453e-06,8.7084902349e-08
531,adam,3.5271426049e-06,6.9153564406e-06,8.6830480718e-08
532,adam,3.5192702511e-06,6.9000149561e-06,8.6578466310e-08
533,adam,3.5114506468e-06,6.8847775681e-06,8.6327328433e-08
534,adam,3.5036629164e-06,6.8696026462e-06,8.6076991563e-08
535,adam,3.4958820700e-06,6.8544390117e-06,8.5828205211e-08
536,adam,3.4881425155e-06,6.8393585811e-06,8.5579031204e-08
537,adam,3.4804311665e-06,6.8243321649e-06,8.5331355147e-08
538,adam,3.4727876692e-06,6.8094386628e-06,8.5085422253e-08
539,adam,3.4652579062e-06,6.7947704174e-06,8.4840871842e-08
540,adam,3.4578646684e-06,6.7803748411e-06,8.4596559832e-08
541,adam,3.4505770542e-06,6.7661918790e-06,8.4351393427e-08
542,adam,3.4432754059e-06,6.7519798894e-06,8.4106826479e-08
543,adam,3.4359792284e-06,6.7377773754e-06,8.3863175893e-08
544,adam,3.4286834033e-06,6.7235744755e-06,8.3620206981e-08
545,adam,3.4213670085e-06,6.7093276423e-06,8.3378984237e-08
546,adam,3.4140602510e-06,6.6950969989e-06,8.3139689374e-08
547,adam,3.4067880775e-06,6.6809334367e-06,8.2901698879e-08
548,adam,3.3995209128e-06,6.6667772719e-06,8.2665346016e-08
549,adam,3.3922102192e-06,6.6525317881e-06,8.2430406475e-08
550,adam,3.3849082276e-06,6.6382988941e-06,8.2198475654e-08
551,adam,3.3776389398e-06,6.6241269445e-06,8.1969334409e-08
552,adam,3.3703979636e-06,6.6100080470e-06,8.1742425098e-08
553,adam,3.3631367565e-06,6.5958465097e-06,8.1516877101e-08
554,adam,3.3559314136e-06,6.5817956440e-06,8.1291989468e-08
555,adam,3.3487719725e-06,6.5678358479e-06,8.1067560713e-08
556,adam,3.3415964553e-06,6.5538428574e-06,8.0843783275e-08
557,adam,3.3344306684e-06,6.5398667220e-06,8.0621634279e-08
558,adam,3.3273024825e-06,6.5259632831e-06,8.0401051182e-08
559,adam,3.3202444340e-06,6.5121978146e-06,8.0181908416e-08
560,adam,3.3132731588e-06,6.4986028411e-06,7.9964672777e-08
561,adam,3.3063397316e-06,6.4850819715e-06,7.9748432330e-08
562,adam,3.2994270835e-06,6.4716040449e-06,7.9531326299e-08
563,adam,3.2925193871e-06,6.4581360054e-06,7.9314230504e-08
564,adam,3.2856396489e-06,6.4447209142e-06,7.9098989816e-08
565,adam,3.2787951780e-06,6.4313751137e-06,7.8884526458e-08
566,adam,3.2719914444e-06,6.4181090962e-06,7.8671120416e-08
567,adam,3.2652349149e-06,6.4049374071e-06,7.8457764193e-08
568,adam,3.2585252390e-06,6.3918605875e-06,7.8243681568e-08
569,adam,3.2518525785e-06,6.3788585238e-06,7.8029145782e-08
570,adam,3.2451966270e-06,6.3658891126e-06,7.7815088363e-08
571,adam,3.2385617114e-06,6.3529603473e-06,7.7601922160e-08
572,adam,3.2319778151e-06,6.3401332698e-06,7.7388975217e-08
573,adam,3.2254450202e-06,6.3274065473e-06,7.7177183269e-08
574,adam,3.2189531900e-06,6.3147615162e-06,7.6965539846e-08
575,adam,3.2124799280e-06,6.3021544026e-06,7.6753408307e-08
576,adam,3.2060038642e-06,6.2895415459e-06,7.6541364091e-08
577,adam,3.1994976732e-06,6.2768673330e-06,7.6330008313e-08
578,adam,3.1929553608e-06,6.2641198084e-06,7.6119320759e-08
579,adam,3.1864028685e-06,6.2513502493e-06,7.5909679791e-08
580,adam,3.1798267600e-06,6.2385328463e-06,7.5700421035e-08
581,adam,3.1732274862e-06,6.2256701984e-06,7.5490483695e-08
582,adam,3.1666104066e-06,6.2127712389e-06,7.5280983941e-08
583,adam,3.1599664776e-06,6.1998167789e-06,7.5072610215e-08
584,adam,3.1533022067e-06,6.1868188146e-06,7.4865999197e-08
585,adam,3.1466765210e-06,6.1738944659e-06,7.4661610081e-08
586,adam,3.1400651881e-06,6.1609962434e-06,7.4458833002e-08
587,adam,3.1334393447e-06,6.1480673498e-06,7.4257087220e-08
588,adam,3.1268812006e-06,6.1352734139e-06,7.4055617119e-08
589,adam,3.1203423812e-06,6.1225166286e-06,7.3855083682e-08
590,adam,3.1138339879e-06,6.1098177210e-06,7.3656409287e-08
591,adam,3.1073555847e-06,6.0971766324e-06,7.3459085669e-08
592,adam,3.1008707813e-06,6.0845220888e-06,7.3262171154e-08
593,adam,3.0944305038e-06,6.0719564794e-06,7.3065330073e-08
594,adam,3.0880105925e-06,6.0594325063e-06,7.2867924221e-08
595,adam,3.0816106983e-06,6.0469468803e-06,7.2671572729e-08
596,adam,3.0752038063e-06,6.0344453146e-06,7.2476436183e-08
597,adam,3.0687874838e-06,6.0219224396e-06,7.2282829929e-08
598,adam,3.0623869009e-06,6.0094283709e-06,7.2090894240e-08
599,adam,3.0559961748e-06,5.9969521747e-06,7.1900109263e-08
600,adam,3.0496402996e-06,5.9845444208e-06,7.1710111538e-08
601,adam,3.0432976591e-06,5.9721616798e-06,7.1521024042e-08
602,adam,3.0369828113e-06,5.9598326725e-06,7.1333093815e-08
603,adam,3.0306780734e-06,5.9475217553e-06,7.1146494683e-08
604,adam,3.0244009125e-06,5.9352633689e-06,7.0961535028e-08
605,adam,3.0180863388e-06,5.9229288578e-06,7.0777387436e-08
606,adam,3.0117702507e-06,5.9105897959e-06,7.0594190972e-08
607,adam,3.0054555837e-06,5.8982514704e-06,7.0412310609e-08
608,adam,2.9991454593e-06,5.8859195296e-06,7.0232118172e-08
609,adam,2.9927693927e-06,5.8734530018e-06,7.0053614824e-08
610,adam,2.9863390825e-06,5.8608759449e-06,6.9876387615e-08
611,adam,2.9798387087e-06,5.8481584696e-06,6.9699342360e-08
612,adam,2.9732769083e-06,5.8353176039e-06,6.9522632909e-08
613,adam,2.9667481188e-06,5.8225405497e-06,6.9347304889e-08
614,adam,2.9602312099e-06,5.8097830326e-06,6.9174616999e-08
615,adam,2.9537334262e-06,5.7970606182e-06,6.9003896342e-08
616,adam,2.9472827397e-06,5.7844317188e-06,6.8833600415e-08
617,adam,2.9408109693e-06,5.7717626622e-06,6.8662047677e-08
618,adam,2.9343427761e-06,5.7591020014e-06,6.8489719201e-08
619,adam,2.9278856074e-06,5.7464621592e-06,6.8318159734e-08
620,adam,2.9214295886e-06,5.7338217123e-06,6.8148415556e-08
621,adam,2.9149832968e-06,5.7212001396e-06,6.7979033790e-08
622,adam,2.9085716540e-06,5.7086468569e-06,6.7810281891e-08
623,adam,2.9021332080e-06,5.6960409233e-06,6.7640932933e-08
624,adam,2.8956662393e-06,5.6833763417e-06,6.7472585588e-08
625,adam,2.8892113043e-06,5.6707329669e-06,6.7306026061e-08
626,adam,2.8827810489e-06,5.6581363548e-06,6.7141089374e-08
627,adam,2.8763548988e-06,5.6455468865e-06,6.6976819477e-08
628,adam,2.8699016394e-06,5.6329030790e-06,6.6812624900e-08
629,adam,2.8633983965e-06,5.6201588913e-06,6.6648688492e-08
630,adam,2.8568781402e-06,5.6073798555e-06,6.6485265592e-08
631,adam,2.8503265082e-06,5.5945361534e-06,6.6323039344e-08
632,adam,2.8437254932e-06,5.5815926120e-06,6.6161484012e-08
633,adam,2.8371243911e-06,5.5686477999e-06,6.6000613986e-08
634,adam,2.8305343337e-06,5.5557243363e-06,6.5840206881e-08
635,adam,2.8239767022e-06,5.5428650254e-06,6.5680236863e-08
636,adam,2.8174582346e-06,5.5300822554e-06,6.5521383617e-08
637,adam,2.8109864422e-06,5.5173905162e-06,6.5363980098e-08
638,adam,2.8045670931e-06,5.5048045320e-06,6.5206033883e-08
639,adam,2.7981893529e-06,5.4923017393e-06,6.5048104020e-08
640,adam,2.7918489925e-06,5.4798729877e-06,6.4890623293e-08
641,adam,2.7855423077e-06,5.4675097810e-06,6.4734271454e-08
642,adam,2.7792585814e-06,5.4551912482e-06,6.4578696642e-08
643,adam,2.7730138742e-06,5.4429498961e-06,6.4423657721e-08
644,adam,2.7667951377e-06,5.4307590875e-06,6.4269492426e-08
645,adam,2.7605888513e-06,5.4185919575e-06,6.4116090703e-08
646,adam,2.7544138010e-06,5.4064866822e-06,6.3963074829e-08
647,adam,2.7482908968e-06,5.3944854472e-06,6.3810216430e-08
648,adam,2.7422088324e-06,5.3825644505e-06,6.3658258991e-08
649,adam,2.7361782574e-06,5.3707448062e-06,6.3507317864e-08
650,adam,2.7301939031e-06,5.3590152909e-06,6.3357821992e-08
651,adam,2.7242670724e-06,5.3473993425e-06,6.3209251453e-08
652,adam,2.7183625538e-06,5.3358273727e-06,6.3061084345e-08
653,adam,2.7124537856e-06,5.3242451925e-06,6.2913986699e-08
654,adam,2.7065771201e-06,5.3127258596e-06,6.2767737938e-08
655,adam,2.7006621701e-06,5.3011287585e-06,6.2622238608e-08
656,adam,2.6947277204e-06,5.2894910453e-06,6.2477747190e-08
657,adam,2.6888056922e-06,5.2778765867e-06,6.2334248552e-08
658,adam,2.6828573636e-06,5.2662099370e-06,6.2190493828e-08
659,adam,2.6768794455e-06,5.2544836515e-06,6.2047024751e-08
660,adam,2.6708750479e-06,5.2427030162e-06,6.1904424806e-08
661,adam,2.6648575287e-06,5.2308929394e-06,6.1763823738e-08
662,adam,2.6588950714e-06,5.2191911091e-06,6.1624396104e-08
663,adam,2.6530227411e-06,5.2076682380e-06,6.1485777642e-08
664,adam,2.6472408057e-06,5.1963283569e-06,6.1345784107e-08
665,adam,2.6414996932e-06,5.1850703933e-06,6.1205620689e-08
666,adam,2.6357997723e-06,5.1738928359e-06,6.1066692868e-08
667,adam,2.6301348491e-06,5.1627815744e-06,6.0930077412e-08
668,adam,2.6245276735e-06,5.1517838208e-06,6.0794703867e-08
669,adam,2.6188971576e-06,5.1407383361e-06,6.0659986955e-08
670,adam,2.6131871459e-06,5.1295336713e-06,6.0525387831e-08
671,adam,2.6074517248e-06,5.1182776336e-06,6.0391135017e-08
672,adam,2.6016913525e-06,5.1069691059e-06,6.0258499358e-08
673,adam,2.5959071132e-06,5.0956080559e-06,6.0128856599e-08
674,adam,2.5901295589e-06,5.0842579165e-06,6.0000750773e-08
675,adam,2.5843927349e-06,5.0729894934e-06,5.9872485249e-08
676,adam,2.5787025762e-06,5.0618154392e-06,5.9743570717e-08
677,adam,2.5730771230e-06,5.0507708787e-06,5.9614604586e-08
678,adam,2.5675224059e-06,5.0398663207e-06,5.9486556927e-08
679,adam,2.5619742802e-06,5.0289719464e-06,5.9360383750e-08
680,adam,2.5564357545e-06,5.0180953538e-06,5.9235097064e-08
681,adam,2.5509001249e-06,5.0072230710e-06,5.9110736695e-08
682,adam,2.5453068200e-06,4.9962350617e-06,5.8986611417e-08
683,adam,2.5395777375e-06,4.9849734946e-06,5.8863737753e-08
684,adam,2.5337913622e-06,4.9735968187e-06,5.8741191095e-08
685,adam,2.5279569970e-06,4.9621257465e-06,5.8617654636e-08
686,adam,2.5221256523e-06,4.9506613573e-06,5.8493717055e-08
687,adam,2.5163138261e-06,4.9392364906e-06,5.8369476064e-08
688,adam,2.5105179467e-06,4.9278430258e-06,5.8245542250e-08
689,adam,2.5047125949e-06,4.9164295650e-06,5.8122265556e-08
690,adam,2.4989036368e-06,4.9050081324e-06,5.7999463214e-08
691,adam,2.4931283821e-06,4.8936535611e-06,5.7877001946e-08
692,adam,2.4874003344e-06,4.8823928180e-06,5.7754906701e-08
693,adam,2.4817104708e-06,4.8712066370e-06,5.7633940375e-08
694,adam,2.4760551221e-06,4.8600858316e-06,5.7515257913e-08
695,adam,2.4704110048e-06,4.8489863304e-06,5.7397299538e-08
696,adam,2.4647307606e-06,4.8378155237e-06,5.7278748502e-08
697,adam,2.4590621032e-06,4.8266664272e-06,5.7161112036e-08
698,adam,2.4534123408e-06,4.8155534292e-06,5.7044532822e-08
699,adam,2.4477886895e-06,4.8044908837e-06,5.6929059597e-08
700,adam,2.4422017088e-06,4.7935000073e-06,5.6814631467e-08
701,adam,2.4366526641e-06,4.7825843058e-06,5.6700638968e-08
702,adam,2.4311434842e-06,4.7717472858e-06,5.6587301639e-08
703,adam,2.4256986796e-06,4.7610372068e-06,5.6475095323e-08
704,adam,2.4202966809e-06,4.7504097486e-06,5.6364758310e-08
705,adam,2.4149518825e-06,4.7398946688e-06,5.6255685066e-08
706,adam,2.4096541548e-06,4.7294731278e-06,5.6146988700e-08
707,adam,2.4043906145e-06,4.7191202405e-06,5.6038117874e-08
708,adam,2.3991539631e-06,4.7088199360e-06,5.5929993841e-08
709,adam,2.3938621076e-06,4.6984093830e-06,5.5821770101e-08
710,adam,2.3885676755e-06,4.6879916890e-06,5.5714788782e-08
711,adam,2.3833089268e-06,4.6776432685e-06,5.5609115766e-08
712,adam,2.3780787295e-06,4.6673515888e-06,5.5503668862e-08
713,adam,2.3727885761e-06,4.6569403227e-06,5.5398018497e-08
714,adam,2.3674383379e-06,4.6464062791e-06,5.5293997981e-08
715,adam,2.3620632422e-06,4.6358219871e-06,5.5190310841e-08
716,adam,2.3566330581e-06,4.6251279559e-06,5.5086350177e-08
717,adam,2.3511981762e-06,4.6144266464e-06,5.4981066272e-08
718,adam,2.3457333381e-06,4.6036668092e-06,5.4874916935e-08
719,adam,2.3402519200e-06,4.5928725578e-06,5.4769551407e-08
720,adam,2.3347576894e-06,4.5820491831e-06,5.4666372367e-08
721,adam,2.3292896022e-06,4.5712753173e-06,5.4564929520e-08
722,adam,2.3238307698e-06,4.5605192963e-06,5.4463902091e-08
723,adam,2.3183727549e-06,4.5497641042e-06,5.4363378435e-08
724,adam,2.3128776745e-06,4.5389315090e-06,5.4264900021e-08
725,adam,2.3074649804e-06,4.5282620825e-06,5.4167423927e-08
726,adam,2.3021250204e-06,4.5177377800e-06,5.4070163009e-08
727,adam,2.2967538946e-06,4.5071504793e-06,5.3973318760e-08
728,adam,2.2913627995e-06,4.4965222293e-06,5.3877106097e-08
729,adam,2.2859376397e-06,4.4858263500e-06,5.3780580880e-08
730,adam,2.2804572961e-06,4.4750198816e-06,5.3684194095e-08
731,adam,2.2748391950e-06,4.4639370177e-06,5.3588357652e-08
732,adam,2.2691545662e-06,4.4527210889e-06,5.3492527217e-08
733,adam,2.2634099882e-06,4.4413844574e-06,5.3397199369e-08
734,adam,2.2576057261e-06,4.4299271084e-06,5.3302714882e-08
735,adam,2.2517769407e-06,4.4184180937e-06,5.3209867319e-08
736,adam,2.2459404343e-06,4.4068890627e-06,5.3119878722e-08
737,adam,2.2401391857e-06,4.3954274309e-06,5.3031837777e-08
738,adam,2.2344031466e-06,4.3841002117e-06,5.2941300993e-08
739,adam,2.2287523105e-06,4.3729465588e-06,5.2848788855e-08
740,adam,2.2231672646e-06,4.3619220422e-06,5.2757804387e-08
741,adam,2.2176493625e-06,4.3510258286e-06,5.2670560172e-08
742,adam,2.2122035290e-06,4.3402712153e-06,5.2584901628e-08
743,adam,2.2068407547e-06,4.3296838102e-06,5.2498562027e-08
744,adam,2.2015575728e-06,4.3192573703e-06,5.2411109596e-08
745,adam,2.1963285266e-06,4.3089363287e-06,5.2325452859e-08
746,adam,2.1909576136e-06,4.2983252813e-06,5.2243716188e-08
747,adam,2.1855600673e-06,4.2876574527e-06,5.2164176143e-08
748,adam,2.1801319060e-06,4.2769311035e-06,5.2082942761e-08
749,adam,2.1746002462e-06,4.2660003092e-06,5.2000114471e-08
750,adam,2.1690363671e-06,4.2550057702e-06,5.1916852444e-08
751,adam,2.1634649913e-06,4.2439949183e-06,5.1834415264e-08
752,adam,2.1578580018e-06,4.2329134154e-06,5.1751617633e-08
753,adam,2.1521839490e-06,4.2216971518e-06,5.1669216437e-08
754,adam,2.1464856535e-06,4.2104327031e-06,5.1586627477e-08
755,adam,2.1406521438e-06,4.1988962895e-06,5.1504998755e-08
756,adam,2.1347096401e-06,4.1871387100e-06,5.1425356307e-08
757,adam,2.1287667889e-06,4.1753783449e-06,5.1347020531e-08
758,adam,2.1228472887e-06,4.1636641421e-06,5.1269022109e-08
759,adam,2.1169523995e-06,4.1519985253e-06,5.1191421052e-08
760,adam,2.1110292473e-06,4.1402757221e-06,5.1114232857e-08
761,adam,2.1051898067e-06,4.1287210741e-06,5.1036586991e-08
762,adam,2.0994371341e-06,4.1173407171e-06,5.0958469490e-08
763,adam,2.0937812536e-06,4.1061545960e-06,5.0879944459e-08
764,adam,2.0882307333e-06,4.0951789622e-06,5.0801565294e-08
765,adam,2.0827751958e-06,4.0843902223e-06,5.0725105858e-08
766,adam,2.0774122542e-06,4.0737833337e-06,5.0650734232e-08
767,adam,2.0721601238e-06,4.0633972227e-06,5.0576890564e-08
768,adam,2.0669798581e-06,4.0531548860e-06,5.0503018853e-08
769,adam,2.0618754372e-06,4.0430633317e-06,5.0429714221e-08
770,adam,2.0568300609e-06,4.0330883123e-06,5.0357380889e-08
771,adam,2.0518132858e-06,4.0231695767e-06,5.0285621762e-08
772,adam,2.0468576318e-06,4.0133737220e-06,5.0213463594e-08
773,adam,2.0419363864e-06,4.0036473281e-06,5.0140902909e-08
774,adam,2.0370221577e-06,3.9939343756e-06,5.0068712328e-08
775,adam,2.0321412735e-06,3.9842862165e-06,4.9997706494e-08
776,adam,2.0272759174e-06,3.9746674426e-06,4.9927745081e-08
777,adam,2.0224091664e-06,3.9650437989e-06,4.9859083671e-08
778,adam,2.0175743358e-06,3.9554860773e-06,4.9789121410e-08
779,adam,2.0128048824e-06,3.9460616777e-06,4.9717554378e-08
780,adam,2.0080388905e-06,3.9366444681e-06,4.9645820536e-08
781,adam,2.0032788163e-06,3.9272366764e-06,4.9575597604e-08
782,adam,1.9984850557e-06,3.9177598250e-06,4.9506429008e-08
783,adam,1.9937511758e-06,3.9084030117e-06,4.9437087357e-08
784,adam,1.9890717902e-06,3.8991549727e-06,4.9367879859e-08
785,adam,1.9844385200e-06,3.8899980083e-06,4.9299394789e-08
786,adam,1.9798301657e-06,3.8808885969e-06,4.9232334067e-08
787,adam,1.9752625291e-06,3.8718586541e-06,4.9166502481e-08
788,adam,1.9707545433e-06,3.8629489939e-06,4.9100057912e-08
789,adam,1.9663005082e-06,3.8541488931e-06,4.9032577132e-08
790,adam,1.9619125587e-06,3.8454809463e-06,4.8965106969e-08
791,adam,1.9576274505e-06,3.8370171607e-06,4.8898587709e-08
792,adam,1.9533627292e-06,3.8285938295e-06,4.8832267989e-08
793,adam,1.9491265822e-06,3.8202281279e-06,4.8765647824e-08
794,adam,1.9448869003e-06,3.8118557555e-06,4.8698778190e-08
795,adam,1.9406541654e-06,3.8034972063e-06,4.8631952839e-08
796,adam,1.9363484044e-06,3.7949907299e-06,4.8566299323e-08
797,adam,1.9320289748e-06,3.7864571663e-06,4.8500489626e-08
798,adam,1.9277103812e-06,3.7779282694e-06,4.8432808099e-08
799,adam,1.9234080445e-06,3.7694324947e-06,4.8364746501e-08
800,adam,1.9191056364e-06,3.7609337675e-06,4.8298440736e-08
801,adam,1.9148149517e-06,3.7524551147e-06,4.8234242900e-08
802,adam,1.9105207903e-06,3.7439690459e-06,4.8170334271e-08
803,adam,1.9061739102e-06,3.7353791952e-06,4.8105390756e-08
804,adam,1.9018622781e-06,3.7268587264e-06,4.8041143572e-08
805,adam,1.8976179088e-06,3.7184682537e-06,4.7979727387e-08
806,adam,1.8934811356e-06,3.7102893312e-06,4.7920587540e-08
807,adam,1.8894040230e-06,3.7022303998e-06,4.7861028848e-08
808,adam,1.8853558540e-06,3.6942295939e-06,4.7801321276e-08
809,adam,1.8813149716e-06,3.6862426046e-06,4.7742086610e-08
810,adam,1.8772724664e-06,3.6782513517e-06,4.7683488247e-08
811,adam,1.8732341080e-06,3.6702682912e-06,4.7624952974e-08
812,adam,1.8691880024e-06,3.6622714839e-06,4.7565325577e-08
813,adam,1.8651208688e-06,3.6542331066e-06,4.7505394423e-08
814,adam,1.8610896878e-06,3.6462648269e-06,4.7446592946e-08
815,adam,1.8570527002e-06,3.6382829633e-06,4.7389023225e-08
816,adam,1.8530365929e-06,3.6303396052e-06,4.7333487863e-08
817,adam,1.8490844385e-06,3.6225251065e-06,4.7277356509e-08
818,adam,1.8451737312e-06,3.6147971947e-06,4.7218917302e-08
819,adam,1.8413107296e-06,3.6071641426e-06,4.7160822872e-08
820,adam,1.8374784369e-06,3.5995899896e-06,4.7104302609e-08
821,adam,1.8337103446e-06,3.5921442456e-06,4.7047777258e-08
822,adam,1.8299855452e-06,3.5847869839e-06,4.6990066620e-08
823,adam,1.8262899727e-06,3.5774877136e-06,4.6932644870e-08
824,adam,1.8226047252e-06,3.5702072583e-06,4.6876370047e-08
825,adam,1.8189544299e-06,3.5629950010e-06,4.6821161773e-08
826,adam,1.8153064317e-06,3.5557895072e-06,4.6764597591e-08
827,adam,1.8116540258e-06,3.5485795856e-06,4.6705291291e-08
828,adam,1.8079691815e-06,3.5413052080e-06,4.6645721846e-08
829,adam,1.8042367777e-06,3.5339323878e-06,4.6588229700e-08
830,adam,1.8004978712e-06,3.5265447201e-06,4.6531888986e-08
831,adam,1.7967841439e-06,3.5192083667e-06,4.6474950724e-08
832,adam,1.7931028672e-06,3.5119365272e-06,4.6418254570e-08
833,adam,1.7894535011e-06,3.5047239352e-06,4.6364416845e-08
834,adam,1.7858452831e-06,3.4975903469e-06,4.6312637076e-08
835,adam,1.7822725356e-06,3.4905290925e-06,4.6259986712e-08
836,adam,1.7787248538e-06,3.4835210729e-06,4.6205396678e-08
837,adam,1.7751751458e-06,3.4765103942e-06,4.6149935925e-08
838,adam,1.7716687480e-06,3.4695862910e-06,4.6094503105e-08
839,adam,1.7681966157e-06,3.4627307517e-06,4.6039049787e-08
840,adam,1.7647586596e-06,3.4559431298e-06,4.5983868321e-08
841,adam,1.7613376204e-06,3.4491885226e-06,4.5929198928e-08
842,adam,1.7579175783e-06,3.4424330853e-06,4.5876294593e-08
843,adam,1.7544728848e-06,3.4356248367e-06,4.5825582992e-08
844,adam,1.7510251446e-06,3.4288124417e-06,4.5773654718e-08
845,adam,1.7475921995e-06,3.4220319770e-06,4.5720263752e-08
846,adam,1.7441674236e-06,3.4152673678e-06,4.5667174580e-08
847,adam,1.7407031713e-06,3.4084225250e-06,4.5614886001e-08
848,adam,1.7372289259e-06,3.4015572670e-06,4.5562865517e-08
849,adam,1.7337130886e-06,3.3946104389e-06,4.5509836479e-08
850,adam,1.7302098953e-06,3.3876858494e-06,4.5458713333e-08
851,adam,1.7266954824e-06,3.3807359020e-06,4.5409414318e-08
852,adam,1.7232154821e-06,3.3738530398e-06,4.5361202706e-08
853,adam,1.7198077508e-06,3.3671138973e-06,4.5313502706e-08
854,adam,1.7164652664e-06,3.3605057945e-06,4.5265461392e-08
855,adam,1.7131480545e-06,3.3539511036e-06,4.5215628422e-08
856,adam,1.7098377500e-06,3.3474093536e-06,4.5166341465e-08
857,adam,1.7065839374e-06,3.3409804422e-06,4.5117145398e-08
858,adam,1.7033534813e-06,3.3345997542e-06,4.5067005226e-08
859,adam,1.7001263271e-06,3.3282273947e-06,4.5015787144e-08
860,adam,1.6968696193e-06,3.3217938561e-06,4.4965864044e-08
861,adam,1.6936082287e-06,3.3153475644e-06,4.4918058077e-08
862,adam,1.6903174683e-06,3.3088420578e-06,4.4870549291e-08
863,adam,1.6870017670e-06,3.3022884308e-06,4.4821939511e-08
864,adam,1.6836816349e-06,3.2957265208e-06,4.4772968169e-08
865,adam,1.6803541121e-06,3.2891487152e-06,4.4724693195e-08
866,adam,1.6770402102e-06,3.2825993017e-06,4.4675699208e-08
867,adam,1.6737822455e-06,3.2761630364e-06,4.4625909155e-08
868,adam,1.6705651825e-06,3.2698102732e-06,4.4575057370e-08
869,adam,1.6674064407e-06,3.2635753649e-06,4.4523447782e-08
870,adam,1.6643242480e-06,3.2574907182e-06,4.4473611117e-08
871,adam,1.6613157710e-06,3.2515521741e-06,4.4424604902e-08
872,adam,1.6583636627e-06,3.2457291742e-06,4.4373844562e-08
873,adam,1.6554446615e-06,3.2399744982e-06,4.4321765555e-08
874,adam,1.6525209606e-06,3.2342076160e-06,4.4271440744e-08
875,adam,1.6495639430e-06,3.2283702493e-06,4.4223522954e-08
876,adam,1.6465392483e-06,3.2223979716e-06,4.4175328094e-08
877,adam,1.6434913385e-06,3.2163829041e-06,4.4124858029e-08
878,adam,1.6404233912e-06,3.2103274253e-06,4.4074598183e-08
879,adam,1.6373632109e-06,3.2042838921e-06,4.4026581067e-08
880,adam,1.6343417902e-06,3.1983176071e-06,4.3978733378e-08
881,adam,1.6313858896e-06,3.1924846719e-06,4.3929442083e-08
882,adam,1.6285166032e-06,3.1868271641e-06,4.3878776446e-08
883,adam,1.6257336392e-06,3.1813415579e-06,4.3828575322e-08
884,adam,1.6229957481e-06,3.1759449432e-06,4.3779095614e-08
885,adam,1.6202685436e-06,3.1705706314e-06,4.3729034916e-08
886,adam,1.6175280921e-06,3.1651743278e-06,4.3676160301e-08
887,adam,1.6147662957e-06,3.1597364102e-06,4.3622613255e-08
888,adam,1.6119778073e-06,3.1542429306e-06,4.3570427478e-08
889,adam,1.6091758293e-06,3.1487209777e-06,4.3519175545e-08
890,adam,1.6063935317e-06,3.1432397997e-06,4.3467039863e-08
891,adam,1.6036398281e-06,3.1378154350e-06,4.3415138315e-08
892,adam,1.6009269255e-06,3.1324692649e-06,4.3365366347e-08
893,adam,1.5982647160e-06,3.1272224379e-06,4.3316871330e-08
894,adam,1.5956044272e-06,3.1219810089e-06,4.3267403454e-08
895,adam,1.5929541675e-06,3.1167577423e-06,4.3219120424e-08
896,adam,1.5902690747e-06,3.1114613589e-06,4.3172994107e-08
897,adam,1.5875502678e-06,3.1060985023e-06,4.3126270750e-08
898,adam,1.5847965199e-06,3.1006686942e-06,4.3077715974e-08
899,adam,1.5820194217e-06,3.0951915111e-06,4.3029582774e-08
900,adam,1.5792576489e-06,3.0897426592e-06,4.2982899115e-08
901,adam,1.5765355872e-06,3.0843735432e-06,4.2936019493e-08
902,adam,1.5738831626e-06,3.0791459282e-06,4.2887748164e-08
903,adam,1.5712684000e-06,3.0739927413e-06,4.2840036695e-08
904,adam,1.5686875783e-06,3.0689062792e-06,4.2793048332e-08
905,adam,1.5660902291e-06,3.0637895749e-06,4.2744302125e-08
906,adam,1.5634719632e-06,3.0586334922e-06,4.2694021321e-08
907,adam,1.5608326021e-06,3.0534348710e-06,4.2643958261e-08
908,adam,1.5581313589e-06,3.0481113456e-06,4.2594607634e-08
909,adam,1.5554180527e-06,3.0427633481e-06,4.2545473222e-08
910,adam,1.5527159563e-06,3.0374378196e-06,4.2496308131e-08
911,adam,1.5500489940e-06,3.0321821841e-06,4.2447377512e-08
912,adam,1.5474684341e-06,3.0270981273e-06,4.2399213098e-08
913,adam,1.5449360361e-06,3.0221099962e-06,4.2351297507e-08
914,adam,1.5423783541e-06,3.0170710311e-06,4.2303548129e-08
915,adam,1.5397843624e-06,3.0119613436e-06,4.2254613234e-08
916,adam,1.5371803423e-06,3.0068318922e-06,4.2205495236e-08
917,adam,1.5345228831e-06,3.0015925302e-06,4.2158272477e-08
918,adam,1.5317630957e-06,2.9961435781e-06,4.2114133247e-08
919,adam,1.5289912845e-06,2.9906767382e-06,4.2066144234e-08
920,adam,1.5262671976e-06,2.9853096791e-06,4.2015447549e-08
921,adam,1.5235850284e-06,2.9800212709e-06,4.1967991270e-08
922,adam,1.5209022886e-06,2.9747274512e-06,4.1923203703e-08
923,adam,1.5182640306e-06,2.9695259655e-06,4.1876309780e-08
924,adam,1.5156577964e-06,2.9643911178e-06,4.1827796870e-08
925,adam,1.5130407620e-06,2.9592303568e-06,4.1781979536e-08
926,adam,1.5103945927e-06,2.9540078364e-06,4.1738343153e-08
927,adam,1.5077864257e-06,2.9488607616e-06,4.1695056075e-08
928,adam,1.5052371137e-06,2.9438345348e-06,4.1649807952e-08
929,adam,1.5027214549e-06,2.9388765593e-06,4.1603969079e-08
930,adam,1.5002150992e-06,2.9339343913e-06,4.1559879467e-08
931,adam,1.4977134857e-06,2.9290029153e-06,4.1515035069e-08
932,adam,1.4952310681e-06,2.9241121928e-06,4.1468714585e-08
933,adam,1.4927848454e-06,2.9192915081e-06,4.1423864207e-08
934,adam,1.4904005890e-06,2.9145905018e-06,4.1381672611e-08
935,adam,1.4880789255e-06,2.9100149487e-06,4.1339313936e-08
936,adam,1.4857879391e-06,2.9055018791e-06,4.1296249489e-08
937,adam,1.4835161611e-06,2.9010274163e-06,4.1253066274e-08
938,adam,1.4812661577e-06,2.8965965033e-06,4.1209882498e-08
939,adam,1.4790303331e-06,2.8921953993e-06,4.1165791870e-08
940,adam,1.4768036973e-06,2.8878155719e-06,4.1119889118e-08
941,adam,1.4745289472e-06,2.8833358500e-06,4.1076277737e-08
942,adam,1.4722935247e-06,2.8789349901e-06,4.1032537003e-08
943,adam,1.4700731269e-06,2.8745678079e-06,4.0986528708e-08
944,adam,1.4678549113e-06,2.8702054522e-06,4.0940231500e-08
945,adam,1.4656204189e-06,2.8658068586e-06,4.0896236998e-08
946,adam,1.4633668067e-06,2.8613705203e-06,4.0851933133e-08
947,adam,1.4611157843e-06,2.8569427874e-06,4.0805488167e-08
948,adam,1.4588396825e-06,2.8524661301e-06,4.0758271734e-08
949,adam,1.4565449011e-06,2.8479486963e-06,4.0713191244e-08
950,adam,1.4542049853e-06,2.8433392844e-06,4.0669178868e-08
951,adam,1.4518659305e-06,2.8387365157e-06,4.0622090831e-08
952,adam,1.4495326865e-06,2.8341485821e-06,4.0572994375e-08
953,adam,1.4472048118e-06,2.8295694545e-06,4.0525105687e-08
954,adam,1.4448959430e-06,2.8250286637e-06,4.0477013967e-08
955,adam,1.4426219892e-06,2.8205591329e-06,4.0428028493e-08
956,adam,1.4403532458e-06,2.8160977830e-06,4.0380442861e-08
957,adam,1.4380900153e-06,2.8116425454e-06,4.0335928202e-08
958,adam,1.4358432405e-06,2.8072189259e-06,4.0292221922e-08
959,adam,1.4335857176e-06,2.8027742482e-06,4.0248241858e-08
960,adam,1.4313113615e-06,2.7982964172e-06,4.0203941069e-08
961,adam,1.4290048566e-06,2.7937550356e-06,4.0159173495e-08
962,adam,1.4266855340e-06,2.7891900616e-06,4.0113128994e-08
963,adam,1.4243593064e-06,2.7846108836e-06,4.0067330735e-08
964,adam,1.4220234057e-06,2.7800098335e-06,4.0023111193e-08
965,adam,1.4197075067e-06,2.7754484582e-06,3.9979097039e-08
966,adam,1.4174377493e-06,2.7709798607e-06,3.9934773722e-08
967,adam,1.4152296638e-06,2.7666344928e-06,3.9890521757e-08
968,adam,1.4130689967e-06,2.7623833468e-06,3.9846654175e-08
969,adam,1.4109500754e-06,2.7582170271e-06,3.9801952259e-08
970,adam,1.4088541371e-06,2.7540973976e-06,3.9756797844e-08
971,adam,1.4067570717e-06,2.7499749357e-06,3.9712004754e-08
972,adam,1.4046563536e-06,2.7458442791e-06,3.9667767615e-08
973,adam,1.4025338030e-06,2.7416700221e-06,3.9623489933e-08
974,adam,1.4004098669e-06,2.7374941889e-06,3.9578465510e-08
975,adam,1.3982873929e-06,2.7333207381e-06,3.9533779793e-08
976,adam,1.3961768811e-06,2.7291698982e-06,3.9489915058e-08
977,adam,1.3940831820e-06,2.7250548504e-06,3.9444696052e-08
978,adam,1.3920026114e-06,2.7209672340e-06,3.9398743044e-08
979,adam,1.3899242351e-06,2.7168831176e-06,3.9353345439e-08
980,adam,1.3878544497e-06,2.7128158928e-06,3.9308129106e-08
981,adam,1.3857901728e-06,2.7087607672e-06,3.9262236570e-08
982,adam,1.3837174704e-06,2.7046895950e-06,3.9215841122e-08
983,adam,1.3816677580e-06,2.7006648013e-06,3.9169196723e-08
984,adam,1.3796333870e-06,2.6966697464e-06,3.9123142187e-08
985,adam,1.3776347923e-06,2.6927478188e-06,3.9076103589e-08
986,adam,1.3756790079e-06,2.6889105836e-06,3.9029645106e-08
987,adam,1.3737593452e-06,2.6851450244e-06,3.8983541213e-08
988,adam,1.3718551456e-06,2.6814123907e-06,3.8936187851e-08
989,adam,1.3699697048e-06,2.6777181299e-06,3.8888299746e-08
990,adam,1.3680962462e-06,2.6740470811e-06,3.8840882102e-08
991,adam,1.3662393361e-06,2.6704093142e-06,3.8793348692e-08
992,adam,1.3643761607e-06,2.6667597352e-06,3.8745366373e-08
993,adam,1.3624974093e-06,2.6630778498e-06,3.8698105508e-08
994,adam,1.3606308324e-06,2.6594196743e-06,3.8651244062e-08
995,adam,1.3587812771e-06,2.6557961122e-06,3.8604026255e-08
996,adam,1.3569502462e-06,2.6522119419e-06,3.8555344084e-08
997,adam,1.3551501147e-06,2.6486871306e-06,3.8508186805e-08
998,adam,1.3533775485e-06,2.6452166152e-06,3.8461551083e-08
999,adam,1.3516225055e-06,2.6417838398e-06,3.8413231939e-08
1000,adam,1.3498910638e-06,2.6383977554e-06,3.8365232666e-08
1001,adam,1.3481767727e-06,2.6350442710e-06,3.8318296507e-08
1002,adam,1.3464515014e-06,2.6316700338e-06,3.8270605676e-08
1003,adam,1.3447117613e-06,2.6282675231e-06,3.8222499646e-08
1004,adam,1.3429537178e-06,2.6248261949e-06,3.8175775410e-08
1005,adam,1.3411865124e-06,2.6213675887e-06,3.8128397652e-08
1006,adam,1.3394109450e-06,2.6178945910e-06,3.8079561872e-08
1007,adam,1.3376324030e-06,2.6144152920e-06,3.8030946314e-08
1008,adam,1.3358606960e-06,2.6109489608e-06,3.7982769458e-08
1009,adam,1.3340947661e-06,2.6074964612e-06,3.7933169392e-08
1010,adam,1.3323303048e-06,2.6040465010e-06,3.7883817862e-08
1011,adam,1.3305800765e-06,2.6006241628e-06,3.7834993904e-08
1012,adam,1.3288472991e-06,2.5972373062e-06,3.7785807534e-08
1013,adam,1.3271310115e-06,2.5938840850e-06,3.7736211206e-08
1014,adam,1.3254328170e-06,2.5905669208e-06,3.7686695704e-08
1015,adam,1.3237470968e-06,2.5872749078e-06,3.7637053613e-08
1016,adam,1.3220656450e-06,2.5839916201e-06,3.7587293663e-08
1017,adam,1.3203809356e-06,2.5807012949e-06,3.7537860214e-08
1018,adam,1.3186832590e-06,2.5773840938e-06,3.7489015190e-08
1019,adam,1.3169635356e-06,2.5740238302e-06,3.7439525617e-08
1020,adam,1.3152172057e-06,2.5706126373e-06,3.7388608775e-08
1021,adam,1.3134641291e-06,2.5671877497e-06,3.7337817797e-08
1022,adam,1.3117003765e-06,2.5637419245e-06,3.7286767791e-08
1023,adam,1.3099268773e-06,2.5602777361e-06,3.7235011556e-08
1024,adam,1.3081343163e-06,2.5567730800e-06,3.7184720392e-08
1025,adam,1.3063449125e-06,2.5532753457e-06,3.7134049542e-08
1026,adam,1.3045501935e-06,2.5497693330e-06,3.7081908724e-08
1027,adam,1.3027501665e-06,2.5462530249e-06,3.7029567513e-08
1028,adam,1.3009541955e-06,2.5427436712e-06,3.6977949875e-08
1029,adam,1.2991662176e-06,2.5392511363e-06,3.6925811834e-08
1030,adam,1.2973788290e-06,2.5357599192e-06,3.6873586743e-08
1031,adam,1.2955793779e-06,2.5322432835e-06,3.6822170134e-08
1032,adam,1.2937520479e-06,2.5286710349e-06,3.6770663033e-08
1033,adam,1.2919089327e-06,2.5250685060e-06,3.6718349655e-08
1034,adam,1.2900547657e-06,2.5214438534e-06,3.6666048771e-08
1035,adam,1.2882154694e-06,2.5178490050e-06,3.6613708589e-08
1036,adam,1.2863801691e-06,2.5142623881e-06,3.6561218783e-08
1037,adam,1.2845499005e-06,2.5106848756e-06,3.6509328393e-08
1038,adam,1.2827003674e-06,2.5070678215e-06,3.6458070829e-08
1039,adam,1.2808511431e-06,2.5034524124e-06,3.6406171090e-08
1040,adam,1.2790076621e-06,2.4998488879e-06,3.6354022696e-08
1041,adam,1.2771761054e-06,2.4962686655e-06,3.6302215838e-08
1042,adam,1.2753535597e-06,2.4927065258e-06,3.6250370992e-08
1043,adam,1.2735229427e-06,2.4891281016e-06,3.6198614816e-08
1044,adam,1.2716633024e-06,2.4854904362e-06,3.6147605387e-08
1045,adam,1.2698028613e-06,2.4818510442e-06,3.6096674068e-08
1046,adam,1.2679657887e-06,2.4782608639e-06,3.6044195901e-08
1047,adam,1.2661516912e-06,2.4747178206e-06,3.5990976175e-08
1048,adam,1.2643584832e-06,2.4712170824e-06,3.5937427443e-08
1049,adam,1.2625699624e-06,2.4677236663e-06,3.5885161493e-08
1050,adam,1.2607836012e-06,2.4642369238e-06,3.5831424083e-08
1051,adam,1.2589895618e-06,2.4607365661e-06,3.5776598407e-08
1052,adam,1.2571877392e-06,2.4572185083e-06,3.5723106268e-08
1053,adam,1.2554024493e-06,2.4537331494e-06,3.5669843269e-08
1054,adam,1.2536463236e-06,2.4503072928e-06,3.5615846438e-08
1055,adam,1.2519265435e-06,2.4469524428e-06,3.5562902699e-08
1056,adam,1.2502320214e-06,2.4436472758e-06,3.5510479453e-08
1057,adam,1.2485226343e-06,2.4403146023e-06,3.5456666468e-08
1058,adam,1.2468159076e-06,2.4369858161e-06,3.5403749382e-08
1059,adam,1.2450975119e-06,2.4336336152e-06,3.5350880389e-08
1060,adam,1.2433680697e-06,2.4302619672e-06,3.5296357628e-08
1061,adam,1.2416181741e-06,2.4268479923e-06,3.5242722467e-08
1062,adam,1.2398235374e-06,2.4233435271e-06,3.5189717283e-08
1063,adam,1.2379834405e-06,2.4197508479e-06,3.5135020759e-08
1064,adam,1.2361063530e-06,2.4160822225e-06,3.5081552149e-08
1065,adam,1.2341970940e-06,2.4123482977e-06,3.5028681416e-08
1066,adam,1.2322686527e-06,2.4085793491e-06,3.4973722756e-08
1067,adam,1.2303612592e-06,2.4048490765e-06,3.4920901176e-08
1068,adam,1.2284467191e-06,2.4011038085e-06,3.4868518529e-08
1069,adam,1.2265191693e-06,2.3973341502e-06,3.4815117803e-08
1070,adam,1.2246281678e-06,2.3936372325e-06,3.4761939369e-08
1071,adam,1.2227451460e-06,2.3899523178e-06,3.4711233944e-08
1072,adam,1.2208764034e-06,2.3863021944e-06,3.4656632690e-08
1073,adam,1.2189815945e-06,2.3826023703e-06,3.4600511732e-08
1074,adam,1.2170261073e-06,2.3787767025e-06,3.4547195000e-08
1075,adam,1.2150207874e-06,2.3748488768e-06,3.4495436242e-08
1076,adam,1.2129944190e-06,2.3708769376e-06,3.4444937699e-08
1077,adam,1.2109475156e-06,2.3668653489e-06,3.4393551458e-08
1078,adam,1.2088931601e-06,2.3628377142e-06,3.4342878815e-08
1079,adam,1.2068252397e-06,2.3587820677e-06,3.4292757378e-08
1080,adam,1.2047372746e-06,2.3546883445e-06,3.4241377891e-08
1081,adam,1.2026178934e-06,2.3505291934e-06,3.4191620809e-08
1082,adam,1.2004653246e-06,2.3463025930e-06,3.4142535095e-08
1083,adam,1.1983188936e-06,2.3420925547e-06,3.4090770268e-08
1084,adam,1.1961776460e-06,2.3378906484e-06,3.4040402225e-08
1085,adam,1.1940673937e-06,2.3337499695e-06,3.3990511157e-08
1086,adam,1.1920113207e-06,2.3297205675e-06,3.3938796256e-08
1087,adam,1.1900136014e-06,2.3258088866e-06,3.3886447613e-08
1088,adam,1.1880702111e-06,2.3220071662e-06,3.3833285008e-08
1089,adam,1.1861736896e-06,2.3182990990e-06,3.3780175075e-08
1090,adam,1.1842685745e-06,2.3145710386e-06,3.3728818984e-08
1091,adam,1.1823347137e-06,2.3107887488e-06,3.3675424126e-08
1092,adam,1.1803383432e-06,2.3068795175e-06,3.3623230614e-08
1093,adam,1.1783196761e-06,2.3029278288e-06,3.3569702110e-08
1094,adam,1.1763172153e-06,2.2990096181e-06,3.3515507865e-08
1095,adam,1.1743545018e-06,2.2951676458e-06,3.3463348612e-08
1096,adam,1.1724503837e-06,2.2914448772e-06,3.3409931345e-08
1097,adam,1.1705982883e-06,2.2878283135e-06,3.3355164442e-08
1098,adam,1.1687828493e-06,2.2842844592e-06,3.3300774579e-08
1099,adam,1.1669551142e-06,2.2807180803e-06,3.3245092556e-08
1100,adam,1.1651015627e-06,2.2770982155e-06,3.3190568715e-08
1101,adam,1.1632660026e-06,2.2735127445e-06,3.3137037916e-08
1102,adam,1.1614732169e-06,2.2700141923e-06,3.3082650965e-08
1103,adam,1.1597195529e-06,2.2665919901e-06,3.3029447279e-08
1104,adam,1.1580144746e-06,2.2632651995e-06,3.2977343533e-08
1105,adam,1.1563546632e-06,2.2600313548e-06,3.2923732179e-08
1106,adam,1.1547075972e-06,2.2568222143e-06,3.2870612626e-08
1107,adam,1.1530640456e-06,2.2536196480e-06,3.2817776978e-08
1108,adam,1.1513829090e-06,2.2503403703e-06,3.2765904789e-08
1109,adam,1.1496702750e-06,2.2470026318e-06,3.2711198917e-08
1110,adam,1.1479357375e-06,2.2436220878e-06,3.2655866965e-08
1111,adam,1.1461781594e-06,2.2401962710e-06,3.2600029818e-08
1112,adam,1.1444292916e-06,2.2367881138e-06,3.2544043353e-08
1113,adam,1.1426708079e-06,2.2333545675e-06,3.2491905198e-08
1114,adam,1.1409658753e-06,2.2300279624e-06,3.2439867651e-08
1115,adam,1.1392957022e-06,2.2267773775e-06,3.2383766761e-08
1116,adam,1.1375307056e-06,2.2233320274e-06,3.2330864918e-08
1117,adam,1.1356532304e-06,2.2196656735e-06,3.2275492031e-08
1118,adam,1.1337153262e-06,2.2158839964e-06,3.2216660013e-08
1119,adam,1.1317810845e-06,2.2121009373e-06,3.2163269748e-08
1120,adam,1.1299041306e-06,2.2084327485e-06,3.2109695485e-08
1121,adam,1.1280731090e-06,2.2048549609e-06,3.2057035719e-08
1122,adam,1.1262535602e-06,2.2012970944e-06,3.2006266275e-08
1123,adam,1.1244421386e-06,2.1977628821e-06,3.1950871975e-08
1124,adam,1.1226353303e-06,2.1942340438e-06,3.1897885491e-08
1125,adam,1.1208613810e-06,2.1907722017e-06,3.1844100227e-08
1126,adam,1.1191154522e-06,2.1873660398e-06,3.1790540334e-08
1127,adam,1.1174006980e-06,2.1840117822e-06,3.1743508660e-08
1128,adam,1.1156979558e-06,2.1806909717e-06,3.1690587479e-08
1129,adam,1.1139335041e-06,2.1772467345e-06,3.1637671125e-08
1130,adam,1.1121002636e-06,2.1736535913e-06,3.1591834891e-08
1131,adam,1.1102808717e-06,2.1700987328e-06,3.1539381608e-08
1132,adam,1.1084482028e-06,2.1665070430e-06,3.1493351648e-08
1133,adam,1.1066502643e-06,2.1629795975e-06,3.1450581946e-08
1134,adam,1.1048765920e-06,2.1595188836e-06,3.1396437751e-08
1135,adam,1.1030490220e-06,2.1559387126e-06,3.1349582126e-08
1136,adam,1.1012537657e-06,2.1524311224e-06,3.1297755594e-08
1137,adam,1.0994121097e-06,2.1488328074e-06,3.1244632522e-08
1138,adam,1.0975662595e-06,2.1452108982e-06,3.1201012995e-08
1139,adam,1.0957985669e-06,2.1417604619e-06,3.1147920007e-08
1140,adam,1.0940911799e-06,2.1384172666e-06,3.1103183255e-08
1141,adam,1.0924338661e-06,2.1351796235e-06,3.1055067893e-08
1142,adam,1.0908374743e-06,2.1320758534e-06,3.0999434573e-08
1143,adam,1.0892558507e-06,2.1289880731e-06,3.0952267727e-08
1144,adam,1.0876795898e-06,2.1259216950e-06,3.0898427895e-08
1145,adam,1.0860547738e-06,2.1227491127e-06,3.0850271797e-08
1146,adam,1.0844050468e-06,2.1195194054e-06,3.0806680159e-08
1147,adam,1.0827936950e-06,2.1163822478e-06,3.0753213884e-08
1148,adam,1.0811570889e-06,2.1131782987e-06,3.0709924382e-08
1149,adam,1.0795289743e-06,2.1100019022e-06,3.0660028954e-08
1150,adam,1.0779022162e-06,2.1068224232e-06,3.0613755743e-08
1151,adam,1.0762666993e-06,2.1036202140e-06,3.0570740326e-08
1152,adam,1.0746425866e-06,2.1004545784e-06,3.0519121739e-08
1153,adam,1.0730075684e-06,2.0972520236e-06,3.0476945752e-08
1154,adam,1.0713952507e-06,2.0941052508e-06,3.0428281631e-08
1155,adam,1.0697648102e-06,2.0909104806e-06,3.0386962327e-08
1156,adam,1.0681916691e-06,2.0878385747e-06,3.0340477144e-08
1157,adam,1.0666984259e-06,2.0849265831e-06,3.0293917998e-08
1158,adam,1.0652892000e-06,2.0821760396e-06,3.0251475225e-08
1159,adam,1.0639318104e-06,2.0795373619e-06,3.0203911828e-08
1160,adam,1.0625533186e-06,2.0768484261e-06,3.0161381947e-08
1161,adam,1.0611697159e-06,2.0741566499e-06,3.0114238656e-08
1162,adam,1.0597559048e-06,2.0713978388e-06,3.0071231746e-08
1163,adam,1.0583731053e-06,2.0687014060e-06,3.0028002833e-08
1164,adam,1.0570151662e-06,2.0660589463e-06,2.9982116348e-08
1165,adam,1.0555866767e-06,2.0632647032e-06,2.9942906434e-08
1166,adam,1.0541724645e-06,2.0605195669e-06,2.9890851291e-08
1167,adam,1.0527682545e-06,2.0577754315e-06,2.9850673409e-08
1168,adam,1.0514237998e-06,2.0551702481e-06,2.9798344699e-08
1169,adam,1.0500729610e-06,2.0525333340e-06,2.9757867478e-08
1170,adam,1.0487150123e-06,2.0498871721e-06,2.9714282830e-08
1171,adam,1.0472795718e-06,2.0470759870e-06,2.9676972840e-08
1172,adam,1.0458063576e-06,2.0441885536e-06,2.9640101008e-08
1173,adam,1.0443867982e-06,2.0414305312e-06,2.9589415682e-08
1174,adam,1.0428987702e-06,2.0385084415e-06,2.9555686831e-08
1175,adam,1.0414594101e-06,2.0357072727e-06,2.9507217197e-08
1176,adam,1.0400471416e-06,2.0329364221e-06,2.9473663206e-08
1177,adam,1.0386724185e-06,2.0302630202e-06,2.9426135510e-08
1178,adam,1.0372611387e-06,2.0274941588e-06,2.9392574091e-08
1179,adam,1.0358894685e-06,2.0248143998e-06,2.9352835755e-08
1180,adam,1.0346016087e-06,2.0223033359e-06,2.9312425936e-08
1181,adam,1.0333161457e-06,2.0197841931e-06,2.9280061486e-08
1182,adam,1.0320464311e-06,2.0173177450e-06,2.9234448227e-08
1183,adam,1.0306932183e-06,2.0146554278e-06,2.9206880476e-08
1184,adam,1.0292928928e-06,2.0119271790e-06,2.9161629078e-08
1185,adam,1.0277827423e-06,2.0089385738e-06,2.9141819214e-08
1186,adam,1.0262765326e-06,2.0060103678e-06,2.9089185893e-08
1187,adam,1.0246870881e-06,2.0028467778e-06,2.9079624052e-08
1188,adam,1.0232574747e-06,2.0000798096e-06,2.9021962370e-08
1189,adam,1.0218475710e-06,1.9972650375e-06,2.9018815284e-08
1190,adam,1.0206573254e-06,1.9949980183e-06,2.8947895280e-08
1191,adam,1.0194820612e-06,1.9926270376e-06,2.8960678014e-08
1192,adam,1.0188021695e-06,1.9914149273e-06,2.8868382243e-08
1193,adam,1.0182210531e-06,1.9901878441e-06,2.8908913766e-08
1194,adam,1.0185975300e-06,1.9911474123e-06,2.8779779756e-08
1195,adam,1.0200202106e-06,1.9938506950e-06,2.8868578911e-08
1196,adam,1.0248543190e-06,2.0038274497e-06,2.8675742672e-08
1197,adam,1.0355295333e-06,2.0248815485e-06,2.8860948770e-08
1198,adam,1.0611811332e-06,2.0767312465e-06,2.8519387431e-08
1199,adam,1.1162991504e-06,2.1863059411e-06,2.8932724811e-08
1200,adam,1.2392383527e-06,2.4332388022e-06,2.8273689493e-08
1201,adam,1.5132998838e-06,2.9798718545e-06,2.9204945629e-08
1202,adam,2.1388748470e-06,4.2331281361e-06,2.7888473665e-08
1203,adam,3.5693729916e-06,7.0905465139e-06,3.0124668351e-08
1204,adam,6.7923707767e-06,1.3540727041e-05,2.7509070239e-08
1205,adam,1.3853404977e-05,2.7653752401e-05,3.3160970356e-08
1206,adam,2.8246825974e-05,5.6447837577e-05,2.8633981111e-08
1207,adam,5.2029715474e-05,1.0399243551e-04,4.1872146724e-08
1208,adam,7.5495213936e-05,1.5093713954e-04,3.3305209110e-08
1209,adam,7.0237861215e-05,1.4040210824e-04,4.6008870369e-08
1210,adam,2.7191255544e-05,5.4337095723e-05,2.8384603143e-08
1211,adam,1.5209122762e-06,2.9965317991e-06,2.8307970834e-08
1212,adam,2.3808441320e-05,4.7559243326e-05,3.6024571418e-08
1213,adam,3.7580242406e-05,7.5113650156e-05,2.9271659422e-08
1214,adam,1.2588364583e-05,2.5124789265e-05,3.2462438087e-08
1215,adam,3.2139033172e-06,6.3809157698e-06,2.9306790346e-08
1216,adam,2.2237640640e-05,4.4430881846e-05,2.7749646584e-08
1217,adam,1.7545551835e-05,3.5037942835e-05,3.3225522130e-08
1218,adam,1.4772618347e-06,2.9106979236e-06,2.7391091102e-08
1219,adam,1.1364812106e-05,2.2686619363e-05,2.6878030767e-08
1220,adam,1.5717654263e-05,3.1383509607e-05,3.2374323766e-08
1221,adam,2.7158880108e-06,5.3885910538e-06,2.6990604855e-08
1222,adam,5.8651796449e-06,1.1687502115e-05,2.6785734463e-08
1223,adam,1.2249784324e-05,2.4450112682e-05,3.0909978487e-08
1224,adam,3.5114278368e-06,6.9798514056e-06,2.6877667512e-08
1225,adam,3.2633017952e-06,6.4838402342e-06,2.6727097643e-08
1226,adam,9.1936196478e-06,1.8339571963e-05,2.9792083110e-08
1227,adam,3.8123418905e-06,7.5816393000e-06,2.6902800624e-08
1228,adam,1.9314763336e-06,3.8200663951e-06,2.6803920040e-08
1229,adam,6.7295018235e-06,1.3412678145e-05,2.8953438586e-08
1230,adam,3.8877419956e-06,7.7326974015e-06,2.6741618555e-08
1231,adam,1.2900739213e-06,2.5374002130e-06,2.6717268480e-08
1232,adam,4.7949158126e-06,9.5446887524e-06,2.8214295458e-08
1233,adam,3.8402167103e-06,7.6376776947e-06,2.6722328640e-08
1234,adam,1.0935089307e-06,2.1441166500e-06,2.6813257138e-08
1235,adam,3.2442452582e-06,6.4440906498e-06,2.7749916621e-08
1236,adam,3.6552694276e-06,7.2677903914e-06,2.6717789923e-08
1237,adam,1.2415690704e-06,2.4399878652e-06,2.6968922241e-08
1238,adam,2.0585276981e-06,4.0733278745e-06,2.7329700980e-08
1239,adam,3.2375821782e-06,6.4326345180e-06,2.6581149052e-08
1240,adam,1.5917300196e-06,3.1401478633e-06,2.7070109992e-08
1241,adam,1.2872745985e-06,2.5314441038e-06,2.6940683251e-08
1242,adam,2.5668971579e-06,5.0914736082e-06,2.6450442270e-08
1243,adam,1.9576364207e-06,3.8718554352e-06,2.7135878874e-08
1244,adam,1.0226567018e-06,2.0026982804e-06,2.6634451988e-08
1245,adam,1.7790513164e-06,3.5159101699e-06,2.6370289323e-08
1246,adam,2.0553710810e-06,4.0673423107e-06,2.7124906999e-08
1247,adam,1.1938622377e-06,2.3454654675e-06,2.6411880005e-08
1248,adam,1.1727254024e-06,2.3032270144e-06,2.6389869061e-08
1249,adam,1.7750777904e-06,3.5070021909e-06,2.6970868715e-08
1250,adam,1.4992091678e-06,2.9564390465e-06,2.6237055675e-08
1251,adam,1.0014884898e-06,1.9606440471e-06,2.6458082808e-08
1252,adam,1.2952044326e-06,2.5477400488e-06,2.6668010274e-08
1253,adam,1.5606046894e-06,3.0794561222e-06,2.6095785334e-08
1254,adam,1.1934334027e-06,2.3444192022e-06,2.6529752053e-08
1255,adam,9.9424692835e-07,1.9464122444e-06,2.6301007710e-08
1256,adam,1.2762618257e-06,2.5108614295e-06,2.6038888756e-08
1257,adam,1.3534488805e-06,2.6644307314e-06,2.6541893462e-08
1258,adam,1.0751501145e-06,2.1086720934e-06,2.6017584684e-08
1259,adam,9.9386139638e-07,1.9460344305e-06,2.6055226430e-08
1260,adam,1.1895204962e-06,2.3369333235e-06,2.6317293023e-08
1261,adam,1.2233575726e-06,2.4054132660e-06,2.5813674453e-08
1262,adam,1.0360424374e-06,2.0303034306e-06,2.6113402552e-08
1263,adam,9.7475560307e-07,1.9079666384e-06,2.5965354828e-08
1264,adam,1.1008046131e-06,2.1604611236e-06,2.5717564204e-08
1265,adam,1.1421929787e-06,2.2426828759e-06,2.6064425903e-08
1266,adam,1.0278694098e-06,2.0147000056e-06,2.5649258745e-08
1267,adam,9.5515999232e-07,1.8691682752e-06,2.5719818379e-08
1268,adam,1.0180680832e-06,1.9948374082e-06,2.5811723875e-08
1269,adam,1.0778483148e-06,2.1149656508e-06,2.5456861800e-08
1270,adam,1.0280252548e-06,2.0149125204e-06,2.5711243278e-08
1271,adam,9.5423284327e-07,1.8677043220e-06,2.5475852806e-08
1272,adam,9.5842213674e-07,1.8761918134e-06,2.5407787529e-08
1273,adam,1.0096310943e-06,1.9783695948e-06,2.5557871091e-08
1274,adam,1.0177709135e-06,1.9951599743e-06,2.5238657890e-08
1275,adam,9.6980043984e-07,1.8989597517e-06,2.5400705010e-08
1276,adam,9.3423264833e-07,1.8280495845e-06,2.5259820119e-08
1277,adam,9.4708418177e-07,1.8539101734e-06,2.5161368830e-08
1278,adam,9.7588124192e-07,1.9113071699e-06,2.5284571223e-08
1279,adam,9.7670724924e-07,1.9133578186e-06,2.5035424930e-08
1280,adam,9.4668022280e-07,1.8531211502e-06,2.5149559653e-08
1281,adam,9.2355687799e-07,1.8070926201e-06,2.5013209920e-08
1282,adam,9.2721758713e-07,1.8145204721e-06,2.4946688822e-08
1283,adam,9.4395375629e-07,1.8478826706e-06,2.5015526244e-08
1284,adam,9.4983769615e-07,1.8599720904e-06,2.4814563658e-08
1285,adam,9.3545972727e-07,1.8310409723e-06,2.4924051380e-08
1286,adam,9.1713789488e-07,1.7946399718e-06,2.4772386208e-08
1287,adam,9.0981064437e-07,1.7799981831e-06,2.4764441053e-08
1288,adam,9.1562302355e-07,1.7916277676e-06,2.4761424684e-08
1289,adam,9.2433996582e-07,1.8092925538e-06,2.4617111168e-08
1290,adam,9.2443701616e-07,1.8093442015e-06,2.4706144291e-08
1291,adam,9.1610905657e-07,1.7929619798e-06,2.4535083324e-08
1292,adam,9.0454832767e-07,1.7697709554e-06,2.4578562441e-08
1293,adam,8.9810115258e-07,1.7570094560e-06,2.4495530731e-08
1294,adam,8.9858723774e-07,1.7580785943e-06,2.4434925730e-08
1295,adam,9.0226941818e-07,1.7654053755e-06,2.4458413066e-08
1296,adam,9.0483593226e-07,1.7707579540e-06,2.4321194081e-08
1297,adam,9.0257747148e-07,1.7661390993e-06,2.4384902264e-08
1298,adam,8.9709802739e-07,1.7553982726e-06,2.4248613838e-08
1299,adam,8.9016623873e-07,1.7414951611e-06,2.4273322738e-08
1300,adam,8.8513368670e-07,1.7315508907e-06,2.4197801683e-08
1301,adam,8.8262588903e-07,1.7265925679e-06,2.4162006363e-08
1302,adam,8.8230933296e-07,1.7259808510e-06,2.4148634307e-08
1303,adam,8.8313122929e-07,1.7277643453e-06,2.4061320829e-08
1304,adam,8.8324344272e-07,1.7279482563e-06,2.4086643233e-08
1305,adam,8.8269395238e-07,1.7270225883e-06,2.3978322803e-08
1306,adam,8.8048894802e-07,1.7225612596e-06,2.4010397788e-08
1307,adam,8.7776284769e-07,1.7172828101e-06,2.3901803272e-08
1308,adam,8.7425092868e-07,1.7102164306e-06,2.3928391752e-08
1309,adam,8.7112260610e-07,1.7041072507e-06,2.3836225948e-08
1310,adam,8.6801391301e-07,1.6978768531e-06,2.3844358088e-08
1311,adam,8.6542380324e-07,1.6928066454e-06,2.3775600650e-08
1312,adam,8.6305601846e-07,1.6880920416e-06,2.3762497042e-08
1313,adam,8.6113025026e-07,1.6843158239e-06,2.3715422881e-08
1314,adam,8.5944664556e-07,1.6810044571e-06,2.3680521262e-08
1315,adam,8.5795454083e-07,1.6780640747e-06,2.3653129344e-08
1316,adam,8.5670791630e-07,1.6756520727e-06,2.3602349910e-08
1317,adam,8.5553994981e-07,1.6733446879e-06,2.3584507348e-08
1318,adam,8.5470389999e-07,1.6717718918e-06,2.3522442598e-08
1319,adam,8.5384663593e-07,1.6700618485e-06,2.3519639619e-08
1320,adam,8.5372720361e-07,1.6699483135e-06,2.3441308604e-08
1321,adam,8.5419970190e-07,1.6708619827e-06,2.3460888183e-08
1322,adam,8.5675011543e-07,1.6761366056e-06,2.3352265806e-08
1323,adam,8.6193876706e-07,1.6864104617e-06,2.3416920256e-08
1324,adam,8.7368266876e-07,1.7101619031e-06,2.3252146492e-08
1325,adam,8.9577364384e-07,1.7541065749e-06,2.3400445521e-08
1326,adam,9.4130280572e-07,1.8455931259e-06,2.3132803451e-08
1327,adam,1.0320583876e-06,2.0266158394e-06,2.3438084842e-08
1328,adam,1.2215594144e-06,2.4063515348e-06,2.2979558747e-08
1329,adam,1.6113659689e-06,3.1849013268e-06,2.3644131873e-08
1330,adam,2.4485607355e-06,4.8606063698e-06,2.2821938342e-08
1331,adam,4.2226038413e-06,8.4062019157e-06,2.4378604261e-08
1332,adam,8.0194888008e-06,1.6002164915e-05,2.3007929129e-08
1333,adam,1.6073173959e-05,3.2103167815e-05,2.6987564138e-08
1334,adam,3.2726254848e-05,6.5411750519e-05,2.5474485404e-08
1335,adam,6.3114571632e-05,1.2617189349e-04,3.5781107306e-08
1336,adam,1.0592763368e-04,2.1179972939e-04,3.4711224229e-08
1337,adam,1.3147859845e-04,2.6288093565e-04,4.7663282231e-08
1338,adam,9.1832028244e-05,1.8361108391e-04,3.3107862897e-08
1339,adam,1.9649459688e-05,3.9256641343e-05,2.6423770496e-08
1340,adam,1.4545646240e-05,2.9046698191e-05,2.7871430961e-08
1341,adam,5.6565201664e-05,1.1308698538e-04,2.7136217060e-08
1342,adam,4.0874022224e-05,8.1696761709e-05,3.2051711541e-08
1343,adam,3.8675273472e-06,7.6974540936e-06,2.3500375452e-08
1344,adam,2.7065587439e-05,5.4094458494e-05,2.2947740647e-08
1345,adam,3.6784498497e-05,7.3519359597e-05,3.1023373109e-08
1346,adam,4.7149006151e-06,9.3947332356e-06,2.1917496652e-08
1347,adam,1.3520703050e-05,2.7005124939e-05,2.2675725656e-08
1348,adam,2.7468006674e-05,5.4889885506e-05,2.8829901897e-08
1349,adam,5.6796879727e-06,1.1324665740e-05,2.1693878235e-08
1350,adam,9.6923478222e-06,1.9347042644e-05,2.3533125391e-08
1351,adam,1.9164537019e-05,3.8287628862e-05,2.5903235396e-08
1352,adam,3.7705896524e-06,7.5060796230e-06,2.1937301194e-08
1353,adam,8.5878185289e-06,1.7137162493e-05,2.4046602897e-08
1354,adam,1.4332993001e-05,2.8626862749e-05,2.4452033693e-08
1355,adam,2.1791651924e-06,4.3221789655e-06,2.2594637081e-08
1356,adam,6.8897164388e-06,1.3741842438e-05,2.3494024517e-08
1357,adam,1.0665721883e-05,2.1293866231e-05,2.3485958693e-08
1358,adam,1.9219764158e-06,3.8071762779e-06,2.2985346096e-08
1359,adam,5.6686200288e-06,1.1300681643e-05,2.2849009071e-08
1360,adam,7.6243638576e-06,1.5211379393e-05,2.3342701479e-08
1361,adam,1.6422794544e-06,3.2478911815e-06,2.2917329556e-08
1362,adam,4.9125015395e-06,9.7892505952e-06,2.2345302370e-08
1363,adam,5.8275218849e-06,1.1617328299e-05,2.3572169378e-08
1364,adam,1.2238820817e-06,2.4117534875e-06,2.2506672379e-08
1365,adam,3.8347121256e-06,7.6339260540e-06,2.2186373262e-08
1366,adam,4.8217748505e-06,9.6059389883e-06,2.3506695435e-08
1367,adam,1.2499148617e-06,2.4646753820e-06,2.1971463410e-08
1368,adam,2.7661395827e-06,5.4966318381e-06,2.2279579577e-08
1369,adam,3.8862051049e-06,7.7353481896e-06,2.3163762615e-08
1370,adam,1.3669580005e-06,2.6989927850e-06,2.1827010041e-08
1371,adam,2.0805832478e-06,4.1253681125e-06,2.2373989445e-08
1372,adam,3.2392311751e-06,6.4421389406e-06,2.2702130961e-08
1373,adam,1.4169716354e-06,2.7988100687e-06,2.1958251356e-08
1374,adam,1.4064651864e-06,2.7773610259e-06,2.2230841825e-08
1375,adam,2.7161020395e-06,5.3963313114e-06,2.2420479712e-08
1376,adam,1.7114123086e-06,3.3874418040e-06,2.2114258218e-08
1377,adam,9.7052288781e-07,1.9059957407e-06,2.1906271801e-08
1378,adam,1.9765510385e-06,3.9173702983e-06,2.2332361666e-08
1379,adam,1.9065908632e-06,3.7779910597e-06,2.1994166763e-08
1380,adam,9.9458225732e-07,1.9542777506e-06,2.1804227514e-08
1381,adam,1.3352139114e-06,2.6347623553e-06,2.2290917146e-08
1382,adam,1.7768101853e-06,3.5189539968e-06,2.1666483647e-08
1383,adam,1.1830218543e-06,2.3309347740e-06,2.1943084157e-08
1384,adam,9.4903014504e-07,1.8628583419e-06,2.2001217630e-08
1385,adam,1.4480857819e-06,2.8618918618e-06,2.1424813696e-08
1386,adam,1.4101674219e-06,2.7849323038e-06,2.2126587529e-08
1387,adam,9.2560646873e-07,1.8167521144e-06,2.1538014442e-08
1388,adam,9.9589115102e-07,1.9574326745e-06,2.1468517199e-08
1389,adam,1.3165181233e-06,2.5978742316e-06,2.1976259349e-08
1390,adam,1.1596488899e-06,2.2852624895e-06,2.1272056493e-08
1391,adam,8.7720493308e-07,1.7198045923e-06,2.1628296178e-08
1392,adam,9.9526854777e-07,1.9560999157e-06,2.1523237374e-08
1393,adam,1.1690057056e-06,2.3040299845e-06,2.1238391708e-08
1394,adam,1.0183632368e-06,2.0022478542e-06,2.1549137147e-08
1395,adam,8.5364229059e-07,1.6733297955e-06,2.1221741056e-08
1396,adam,9.5269309009e-07,1.8714185983e-06,2.1229738667e-08
1397,adam,1.0680102631e-06,2.1019179187e-06,2.1314129604e-08
1398,adam,9.7249969455e-07,1.9112433135e-06,2.1097547227e-08
1399,adam,8.4382534972e-07,1.6538762626e-06,2.1109023005e-08
1400,adam,8.8510981272e-07,1.7363621194e-06,2.1160941267e-08
1401,adam,9.7814684525e-07,1.9227902206e-06,2.0939668688e-08
1402,adam,9.4603442706e-07,1.8583452544e-06,2.1077249841e-08
1403,adam,8.5420624170e-07,1.6748880959e-06,2.0952742220e-08
1404,adam,8.4699047831e-07,1.6607146982e-06,2.0791411478e-08
1405,adam,9.0839589591e-07,1.7831442204e-06,2.1029732139e-08
1406,adam,9.2070682608e-07,1.8083326250e-06,2.0675641967e-08
1407,adam,8.6166609542e-07,1.6899216815e-06,2.0881568304e-08
1408,adam,8.2049724966e-07,1.6078088682e-06,2.0741019461e-08
1409,adam,8.4327831804e-07,1.6535306575e-06,2.0641236623e-08
1410,adam,8.7874282855e-07,1.7241856851e-06,2.0812482495e-08
1411,adam,8.7088275599e-07,1.7089336210e-06,2.0519931838e-08
1412,adam,8.3248798563e-07,1.6318475970e-06,2.0705233894e-08
1413,adam,8.1490178091e-07,1.5969479867e-06,2.0534734463e-08
1414,adam,8.3180473203e-07,1.6307635371e-06,2.0528704348e-08
1415,adam,8.4990498719e-07,1.6669265688e-06,2.0552128466e-08
1416,adam,8.4313372358e-07,1.6535622206e-06,2.0440766592e-08
1417,adam,8.1843659679e-07,1.6041472186e-06,2.0453734373e-08
1418,adam,8.0446957375e-07,1.5762472933e-06,2.0432408851e-08
1419,adam,8.1044947998e-07,1.5883850042e-06,2.0321222326e-08
1420,adam,8.2231463215e-07,1.6119432414e-06,2.0428764304e-08
1421,adam,8.2373644595e-07,1.6150897586e-06,2.0239458307e-08
1422,adam,8.1150631872e-07,1.5904571362e-06,2.0347188271e-08
1423,adam,7.9835449808e-07,1.5643519885e-06,2.0223129789e-08
1424,adam,7.9407694207e-07,1.5557993095e-06,2.0221609142e-08
1425,adam,7.9857680076e-07,1.5647951141e-06,2.0224054615e-08
1426,adam,8.0434167581e-07,1.5764881340e-06,2.0122011033e-08
1427,adam,8.0349112281e-07,1.5746900750e-06,2.0182606666e-08
1428,adam,7.9690005779e-07,1.5616840759e-06,2.0072524793e-08
1429,adam,7.8852820006e-07,1.5449056479e-06,2.0094220162e-08
1430,adam,7.8404128236e-07,1.5359947550e-06,2.0054881097e-08
1431,adam,7.8421898526e-07,1.5364560432e-06,1.9988704557e-08
1432,adam,7.8679442098e-07,1.5415217947e-06,2.0041904574e-08
1433,adam,7.8905509881e-07,1.5462692331e-06,1.9900602831e-08
1434,adam,7.8871705222e-07,1.5454120526e-06,2.0013782395e-08
1435,adam,7.8735961207e-07,1.5429967339e-06,1.9826556422e-08
1436,adam,7.8764366261e-07,1.5433068377e-06,1.9987804679e-08
1437,adam,7.9501221360e-07,1.5584490153e-06,1.9734632445e-08
1438,adam,8.1918480965e-07,1.6063618382e-06,2.0004863216e-08
1439,adam,8.7972218321e-07,1.7281285625e-06,1.9572377431e-08
1440,adam,1.0280440701e-06,2.0238123037e-06,2.0172397841e-08
1441,adam,1.3831532040e-06,2.7355580961e-06,1.9217694873e-08
1442,adam,2.2615822859e-06,4.4899787554e-06,2.0741135209e-08
1443,adam,4.4340021099e-06,8.8384455108e-06,1.8474193090e-08
1444,adam,9.8484296811e-06,1.9660778271e-05,2.2550682261e-08
1445,adam,2.3150175905e-05,4.6272576723e-05,1.7359429781e-08
1446,adam,5.3706256543e-05,1.0736651885e-04,2.8746395674e-08
1447,adam,1.1262018073e-04,2.2521120180e-04,1.8224792451e-08
1448,adam,1.8684331796e-04,3.7361640383e-04,4.3895061098e-08
1449,adam,2.0231084998e-04,4.0458686075e-04,2.1774501617e-08
1450,adam,1.0676487293e-04,2.1347158253e-04,3.6352080589e-08
1451,adam,1.4900371257e-05,2.9766894946e-05,2.1154729950e-08
1452,adam,5.5583643718e-05,1.1114057368e-04,1.6696098009e-08
1453,adam,9.9502233749e-05,1.9894719775e-04,3.5793595660e-08
1454,adam,3.4762827813e-05,6.9499320597e-05,1.6459392674e-08
1455,adam,6.8658380700e-06,1.3703911575e-05,1.7352853349e-08
1456,adam,6.0390641335e-05,1.2073160900e-04,3.1046046732e-08
1457,adam,4.2824356805e-05,8.5621940708e-05,1.6733064314e-08
1458,adam,3.4898101754e-06,6.9487318134e-06,1.9305335813e-08
1459,adam,3.5920829562e-05,7.1799132439e-05,2.6579178632e-08
1460,adam,3.0284363178e-05,6.0542436300e-05,1.6431284781e-08
1461,adam,3.4408397652e-06,6.8505109724e-06,1.9480348739e-08
1462,adam,2.8512745600e-05,5.6985382907e-05,2.5067683434e-08
1463,adam,2.0525129886e-05,4.1023140457e-05,1.6949571940e-08
1464,adam,1.3900407956e-06,2.7506359373e-06,1.8403533625e-08
1465,adam,2.1559312689e-05,4.3079881134e-05,2.4215152556e-08
1466,adam,1.3511277710e-05,2.6994870935e-05,1.7302802701e-08
1467,adam,3.1541038633e-06,6.2797273130e-06,1.7800258464e-08
1468,adam,1.6601333756e-05,3.3164982155e-05,2.3553347852e-08
1469,adam,6.6909226105e-06,1.3354566457e-05,1.7049227597e-08
1470,adam,3.9151919111e-06,7.8025515996e-06,1.7395139139e-08
1471,adam,1.3449553820e-05,2.6861894360e-05,2.3258299953e-08
1472,adam,3.6130385270e-06,7.1984075464e-06,1.7293442213e-08
1473,adam,4.1447086213e-06,8.2617653569e-06,1.7282428488e-08
1474,adam,9.3619352532e-06,1.8688408086e-05,2.2164012569e-08
1475,adam,2.0396244417e-06,4.0507782147e-06,1.7794167911e-08
1476,adam,5.0330167140e-06,1.0038053975e-05,1.7487158380e-08
1477,adam,6.6007543138e-06,1.3167489061e-05,2.1262229150e-08
1478,adam,9.4615265527e-07,1.8627575198e-06,1.8467369240e-08
1479,adam,4.5720799000e-06,9.1164954091e-06,1.7290244296e-08
1480,adam,4.6069722803e-06,9.1811613241e-06,2.0489522845e-08
1481,adam,1.1615797574e-06,2.2928359993e-06,1.8952197207e-08
1482,adam,4.1120077034e-06,8.1966605659e-06,1.7096775634e-08
1483,adam,2.8438888822e-06,5.6555229362e-06,2.0159267548e-08
1484,adam,1.0508197284e-06,2.0711570009e-06,1.9051534956e-08
1485,adam,3.5987589095e-06,7.1701056669e-06,1.7132595059e-08
1486,adam,2.1682902402e-06,4.3046823182e-06,1.9936351428e-08
1487,adam,1.1733156728e-06,2.3163243025e-06,1.8941901936e-08
1488,adam,2.8095298222e-06,5.5912919803e-06,1.7354790125e-08
1489,adam,1.4796351305e-06,2.9281656071e-06,1.9440408720e-08
1490,adam,1.1870783653e-06,2.3437773910e-06,1.8987087189e-08
1491,adam,2.4183661043e-06,4.8085784123e-06,1.7596122696e-08
1492,adam,1.2917155258e-06,2.5529073631e-06,1.9077305324e-08
1493,adam,1.1131425557e-06,2.1957203770e-06,1.9102958981e-08
1494,adam,1.9071453476e-06,3.7863154919e-06,1.7484502035e-08
1495,adam,1.0669106964e-06,2.1035764269e-06,1.8903103735e-08
1496,adam,1.0674779251e-06,2.1045480804e-06,1.9004856173e-08
1497,adam,1.6876110542e-06,3.3472043158e-06,1.7511120301e-08
1498,adam,1.0428048149e-06,2.0552770989e-06,1.8957831792e-08
1499,adam,9.7036560003e-07,1.9107651098e-06,1.8728806391e-08
1500,adam,1.3908813338e-06,2.7534841097e-06,1.7674098662e-08
1501,adam,9.3973810396e-07,1.8494692985e-06,1.8754318421e-08
1502,adam,8.8152445455e-07,1.7333165108e-06,1.8582748926e-08
1503,adam,1.2499224336e-06,2.4714405087e-06,1.7752724095e-08
1504,adam,9.6858659529e-07,1.9073666010e-06,1.8629118487e-08
1505,adam,8.5004225656e-07,1.6704287851e-06,1.8534830033e-08
1506,adam,1.1096847902e-06,2.1911185920e-06,1.7656867816e-08
1507,adam,9.2777007485e-07,1.8256688889e-06,1.8669538006e-08
1508,adam,7.7404874072e-07,1.5188227030e-06,1.8296736528e-08
1509,adam,9.7338502633e-07,1.9184186356e-06,1.7719635683e-08
1510,adam,9.1678402511e-07,1.8038158101e-06,1.8595150106e-08
1511,adam,7.7205203733e-07,1.5150891826e-06,1.8134307557e-08
1512,adam,9.0459317853e-07,1.7806522784e-06,1.7833799168e-08
1513,adam,9.2421219338e-07,1.8188977740e-06,1.8454133001e-08
1514,adam,7.8674112781e-07,1.5445633927e-06,1.8074289325e-08
1515,adam,8.3503451410e-07,1.6415991399e-06,1.7793680163e-08
1516,adam,8.9038085985e-07,1.7512128069e-06,1.8468070534e-08
1517,adam,7.8874422633e-07,1.5488905510e-06,1.7873688550e-08
1518,adam,7.7372378570e-07,1.5187402075e-06,1.7942102453e-08
1519,adam,8.3983599744e-07,1.6503965795e-06,1.8297134613e-08
1520,adam,7.9388426726e-07,1.5592455452e-06,1.7826868352e-08
1521,adam,7.4529179945e-07,1.4618513534e-06,1.7957653407e-08
1522,adam,7.9052991468e-07,1.5519258815e-06,1.8208717393e-08
1523,adam,7.9475916134e-07,1.5611564024e-06,1.7726200150e-08
1524,adam,7.4337542046e-07,1.4579015945e-06,1.8030778983e-08
1525,adam,7.5114142115e-07,1.4733865340e-06,1.8060192688e-08
1526,adam,7.7999819194e-07,1.5316584856e-06,1.7711186411e-08
1527,adam,7.5403226289e-07,1.4792033442e-06,1.8038238510e-08
1528,adam,7.3237298305e-07,1.4360831379e-06,1.7914267612e-08
1529,adam,7.5464396657e-07,1.4809326177e-06,1.7722072122e-08
1530,adam,7.5900233093e-07,1.4891614581e-06,1.8027002362e-08
1531,adam,7.3317279675e-07,1.4378951017e-06,1.7781557339e-08
1532,adam,7.3132278925e-07,1.4342284907e-06,1.7760679879e-08
1533,adam,7.4717616566e-07,1.4656219447e-06,1.7956491620e-08
1534,adam,7.3907557779e-07,1.4498595660e-06,1.7682243490e-08
1535,adam,7.2297120052e-07,1.4174454982e-06,1.7810564254e-08
1536,adam,7.2781599536e-07,1.4270722025e-06,1.7849867665e-08
1537,adam,7.3542203447e-07,1.4426061026e-06,1.7648728943e-08
1538,adam,7.2662364862e-07,1.4247147602e-06,1.7832835654e-08
1539,adam,7.1808448096e-07,1.4077852633e-06,1.7739811625e-08
1540,adam,7.2435580843e-07,1.4205050181e-06,1.7629124239e-08
1541,adam,7.3082096920e-07,1.4331178061e-06,1.7827582706e-08
1542,adam,7.3059140492e-07,1.4330308879e-06,1.7594951200e-08
1543,adam,7.4291764440e-07,1.4574746154e-06,1.7725420894e-08
1544,adam,7.9201851483e-07,1.5557714117e-06,1.7666011250e-08
1545,adam,9.0885086063e-07,1.7893582693e-06,1.7714657448e-08
1546,adam,1.2080266767e-06,2.3879303752e-06,1.7576861374e-08
1547,adam,2.0041441880e-06,3.9792753418e-06,1.8133146337e-08
1548,adam,4.1720932703e-06,8.3160135942e-06,1.7608091430e-08
1549,adam,1.0010835417e-05,1.9989685969e-05,1.9990541083e-08
1550,adam,2.5951974946e-05,5.1871569765e-05,2.0237579212e-08
1551,adam,6.7076503840e-05,1.3410432636e-04,3.0425827334e-08
1552,adam,1.6457687841e-04,3.2908867158e-04,4.0678275040e-08
1553,adam,3.2267231332e-04,6.4522780924e-04,7.3010867416e-08
1554,adam,3.9399006133e-04,7.8786178386e-04,7.3961742684e-08
1555,adam,1.6591514914e-04,3.3175488066e-04,4.7136012749e-08
1556,adam,8.9527341272e-06,1.7873995572e-05,1.9670426249e-08
1557,adam,1.7727764194e-04,3.5448480171e-04,4.4051352041e-08
1558,adam,1.1160535242e-04,2.2315037097e-04,3.7708671456e-08
1559,adam,1.6345619073e-05,3.2656805319e-05,2.1520516579e-08
1560,adam,1.3130333577e-04,2.6254620423e-04,3.7792074303e-08
1561,adam,2.9837620739e-05,5.9634269755e-05,2.5607326555e-08
1562,adam,5.6661739948e-05,1.1327840464e-04,2.8172035192e-08
1563,adam,6.9154512818e-05,1.3826027043e-04,3.0472004494e-08
1564,adam,1.2749446055e-05,2.5459538869e-05,2.4595775966e-08
1565,adam,7.0948677621e-05,1.4184949689e-04,2.9911469473e-08
1566,adam,8.0070889355e-06,1.5978513686e-05,2.2290115894e-08
1567,adam,4.8333849778e-05,9.6618198340e-05,3.0938259668e-08
1568,adam,2.2087093115e-05,4.4134671487e-05,2.4696713697e-08
1569,adam,2.0687601054e-05,4.1335972360e-05,2.4518593219e-08
1570,adam,3.5185523660e-05,7.0324426208e-05,2.9138195471e-08
1571,adam,4.7750743029e-06,9.5133358326e-06,2.3007983203e-08
1572,adam,3.4822305268e-05,6.9604199732e-05,2.5256752348e-08
1573,adam,3.7699769318e-06,7.5017192509e-06,2.3896633017e-08
1574,adam,2.4532632311e-05,4.9021892838e-05,2.7107364880e-08
1575,adam,8.9755948565e-06,1.7915065447e-05,2.2577666060e-08
1576,adam,1.3907993045e-05,2.7778279721e-05,2.3566480311e-08
1577,adam,1.3561322850e-05,2.7083168501e-05,2.4673249582e-08
1578,adam,6.3135579769e-06,1.2590506073e-05,2.2881175679e-08
1579,adam,1.5657421621e-05,3.1277527542e-05,2.3322312634e-08
1580,adam,2.3089464910e-06,4.5829296196e-06,2.1852101431e-08
1581,adam,1.4263974067e-05,2.8490143695e-05,2.3627774086e-08
1582,adam,2.8473772203e-06,5.6607613419e-06,2.1245686691e-08
1583,adam,9.4262273325e-06,1.8817307122e-05,2.1967214378e-08
1584,adam,5.9829064583e-06,1.1930944792e-05,2.1792578089e-08
1585,adam,4.3278912970e-06,8.6215940386e-06,2.1367847161e-08
1586,adam,7.9439692060e-06,1.5853867682e-05,2.1294205986e-08
1587,adam,1.9391761680e-06,3.8455440585e-06,2.0505173424e-08
1588,adam,7.3143248847e-06,1.4594450374e-05,2.1374621908e-08
1589,adam,2.1019637300e-06,4.1715174574e-06,2.0256251638e-08
1590,adam,5.1969628537e-06,1.0361215736e-05,2.0443732381e-08
1591,adam,3.3198765902e-06,6.6071756586e-06,2.0360951155e-08
1592,adam,2.8138736689e-06,5.5953234612e-06,2.0264922935e-08
1593,adam,4.4111462284e-06,8.7902788935e-06,2.0008477096e-08
1594,adam,1.3626998799e-06,2.6940303053e-06,1.9605909094e-08
1595,adam,4.2218381921e-06,8.4114179101e-06,2.0161546277e-08
1596,adam,1.6452943052e-06,3.2595820153e-06,1.9379121857e-08
1597,adam,2.6544557410e-06,5.2776802812e-06,1.9519500513e-08
1598,adam,2.7427558550e-06,5.4539483947e-06,1.9727072006e-08
1599,adam,1.3309274240e-06,2.6311851327e-06,1.9168572081e-08
1600,adam,2.9441641218e-06,5.8576000677e-06,1.9205109945e-08
1601,adam,1.2900842582e-06,2.5493309360e-06,1.9273487740e-08
1602,adam,2.0936758983e-06,4.1567072066e-06,1.9152868759e-08
1603,adam,1.8916358607e-06,3.7531113463e-06,1.8850234466e-08
1604,adam,1.2491302224e-06,2.4677793198e-06,1.9050703198e-08
1605,adam,2.0995851038e-06,4.1687208650e-06,1.9030839147e-08
1606,adam,1.1424534715e-06,2.2551176875e-06,1.8618284704e-08
1607,adam,1.6341469899e-06,3.2381245035e-06,1.8855922622e-08
1608,adam,1.5358429420e-06,3.0415330808e-06,1.8845502014e-08
1609,adam,1.0752252518e-06,2.1207386025e-06,1.8569938119e-08
1610,adam,1.6546902496e-06,3.2795407375e-06,1.8649851042e-08
1611,adam,1.0837290713e-06,2.1376370699e-06,1.8638170471e-08
1612,adam,1.2417939779e-06,2.4538885395e-06,1.8562135191e-08
1613,adam,1.3861677456e-06,2.7427589509e-06,1.8485337677e-08
1614,adam,9.4457425362e-07,1.8595584309e-06,1.8493797689e-08
1615,adam,1.3006683859e-06,2.5716780778e-06,1.8536683733e-08
1616,adam,1.1195607216e-06,2.2097475999e-06,1.8358652084e-08
1617,adam,9.7846441659e-07,1.9275220117e-06,1.8379263421e-08
1618,adam,1.2234552801e-06,2.4174036309e-06,1.8441830753e-08
1619,adam,9.6327241613e-07,1.8973208885e-06,1.8264964855e-08
1620,adam,1.0178757669e-06,2.0065343032e-06,1.8260769115e-08
1621,adam,1.1014663464e-06,2.1736472644e-06,1.8303392738e-08
1622,adam,9.0637761741e-07,1.7836347645e-06,1.8200293952e-08
1623,adam,1.0249030925e-06,2.0207671672e-06,1.8149386175e-08
1624,adam,9.9826262653e-07,1.9674514555e-06,1.8171123463e-08
1625,adam,8.8882725172e-07,1.7486508426e-06,1.8127288012e-08
1626,adam,9.9809292632e-07,1.9673350459e-06,1.8031754235e-08
1627,adam,9.2519409650e-07,1.8215007373e-06,1.8054659830e-08
1628,adam,8.8091584388e-07,1.7329749662e-06,1.8035450940e-08
1629,adam,9.5745873915e-07,1.8862613394e-06,1.7910086828e-08
1630,adam,8.7808816104e-07,1.7274492932e-06,1.7954393032e-08
1631,adam,8.6830701999e-07,1.7079201634e-06,1.7933672882e-08
1632,adam,9.1849148774e-07,1.8084778640e-06,1.7815694704e-08
1633,adam,8.5111027065e-07,1.6736513506e-06,1.7855744194e-08
1634,adam,8.5136086786e-07,1.6741941004e-06,1.7829772095e-08
1635,adam,8.8339820379e-07,1.7384136467e-06,1.7739225559e-08
1636,adam,8.3064640642e-07,1.6328928527e-06,1.7749975086e-08
1637,adam,8.3172510634e-07,1.6350784949e-06,1.7732323620e-08
1638,adam,8.5514901271e-07,1.6820408941e-06,1.7660707068e-08
1639,adam,8.1661535046e-07,1.6049948479e-06,1.7647408123e-08
1640,adam,8.1388748469e-07,1.5995324641e-06,1.7651565794e-08
1641,adam,8.3207334510e-07,1.6360174731e-06,1.7580760679e-08
1642,adam,8.0618811186e-07,1.5842768419e-06,1.7562113667e-08
1643,adam,7.9862943694e-07,1.5691597701e-06,1.7561939866e-08
1644,adam,8.1258661623e-07,1.5971728449e-06,1.7500242238e-08
1645,adam,7.9577257297e-07,1.5635607111e-06,1.7490271777e-08
1646,adam,7.8400995381e-07,1.5400712329e-06,1.7467921724e-08
1647,adam,7.9389056409e-07,1.5598932915e-06,1.7429897928e-08
1648,adam,7.8547974496e-07,1.5431026927e-06,1.7410498289e-08
1649,adam,7.7207015321e-07,1.5163406504e-06,1.7374785003e-08
1650,adam,7.7706998394e-07,1.5263578352e-06,1.7363832927e-08
1651,adam,7.7396866316e-07,1.5202098149e-06,1.7329694633e-08
1652,adam,7.6084695903e-07,1.4940093994e-06,1.7302824139e-08
1653,adam,7.6099990299e-07,1.4943300839e-06,1.7293576286e-08
1654,adam,7.6168240741e-07,1.4957660872e-06,1.7249204762e-08
1655,adam,7.5113784436e-07,1.4746943439e-06,1.7238340538e-08
1656,adam,7.4691404575e-07,1.4662793665e-06,1.7217953118e-08
1657,adam,7.4908912529e-07,1.4706774880e-06,1.7187976625e-08
1658,adam,7.4334412335e-07,1.4592128888e-06,1.7172098701e-08
1659,adam,7.3707231626e-07,1.4466967466e-06,1.7154928705e-08
1660,adam,7.3747649176e-07,1.4475517833e-06,1.7125750154e-08
1661,adam,7.3586249807e-07,1.4443460504e-06,1.7111841071e-08
1662,adam,7.3018112592e-07,1.4330094136e-06,1.7095523904e-08
1663,adam,7.2761923243e-07,1.4279422941e-06,1.7060106723e-08
1664,adam,7.2768898099e-07,1.4280864568e-06,1.7057190735e-08
1665,adam,7.2466876431e-07,1.4220934820e-06,1.7027529140e-08
1666,adam,7.2005788829e-07,1.4129062958e-06,1.7005925470e-08
1667,adam,7.1863310428e-07,1.4100800551e-06,1.6991345903e-08
1668,adam,7.1785792985e-07,1.4085733316e-06,1.6964080089e-08
1669,adam,7.1427947022e-07,1.4014457534e-06,1.6945741882e-08
1670,adam,7.1099049047e-07,1.3949042083e-06,1.6922982924e-08
1671,adam,7.0988050407e-07,1.3927106324e-06,1.6906484817e-08
1672,adam,7.0824640037e-07,1.3894848112e-06,1.6879993489e-08
1673,adam,7.0526521158e-07,1.3835498376e-06,1.6862865978e-08
1674,adam,7.0266304459e-07,1.3783812353e-06,1.6840533699e-08
1675,adam,7.0117043426e-07,1.3754353958e-06,1.6815920427e-08
1676,adam,6.9928250257e-07,1.3716912665e-06,1.6796086645e-08
1677,adam,6.9633255913e-07,1.3658221261e-06,1.6776870115e-08
1678,adam,6.9392972915e-07,1.3610623667e-06,1.6748182279e-08
1679,adam,6.9226989836e-07,1.3577703289e-06,1.6730917362e-08
1680,adam,6.9023580484e-07,1.3537301317e-06,1.6713423706e-08
1681,adam,6.8782856405e-07,1.3489672679e-06,1.6681162643e-08
1682,adam,6.8555401323e-07,1.3444305576e-06,1.6673418029e-08
1683,adam,6.8367895037e-07,1.3407383956e-06,1.6637190729e-08
1684,adam,6.8171360696e-07,1.3368303701e-06,1.6623027396e-08
1685,adam,6.7920344859e-07,1.3318557802e-06,1.6594448128e-08
1686,adam,6.7692771688e-07,1.3273295380e-06,1.6578684860e-08
1687,adam,6.7500577161e-07,1.3235421788e-06,1.6543352788e-08
1688,adam,6.7310450401e-07,1.3197458251e-06,1.6539489331e-08
1689,adam,6.7107327479e-07,1.3157632357e-06,1.6489571163e-08
1690,adam,6.6900937374e-07,1.3116120120e-06,1.6504209693e-08
1691,adam,6.6727975256e-07,1.3082609644e-06,1.6436587942e-08
1692,adam,6.6609124418e-07,1.3058235640e-06,1.6474327727e-08
1693,adam,6.6506552656e-07,1.3039366238e-06,1.6371518329e-08
1694,adam,6.6514191066e-07,1.3039438415e-06,1.6462487417e-08
1695,adam,6.6708624291e-07,1.3081179185e-06,1.6284104557e-08
1696,adam,6.7416045193e-07,1.3219415212e-06,1.6487114172e-08
1697,adam,6.9107314111e-07,1.3563109541e-06,1.6147080043e-08
1698,adam,7.3188854241e-07,1.4372144526e-06,1.6601645114e-08
1699,adam,8.2475797332e-07,1.6240914167e-06,1.5890331205e-08
1700,adam,1.0411697145e-06,2.0552455058e-06,1.6933702055e-08
1701,adam,1.5410427741e-06,3.0574941596e-06,1.5369617918e-08
1702,adam,2.7199899427e-06,5.4114433097e-06,1.7835359866e-08
1703,adam,5.5293998781e-06,1.1035837237e-05,1.4351574406e-08
1704,adam,1.2361072163e-05,2.4689398209e-05,2.0466322638e-08
1705,adam,2.8983374391e-05,5.7945985395e-05,1.2977116217e-08
1706,adam,6.8563784164e-05,1.3708081969e-04,2.9217901031e-08
1707,adam,1.5715592821e-04,3.1428656141e-04,1.5809376601e-08
1708,adam,3.1690820571e-04,6.3372570357e-04,5.6692406117e-08
1709,adam,4.8774846280e-04,9.7544512428e-04,3.2375820869e-08
1710,adam,4.2909194909e-04,8.5807276215e-04,6.9460023088e-08
1711,adam,1.1602748098e-04,2.3203055907e-04,1.5251813648e-08
1712,adam,2.3841665395e-05,4.7660845206e-05,1.4053490019e-08
1713,adam,2.1919308391e-04,4.3830991257e-04,4.7659534166e-08
1714,adam,1.6149913626e-04,3.2297089145e-04,1.7113167807e-08
1715,adam,3.4458737066e-06,6.8637989003e-06,1.7467820494e-08
1716,adam,1.2346860458e-04,2.4687679195e-04,3.7760761070e-08
1717,adam,1.1156278158e-04,2.2310111875e-04,1.5277755922e-08
1718,adam,2.8107628246e-06,5.5953762244e-06,1.6343390482e-08
1719,adam,9.5623935021e-05,1.9119265949e-04,3.4506596065e-08
1720,adam,5.8527773519e-05,1.1703317752e-04,1.3980951783e-08
1721,adam,9.9450196234e-06,1.9866807017e-05,1.4520143570e-08
1722,adam,7.8515219593e-05,1.5697797395e-04,3.2790775446e-08
1723,adam,1.8570661406e-05,3.7118184900e-05,1.4461194615e-08
1724,adam,2.5808695293e-05,5.1596014100e-05,1.3360303975e-08
1725,adam,5.2375576651e-05,1.0470494645e-04,2.8879285368e-08
1726,adam,2.5102168648e-06,4.9929897402e-06,1.7152493389e-08
1727,adam,3.7003437498e-05,7.3985696372e-05,1.3236640049e-08
1728,adam,2.2737154745e-05,4.5436644231e-05,2.3540786943e-08
1729,adam,7.3416195457e-06,1.4650049206e-05,2.0743678517e-08
1730,adam,3.2460633972e-05,6.4899712128e-05,1.3472385505e-08
1731,adam,4.7183267299e-06,9.4069940338e-06,1.8537141168e-08
1732,adam,1.7393666868e-05,3.4749946838e-05,2.3366810598e-08
1733,adam,1.7479768005e-05,3.4936601239e-05,1.4334232582e-08
1734,adam,2.6496465963e-06,5.2744702929e-06,1.5514312373e-08
1735,adam,1.9413647625e-05,3.8789670113e-05,2.3515710572e-08
1736,adam,5.0021294458e-06,9.9790564229e-06,1.5751542902e-08
1737,adam,8.0120555071e-06,1.6001146363e-05,1.4352907053e-08
1738,adam,1.2608731490e-05,2.5182931569e-05,2.1582131354e-08
1739,adam,1.3286619465e-06,2.6290960775e-06,1.7642384702e-08
1740,adam,1.0991140084e-05,2.1959268668e-05,1.4382187228e-08
1741,adam,4.6344341796e-06,9.2384320995e-06,1.9022662349e-08
1742,adam,3.7075154986e-06,7.3845361209e-06,1.9059297632e-08
1743,adam,8.6228084959e-06,1.7221818754e-05,1.4873898519e-08
1744,adam,1.0103035070e-06,1.9933634937e-06,1.7027200274e-08
1745,adam,6.1666141059e-06,1.2301756644e-05,1.9669730177e-08
1746,adam,4.1378429246e-06,8.2508081033e-06,1.5548591268e-08
1747,adam,1.5576210614e-06,3.0897856847e-06,1.5910273836e-08
1748,adam,5.7106398361e-06,1.1390266371e-05,1.9383313143e-08
1749,adam,1.2781838206e-06,2.5302569283e-06,1.6319195523e-08
1750,adam,3.1643724561e-06,6.3039849311e-06,1.5474988251e-08
1751,adam,3.5102727779e-06,6.9906990594e-06,1.8654060215e-08
1752,adam,8.4127272508e-07,1.6553021994e-06,1.7027031756e-08
1753,adam,3.5792958534e-06,7.1339661142e-06,1.5390995323e-08
1754,adam,1.5996238532e-06,3.1707206964e-06,1.7829381304e-08
1755,adam,1.4963333097e-06,2.9646031765e-06,1.7539651846e-08
1756,adam,2.8003580970e-06,5.5759781852e-06,1.5461255507e-08
1757,adam,8.0925480656e-07,1.5911202184e-06,1.7118371680e-08
1758,adam,1.9680683019e-06,3.9076075626e-06,1.7830650764e-08
1759,adam,1.7713307293e-06,3.5176216035e-06,1.5649909473e-08
1760,adam,8.1876589645e-07,1.6109996181e-06,1.6582609265e-08
1761,adam,1.9504480552e-06,3.8723443732e-06,1.7844835739e-08
1762,adam,1.0801890253e-06,2.1349414112e-06,1.5897899634e-08
1763,adam,1.0129079558e-06,1.9998997903e-06,1.6197575841e-08
1764,adam,1.6096244702e-06,3.1909507771e-06,1.7686351990e-08
1765,adam,7.7578363843e-07,1.5256492100e-06,1.6198791761e-08
1766,adam,1.1430519561e-06,2.2606025449e-06,1.5938354508e-08
1767,adam,1.2471552214e-06,2.4664217440e-06,1.7430436783e-08
1768,adam,7.0842192454e-07,1.3905110562e-06,1.6457995551e-08
1769,adam,1.1563465190e-06,2.2874460140e-06,1.5779390041e-08
1770,adam,9.7026511597e-07,1.9130425229e-06,1.7179818173e-08
1771,adam,7.1504816044e-07,1.4034776583e-06,1.6636664098e-08
1772,adam,1.0766443564e-06,2.1281002887e-06,1.5742765076e-08
1773,adam,7.9950020354e-07,1.5719403702e-06,1.6912523068e-08
1774,adam,7.4634543120e-07,1.4659558764e-06,1.6709366236e-08
1775,adam,9.7299043001e-07,1.9207322270e-06,1.5780395610e-08
1776,adam,7.0745181477e-07,1.3882385504e-06,1.6665674442e-08
1777,adam,7.6553483257e-07,1.5042918158e-06,1.6736155834e-08
1778,adam,8.7512850149e-07,1.7249577530e-06,1.5812031241e-08
1779,adam,6.6077961841e-07,1.2952128573e-06,1.6466487197e-08
1780,adam,7.5687023058e-07,1.4870072895e-06,1.6708232262e-08
1781,adam,7.9465191521e-07,1.5639272924e-06,1.5860336258e-08
1782,adam,6.4462827577e-07,1.2631268754e-06,1.6331047579e-08
1783,adam,7.4050243555e-07,1.4543749856e-06,1.6643678462e-08
1784,adam,7.3942630944e-07,1.4534204151e-06,1.5895127377e-08
1785,adam,6.3862705621e-07,1.2513213087e-06,1.6208002353e-08
1786,adam,7.1687338423e-07,1.4072434534e-06,1.6564571903e-08
1787,adam,7.0114638886e-07,1.3768408041e-06,1.5907483524e-08
1788,adam,6.3132545946e-07,1.2368006069e-06,1.6156445014e-08
1789,adam,6.8865082860e-07,1.3509696656e-06,1.6457494734e-08
1790,adam,6.7388935379e-07,1.3223138657e-06,1.5915526151e-08
1791,adam,6.2577418496e-07,1.2257905292e-06,1.6098650456e-08
1792,adam,6.6770381984e-07,1.3092252067e-06,1.6364020636e-08
1793,adam,6.5765456517e-07,1.2898321793e-06,1.5923094388e-08
1794,adam,6.1978531007e-07,1.2138676818e-06,1.6064336466e-08
1795,adam,6.4700390065e-07,1.2679582524e-06,1.6280968055e-08
1796,adam,6.4295615987e-07,1.2604641140e-06,1.5905128578e-08
1797,adam,6.1321498985e-07,1.2007633102e-06,1.6041668430e-08
1798,adam,6.3078252703e-07,1.2356475401e-06,1.6198446208e-08
1799,adam,6.3313571825e-07,1.2408422962e-06,1.5893212670e-08
1800,adam,6.0927084542e-07,1.1929072604e-06,1.6021519042e-08
1801,adam,6.1915954245e-07,1.2125130223e-06,1.6128789101e-08
1802,adam,6.2640399227e-07,1.2274415830e-06,1.5854000929e-08
1803,adam,6.0959564243e-07,1.1935434348e-06,1.6029906279e-08
1804,adam,6.1437254917e-07,1.2030992840e-06,1.6028633985e-08
1805,adam,6.2830813581e-07,1.2312173189e-06,1.5874345459e-08
1806,adam,6.2659540073e-07,1.2276362394e-06,1.5971601299e-08
1807,adam,6.4589890952e-07,1.2661526096e-06,1.6028255875e-08
1808,adam,6.9666912206e-07,1.3680681599e-06,1.5793802620e-08
1809,adam,7.7835083531e-07,1.5309484016e-06,1.6095793112e-08
1810,adam,9.5030975963e-07,1.8752101196e-06,1.5880874758e-08
1811,adam,1.3346106638e-06,2.6433906365e-06,1.6144181948e-08
1812,adam,2.1298222117e-06,4.2339439215e-06,1.6062813759e-08
1813,adam,3.8516219579e-06,7.6761710915e-06,1.6920515212e-08
1814,adam,7.5029343483e-06,1.4978860980e-05,1.6879822688e-08
1815,adam,1.5200990049e-05,3.0370187658e-05,1.9870274768e-08
1816,adam,2.9547388546e-05,5.9060771256e-05,2.1253647601e-08
1817,adam,5.2564125918e-05,1.0508290191e-04,2.8343705174e-08
1818,adam,7.3249890388e-05,1.4645248954e-04,2.9557023475e-08
1819,adam,7.4079024832e-05,1.4810679661e-04,3.2033157138e-08
1820,adam,4.6656914299e-05,9.3278646450e-05,2.1988842537e-08
1821,adam,2.7065002442e-05,5.4095594766e-05,2.1506323908e-08
1822,adam,3.2311082048e-05,6.4588201102e-05,2.1226871074e-08
1823,adam,3.3498183846e-05,6.6958743549e-05,2.3515089321e-08
1824,adam,1.4831969967e-05,2.9633171245e-05,1.9230431279e-08
1825,adam,4.2163201139e-06,8.4073714501e-06,1.5792986037e-08
1826,adam,1.9875086090e-05,3.9717199663e-05,2.0607823164e-08
1827,adam,3.0284333470e-05,6.0535216721e-05,2.0906387221e-08
1828,adam,1.4747454015e-05,2.9463817362e-05,1.9431667263e-08
1829,adam,2.7858102459e-06,5.5466239583e-06,1.5622833511e-08
1830,adam,9.9377702309e-06,1.9846098645e-05,1.8401135311e-08
1831,adam,1.3953029661e-05,2.7875988408e-05,1.8794320877e-08
1832,adam,8.1034526262e-06,1.6180629887e-05,1.6422103430e-08
1833,adam,7.9204379304e-06,1.5812045455e-05,1.8019003563e-08
1834,adam,1.1015375258e-05,2.2002972541e-05,1.7361233954e-08
1835,adam,5.7027204308e-06,1.1378145105e-05,1.7059848083e-08
1836,adam,1.2842916789e-06,2.5424833252e-06,1.6312520313e-08
1837,adam,6.4631414859e-06,1.2900229500e-05,1.6283419948e-08
1838,adam,9.5509108349e-06,1.9072635244e-05,1.8241516125e-08
1839,adam,4.6662744459e-06,9.3066577169e-06,1.6181984335e-08
1840,adam,2.2298698299e-06,4.4341474731e-06,1.5995116702e-08
1841,adam,4.2118988419e-06,8.3966139740e-06,1.6989818552e-08
1842,adam,3.6477439778e-06,7.2695248272e-06,1.6226955163e-08
1843,adam,2.3561581138e-06,4.6865658816e-06,1.6093966233e-08
1844,adam,4.2137813641e-06,8.4013229310e-06,1.6399873216e-08
1845,adam,4.8457261538e-06,9.6646132862e-06,1.6774388416e-08
1846,adam,2.1600674095e-06,4.2949960830e-06,1.5711709992e-08
1847,adam,9.3291426731e-07,1.8399428644e-06,1.6178543894e-08
1848,adam,2.2686361959e-06,4.5119317908e-06,1.5837875673e-08
1849,adam,2.5736534585e-06,5.1216182166e-06,1.6055437701e-08
1850,adam,1.8395722664e-06,3.6530351283e-06,1.6318377765e-08
1851,adam,2.3423839135e-06,4.6602260410e-06,1.5338616299e-08
1852,adam,2.7688293297e-06,5.5111642070e-06,1.6559032784e-08
1853,adam,1.6643717235e-06,3.3036481804e-06,1.5684541588e-08
1854,adam,7.8619793742e-07,1.5476397350e-06,1.5472587425e-08
1855,adam,1.2115438533e-06,2.3973446366e-06,1.6089418726e-08
1856,adam,1.4734038153e-06,2.9220101741e-06,1.5498410370e-08
1857,adam,1.1284966042e-06,2.2317618207e-06,1.5769617372e-08
1858,adam,1.2662332733e-06,2.5072275411e-06,1.5774378474e-08
1859,adam,1.7901571177e-06,3.5552814700e-06,1.5645478432e-08
1860,adam,1.6921849810e-06,3.3591780548e-06,1.5744941982e-08
1861,adam,1.1867506417e-06,2.3480746978e-06,1.5891616021e-08
1862,adam,1.1050879461e-06,2.1858730758e-06,1.5189260333e-08
1863,adam,1.1971418434e-06,2.3686326077e-06,1.6031924409e-08
1864,adam,9.1445212630e-07,1.8043354360e-06,1.5355510402e-08
1865,adam,6.0422112696e-07,1.1836578338e-06,1.5490262572e-08
1866,adam,6.8946701942e-07,1.3537364281e-06,1.5748506736e-08
1867,adam,8.5498371657e-07,1.6855738108e-06,1.5246013957e-08
1868,adam,7.6405164471e-07,1.5029178604e-06,1.5740893139e-08
1869,adam,6.7086401642e-07,1.3170226822e-06,1.5440844123e-08
1870,adam,8.2962442451e-07,1.6345405602e-06,1.5442680539e-08
1871,adam,1.0360540382e-06,2.0470631548e-06,1.5653075981e-08
1872,adam,1.0723838450e-06,2.1198985050e-06,1.5543240694e-08
1873,adam,1.1425662253e-06,2.2605394980e-06,1.5370595306e-08
1874,adam,1.4429359154e-06,2.8603786816e-06,1.5933218295e-08
1875,adam,1.9193044012e-06,3.8143484799e-06,1.5162701620e-08
1876,adam,2.5030479670e-06,4.9801081297e-06,1.6242377672e-08
1877,adam,3.4470890852e-06,6.8696126239e-06,1.5353466608e-08
1878,adam,5.1447730249e-06,1.0262942690e-05,1.6627100114e-08
1879,adam,8.1034864943e-06,1.6181378775e-05,1.5996383364e-08
1880,adam,1.2921223565e-05,2.5813545500e-05,1.8063518403e-08
1881,adam,2.1064364629e-05,4.2100861770e-05,1.7417179820e-08
1882,adam,3.4074304128e-05,6.8113484859e-05,2.1952122810e-08
1883,adam,5.3936906211e-05,1.0783961614e-04,2.1372675952e-08
1884,adam,7.7759507893e-05,1.5547189065e-04,2.9453207825e-08
1885,adam,9.7820316446e-05,1.9559741963e-04,2.7008287201e-08
1886,adam,9.3192126064e-05,1.8633244082e-04,3.2382064593e-08
1887,adam,5.6597212978e-05,1.1316008358e-04,2.1463983773e-08
1888,adam,1.2681137478e-05,2.5332160172e-05,1.8821740119e-08
1889,adam,3.0349041152e-06,6.0432018734e-06,1.6628973195e-08
1890,adam,2.7348097404e-05,5.4666735554e-05,1.8412033827e-08
1891,adam,4.1786822846e-05,8.3535098070e-05,2.4092263989e-08
1892,adam,2.3652391120e-05,4.7275729173e-05,1.8158166234e-08
1893,adam,2.5396709545e-06,5.0520542956e-06,1.7054758371e-08
1894,adam,8.6591097786e-06,1.7289168102e-05,1.8157159599e-08
1895,adam,2.3565247194e-05,4.7100330628e-05,1.8852350042e-08
1896,adam,1.8344657333e-05,3.6656937081e-05,2.0235990420e-08
1897,adam,4.0141970303e-06,8.0017260457e-06,1.6667509310e-08
1898,adam,4.7969880901e-06,9.5662953232e-06,1.7300535600e-08
1899,adam,1.3829187996e-05,2.7627337077e-05,1.9399321447e-08
1900,adam,1.2094044735e-05,2.4159739770e-05,1.7718562161e-08
1901,adam,4.0106244641e-06,7.9924919611e-06,1.7973104413e-08
1902,adam,3.8688408310e-06,7.7097792836e-06,1.7438986490e-08
1903,adam,8.4814432932e-06,1.6934614645e-05,1.7669963555e-08
1904,adam,7.5669096324e-06,1.5104241935e-05,1.8485831154e-08
1905,adam,3.6216901228e-06,7.2162425924e-06,1.6961033312e-08
1906,adam,3.5269922131e-06,7.0259398604e-06,1.7527853556e-08
1907,adam,5.3221609543e-06,1.0615840351e-05,1.7800973431e-08
1908,adam,4.6832315430e-06,9.3393842525e-06,1.6924270899e-08
1909,adam,3.1385345626e-06,6.2488585857e-06,1.7631587185e-08
1910,adam,3.1544294885e-06,6.2815442119e-06,1.7071728156e-08
1911,adam,3.5116051469e-06,6.9959500683e-06,1.7037640918e-08
1912,adam,2.9053161759e-06,5.7829753508e-06,1.7285625617e-08
1913,adam,2.5036137347e-06,4.9807130556e-06,1.6571508652e-08
1914,adam,2.7450759829e-06,5.4625610425e-06,1.7244327080e-08
1915,adam,2.5170455675e-06,5.0071845063e-06,1.6816642912e-08
1916,adam,1.8490732919e-06,3.6718102569e-06,1.6460204347e-08
1917,adam,1.8184963966e-06,3.6099859976e-06,1.6879247273e-08
1918,adam,2.3001232973e-06,4.5740678946e-06,1.6361687502e-08
1919,adam,2.1279546050e-06,4.2290260245e-06,1.6801990932e-08
1920,adam,1.3127579642e-06,2.5994537979e-06,1.6288831519e-08
1921,adam,1.0830756030e-06,2.1403641373e-06,1.6116917949e-08
1922,adam,1.6778142024e-06,3.3290994420e-06,1.6580601798e-08
1923,adam,1.9706333508e-06,3.9155919653e-06,1.6046710156e-08
1924,adam,1.4048912178e-06,2.7835215367e-06,1.6413061734e-08
1925,adam,7.5361512249e-07,1.4818297047e-06,1.5875337666e-08
1926,adam,8.5969351820e-07,1.6939200236e-06,1.5916883012e-08
1927,adam,1.3886715499e-06,2.7513341633e-06,1.6255585297e-08
1928,adam,1.4999281930e-06,2.9746824226e-06,1.5733727160e-08
1929,adam,1.0792920990e-06,2.1326517744e-06,1.6207764751e-08
1930,adam,6.9535189444e-07,1.3657351703e-06,1.5605386615e-08
1931,adam,7.3774740450e-07,1.4501463171e-06,1.5842807445e-08
1932,adam,9.8672583409e-07,1.9479581711e-06,1.5933435682e-08
1933,adam,1.0569855083e-06,2.0890419155e-06,1.5580688185e-08
1934,adam,9.0771144764e-07,1.7897628119e-06,1.6037552136e-08
1935,adam,7.6195642917e-07,1.4991954222e-06,1.5448397567e-08
1936,adam,7.5304131744e-07,1.4807176225e-06,1.5853132731e-08
1937,adam,8.0647836538e-07,1.5878908842e-06,1.5666154084e-08
1938,adam,7.8998165169e-07,1.5550069291e-06,1.5597733911e-08
1939,adam,7.0733698141e-07,1.3893723805e-06,1.5813488956e-08
1940,adam,6.4350688090e-07,1.2623179859e-06,1.5434859910e-08
1941,adam,6.5448408493e-07,1.2837211440e-06,1.5779391186e-08
1942,adam,7.1436360144e-07,1.4039012533e-06,1.5516218492e-08
1943,adam,7.5207338385e-07,1.4790995051e-06,1.5654539140e-08
1944,adam,7.4152538118e-07,1.4580566891e-06,1.5621295785e-08
1945,adam,6.9420415001e-07,1.3635333652e-06,1.5546834247e-08
1946,adam,6.4718949178e-07,1.2694094163e-06,1.5605979532e-08
1947,adam,6.1845600270e-07,1.2119874585e-06,1.5577841837e-08
1948,adam,6.0678185953e-07,1.1887727962e-06,1.5494326814e-08
1949,adam,6.0255883407e-07,1.1800649931e-06,1.5657921869e-08
1950,adam,5.9576733780e-07,1.1668982817e-06,1.5397746210e-08
1951,adam,5.8333348511e-07,1.1415847567e-06,1.5676383473e-08
1952,adam,5.6676887543e-07,1.1089209417e-06,1.5385505738e-08
1953,adam,5.4882044031e-07,1.0726888652e-06,1.5595009667e-08
1954,adam,5.3825195224e-07,1.0517663006e-06,1.5461002436e-08
1955,adam,5.3726464286e-07,1.0497564399e-06,1.5483028664e-08
1956,adam,5.4559653271e-07,1.0663330368e-06,1.5537517868e-08
1957,adam,5.5662987615e-07,1.0886232677e-06,1.5397802880e-08
1958,adam,5.6423214318e-07,1.1035742764e-06,1.5556256230e-08
1959,adam,5.6971690385e-07,1.1148201340e-06,1.5383546096e-08
1960,adam,5.7595532487e-07,1.1271006145e-06,1.5506272007e-08
1961,adam,6.0014818460e-07,1.1755992159e-06,1.5435720841e-08
1962,adam,6.6058264956e-07,1.2964922369e-06,1.5420663906e-08
1963,adam,8.0362336749e-07,1.5823673670e-06,1.5549605006e-08
1964,adam,1.1016212396e-06,2.1786998469e-06,1.5339145236e-08
1965,adam,1.7380683639e-06,3.4508519484e-06,1.5802987068e-08
1966,adam,3.0933021061e-06,6.1619639256e-06,1.5400179139e-08
1967,adam,6.0546247968e-06,1.2082665927e-05,1.6614791327e-08
1968,adam,1.2576750784e-05,2.5127488076e-05,1.6258432603e-08
1969,adam,2.6975042397e-05,5.3918206344e-05,1.9924031088e-08
1970,adam,5.8077856163e-05,1.1612170634e-04,2.1253739774e-08
1971,adam,1.2161917385e-04,2.4318444044e-04,3.3692040563e-08
1972,adam,2.3163680597e-04,4.6320794923e-04,4.1039188780e-08
1973,adam,3.7882218553e-04,7.5753516608e-04,6.8253110359e-08
1974,adam,4.6425229920e-04,9.2840912478e-04,5.9671008784e-08
1975,adam,4.2439376101e-04,8.4867630257e-04,6.9512159518e-08
1976,adam,3.4185113313e-04,6.8365553650e-04,2.9206092005e-08
1977,adam,2.7380930088e-04,5.4751933920e-04,6.2039096575e-08
1978,adam,1.3827885509e-04,2.7650873809e-04,3.0607561123e-08
1979,adam,7.1708878540e-05,1.4338496694e-04,2.0493837708e-08
1980,adam,2.0200875967e-04,4.0393635515e-04,5.0727620966e-08
1981,adam,1.4918365079e-04,2.9832768422e-04,2.4760846908e-08
1982,adam,1.2617204768e-05,2.5202123612e-05,2.0178702447e-08
1983,adam,1.3733676058e-04,2.7461038249e-04,3.9461670688e-08
1984,adam,1.0182692210e-04,2.0362159554e-04,2.0155411437e-08
1985,adam,2.0797388770e-05,4.1559303077e-05,2.2171539782e-08
1986,adam,9.2610524644e-05,1.8516423144e-04,3.5511154540e-08
1987,adam,5.5756175356e-05,1.1148589660e-04,1.6533819833e-08
1988,adam,4.3767552031e-05,8.7494896304e-05,2.5129848343e-08
1989,adam,4.3940893642e-05,8.7838276644e-05,2.7194150148e-08
1990,adam,4.9561335066e-05,9.9094353164e-05,1.7698105110e-08
1991,adam,3.7092053620e-05,7.4145307740e-05,2.4249687109e-08
1992,adam,1.9776208044e-05,3.9515486047e-05,2.3081275375e-08
1993,adam,5.1836510651e-05,1.0364177461e-04,1.9529183604e-08
1994,adam,1.0520790304e-05,2.1009188556e-05,2.0245032132e-08
1995,adam,2.8013897426e-05,5.5989149116e-05,2.4153584650e-08
1996,adam,3.0627183051e-05,6.1226521177e-05,1.7403078347e-08
1997,adam,6.1729365284e-06,1.2315437377e-05,1.9022299948e-08
1998,adam,2.9555015886e-05,5.9071512724e-05,2.4074405648e-08
1999,adam,1.0839918299e-05,2.1655196579e-05,1.5400012304e-08
2000,adam,1.4729826158e-05,2.9428885572e-05,1.9229215651e-08
1,adam,3.1068614657e-05,3.1057547447e-05,2.2134420204e-08
2,adam,2.4708391157e-04,2.4707556027e-04,1.6702589822e-08
3,adam,2.4846538324e-03,2.4845770332e-03,1.5359847280e-07
4,adam,1.4664449209e-02,1.4664184461e-02,5.2949458049e-07
5,adam,1.5142903905e-02,1.5142441717e-02,9.2437685823e-07
6,adam,6.2191769759e-03,6.2189339606e-03,4.8603049832e-07
7,adam,6.4351974916e-03,6.4350523430e-03,2.9029706129e-07
8,adam,7.2541262180e-03,7.2540001542e-03,2.5212754501e-07
9,adam,8.5832652971e-04,8.5829420246e-04,6.4654508688e-08
10,adam,5.9205512082e-03,5.9203694049e-03,3.6360654977e-07
11,adam,2.4609342952e-03,2.4608473826e-03,1.7382508749e-07
12,adam,9.8388137499e-04,9.8383332227e-04,9.6105442726e-08
13,adam,3.3250439579e-03,3.3249427391e-03,2.0243754572e-07
14,adam,1.8298457172e-03,1.8298060987e-03,7.9237009388e-08
15,adam,7.4628198001e-04,7.4624248510e-04,7.8989822278e-08
16,adam,1.3010437265e-03,1.3009734255e-03,1.4060210770e-07
17,adam,1.7531025152e-03,1.7530281700e-03,1.4869036008e-07
18,adam,9.7963035216e-04,9.7958082507e-04,9.9054197628e-08
19,adam,2.5652088894e-04,2.5648782667e-04,6.6124539363e-08
20,adam,9.5323116214e-04,9.5317433536e-04,1.1365356042e-07
21,adam,1.1795375740e-03,1.1794769020e-03,1.2134415309e-07
22,adam,3.6521419181e-04,3.6517535199e-04,7.7679625439e-08
23,adam,2.3195503022e-04,2.3189570644e-04,1.1864757228e-07
24,adam,6.3439714997e-04,6.3431604903e-04,1.6220188472e-07
25,adam,6.4274184671e-04,6.4267679315e-04,1.3010711989e-07
26,adam,3.8778312560e-04,3.8773949429e-04,8.7262614680e-08
27,adam,1.7446466512e-04,1.7443209952e-04,6.5131210004e-08
28,adam,2.3697002976e-04,2.3694287846e-04,5.4302602432e-08
29,adam,4.5816437558e-04,4.5813592505e-04,5.6901060379e-08
30,adam,3.5041914532e-04,3.5039220190e-04,5.3886834548e-08
31,adam,7.6847279752e-05,7.6821352087e-05,5.1855330722e-08
32,adam,1.3145674931e-04,1.3142387157e-04,6.5755491543e-08
33,adam,2.8351162766e-04,2.8347684123e-04,6.9572860930e-08
34,adam,2.3223424856e-04,2.3220618465e-04,5.6127819858e-08
35,adam,1.1859449005e-04,1.1856773284e-04,5.3514409595e-08
36,adam,8.7126823271e-05,8.7100733082e-05,5.2180378112e-08
37,adam,1.2044450110e-04,1.2042545896e-04,3.8084288403e-08
38,adam,1.7064366279e-04,1.7062882546e-04,2.9674653965e-08
39,adam,1.3051376216e-04,1.3049824036e-04,3.1043602241e-08
40,adam,4.1090392148e-05,4.1073832378e-05,3.3119540522e-08
41,adam,5.8521178594e-05,5.8502027307e-05,3.8302573540e-08
42,adam,1.2329622183e-04,1.2327492772e-04,4.2588231484e-08
43,adam,9.7281143253e-05,9.7261210187e-05,3.9866131105e-08
44,adam,4.2370310267e-05,4.2351994389e-05,3.6631754465e-08
45,adam,4.2931424824e-05,4.2914246176e-05,3.4357296957e-08
46,adam,6.3907974303e-05,6.3893685042e-05,2.8578522978e-08
47,adam,6.9698462168e-05,6.9684940527e-05,2.7043282423e-08
48,adam,5.5162945214e-05,5.5146968357e-05,3.1953715212e-08
49,adam,2.7831734750e-05,2.7814788095e-05,3.3893310756e-08
50,adam,2.8533630046e-05,2.8517069511e-05,3.3121069300e-08
51,adam,5.3832154368e-05,5.3815103963e-05,3.4100809935e-08
52,adam,4.8354890767e-05,4.8338090317e-05,3.3600901298e-08
53,adam,2.2176605787e-05,2.2161612713e-05,2.9986149368e-08
54,adam,2.1481427121e-05,2.1468073121e-05,2.6708000708e-08
55,adam,3.5144110728e-05,3.5131755545e-05,2.4710365170e-08
56,adam,3.4190298952e-05,3.4178358955e-05,2.3879992971e-08
57,adam,2.5171796600e-05,2.5159325936e-05,2.4941328389e-08
58,adam,1.8603298221e-05,1.8590278651e-05,2.6039141432e-08
59,adam,1.8738090523e-05,1.8724710918e-05,2.6759210210e-08
60,adam,2.5412517247e-05,2.5398374855e-05,2.8284783673e-08
61,adam,2.5163371760e-05,2.5149134782e-05,2.8473957217e-08
62,adam,1.5005307927e-05,1.4992346922e-05,2.5922010308e-08
63,adam,1.3087669007e-05,1.3076091768e-05,2.3154478614e-08
64,adam,1.9516690716e-05,1.9505705218e-05,2.1970994683e-08
65,adam,1.9556055236e-05,1.9545207450e-05,2.1695571790e-08
66,adam,1.4178153572e-05,1.4167046872e-05,2.2213400052e-08
67,adam,1.2322248793e-05,1.2310532312e-05,2.3432963134e-08
68,adam,1.3587738336e-05,1.3575533009e-05,2.4410654081e-08
69,adam,1.4834102184e-05,1.4821680903e-05,2.4842562021e-08
70,adam,1.4055310084e-05,1.4043080058e-05,2.4460050508e-08
71,adam,1.1019721421e-05,1.1008099651e-05,2.3243539013e-08
72,adam,1.0111264444e-05,1.0100171205e-05,2.2186477396e-08
73,adam,1.2443728749e-05,1.2432759549e-05,2.1938398726e-08
74,adam,1.2393943621e-05,1.2382959555e-05,2.1968132498e-08
75,adam,9.7944736983e-06,9.7834613679e-06,2.2024660840e-08
76,adam,9.2531872784e-06,9.2419580765e-06,2.2458403848e-08
77,adam,1.0277112730e-05,1.0265614701e-05,2.2996059006e-08
78,adam,1.0323976857e-05,1.0312411454e-05,2.3130806382e-08
79,adam,9.4793684763e-06,9.4679529459e-06,2.2831060854e-08
80,adam,8.6551488626e-06,8.6440389049e-06,2.2219915495e-08
81,adam,8.5897288725e-06,8.5789333812e-06,2.1590982489e-08
82,adam,9.2629890596e-06,9.2523546543e-06,2.1268810584e-08
83,adam,9.0409451618e-06,9.0302946383e-06,2.1301046924e-08
84,adam,7.9486291574e-06,7.9378254661e-06,2.1607382526e-08
85,adam,7.7991115788e-06,7.7880581756e-06,2.2106806452e-08
86,adam,8.3428587757e-06,8.3316334568e-06,2.2450637704e-08
87,adam,8.0999376102e-06,8.0887721360e-06,2.2330948358e-08
88,adam,7.4944463751e-06,7.4834915426e-06,2.1909665054e-08
89,adam,7.3033898814e-06,7.2926575261e-06,2.1464710613e-08
90,adam,7.3630446461e-06,7.3524672735e-06,2.1154745168e-08
91,adam,7.4110649015e-06,7.4005151586e-06,2.1099485872e-08
92,adam,7.1956349105e-06,7.1850043638e-06,2.1261093376e-08
93,adam,6.8055376527e-06,6.7947926180e-06,2.1490069508e-08
94,adam,6.7796097242e-06,6.7687709669e-06,2.1677514612e-08
95,adam,6.9327354686e-06,6.9218659928e-06,2.1738951576e-08
96,adam,6.7240154238e-06,6.7132048818e-06,2.1621083976e-08
97,adam,6.4372207644e-06,6.4265217871e-06,2.1397954578e-08
98,adam,6.4584688212e-06,6.4478840466e-06,2.1169549172e-08
99,adam,6.5058912308e-06,6.4953954154e-06,2.0991630856e-08
100,adam,6.3817050681e-06,6.3712388112e-06,2.0932513885e-08
101,adam,6.2430837696e-06,6.2325731131e-06,2.1021313099e-08
102,adam,6.1618339878e-06,6.1512410430e-06,2.1185889628e-08
103,adam,6.1654225336e-06,6.1547644651e-06,2.1316137003e-08
104,adam,6.1600350098e-06,6.1493712877e-06,2.1327444313e-08
105,adam,6.0295779422e-06,6.0189814365e-06,2.1193011387e-08
106,adam,5.9178116976e-06,5.9073212592e-06,2.0980876732e-08
107,adam,5.9420974340e-06,5.9316937302e-06,2.0807407594e-08
108,adam,5.9330451089e-06,5.9226741858e-06,2.0741846314e-08
109,adam,5.8351930080e-06,5.8248001915e-06,2.0785633007e-08
110,adam,5.7740278545e-06,5.7635866407e-06,2.0882427498e-08
111,adam,5.7597928070e-06,5.7493200549e-06,2.0945504189e-08
112,adam,5.7287553131e-06,5.7182924955e-06,2.0925635136e-08
113,adam,5.6764986269e-06,5.6660815009e-06,2.0834251933e-08
114,adam,5.6187342728e-06,5.6083776079e-06,2.0713329739e-08
115,adam,5.5824348705e-06,5.5721297996e-06,2.0610141796e-08
116,adam,5.5710338719e-06,5.5607557045e-06,2.0556334721e-08
117,adam,5.5318601241e-06,5.5215871232e-06,2.0546001700e-08
118,adam,5.4746030064e-06,5.4643243674e-06,2.0557277948e-08
119,adam,5.4497931228e-06,5.4395085461e-06,2.0569153440e-08
120,adam,5.4332275315e-06,5.4229491033e-06,2.0556856333e-08
121,adam,5.3928512636e-06,5.3825982290e-06,2.0506069192e-08
122,adam,5.3530468314e-06,5.3428343799e-06,2.0424903123e-08
123,adam,5.3276980361e-06,5.3175305294e-06,2.0335013396e-08
124,adam,5.3052984894e-06,5.2951659645e-06,2.0265049922e-08
125,adam,5.2767725842e-06,5.2666549699e-06,2.0235228780e-08
126,adam,5.2405453024e-06,5.2304236946e-06,2.0243215531e-08
127,adam,5.2090864447e-06,5.1989550751e-06,2.0262739258e-08
128,adam,5.1892248956e-06,5.1790948039e-06,2.0260183318e-08
129,adam,5.1644180829e-06,5.1543104848e-06,2.0215196249e-08
130,adam,5.1300258211e-06,5.1199577690e-06,2.0136104203e-08
131,adam,5.1025402520e-06,5.0925137211e-06,2.0053061736e-08
132,adam,5.0815683651e-06,5.0715707682e-06,1.9995193733e-08
133,adam,5.0571553654e-06,5.0471687360e-06,1.9973258862e-08
134,adam,5.0310836757e-06,5.0210963008e-06,1.9974749709e-08
135,adam,5.0062097878e-06,4.9962225012e-06,1.9974573129e-08
136,adam,4.9821431376e-06,4.9721663345e-06,1.9953606079e-08
137,adam,4.9585349118e-06,4.9485804432e-06,1.9908937209e-08
138,adam,4.9336929259e-06,4.9237675045e-06,1.9850842782e-08
139,adam,4.9101083844e-06,4.9002117065e-06,1.9793355906e-08
140,adam,4.8895055952e-06,4.8796313467e-06,1.9748497144e-08
141,adam,4.8672940322e-06,4.8574336875e-06,1.9720689519e-08
142,adam,4.8427737301e-06,4.8329204551e-06,1.9706549905e-08
143,adam,4.8202944026e-06,4.8104457831e-06,1.9697239043e-08
144,adam,4.7991915365e-06,4.7893501240e-06,1.9682824870e-08
145,adam,4.7765834273e-06,4.7667553718e-06,1.9656111052e-08
146,adam,4.7533460463e-06,4.7435379182e-06,1.9616256120e-08
147,adam,4.7308144604e-06,4.7210299119e-06,1.9569097023e-08
148,adam,4.7095102512e-06,4.6997471813e-06,1.9526139684e-08
149,adam,4.6882857269e-06,4.6785368616e-06,1.9497730440e-08
150,adam,4.6660389140e-06,4.6562965196e-06,1.9484788762e-08
151,adam,4.6441015556e-06,4.6343621756e-06,1.9478760136e-08
152,adam,4.6232056682e-06,4.6134714049e-06,1.9468526593e-08
153,adam,4.6022522957e-06,4.5925287839e-06,1.9447023516e-08
154,adam,4.5809479651e-06,4.5712402331e-06,1.9415464068e-08
155,adam,4.5603142891e-06,4.5506232927e-06,1.9381992740e-08
156,adam,4.5401652962e-06,4.5304876415e-06,1.9355309380e-08
157,adam,4.5200677633e-06,4.5103985463e-06,1.9338433935e-08
158,adam,4.5002788059e-06,4.4906144491e-06,1.9328713556e-08
159,adam,4.4803633753e-06,4.4707036529e-06,1.9319444847e-08
160,adam,4.4603570826e-06,4.4507042614e-06,1.9305642302e-08
161,adam,4.4406800801e-06,4.4310368623e-06,1.9286435606e-08
162,adam,4.4211083143e-06,4.4114760701e-06,1.9264488465e-08
163,adam,4.4020565150e-06,4.3924347372e-06,1.9243555664e-08
164,adam,4.3833500654e-06,4.3737367296e-06,1.9226671513e-08
165,adam,4.3641781201e-06,4.3545708130e-06,1.9214614305e-08
166,adam,4.3447728192e-06,4.3351696456e-06,1.9206347286e-08
167,adam,4.3258404037e-06,4.3162404764e-06,1.9199854584e-08
168,adam,4.3070005766e-06,4.2974045645e-06,1.9192024174e-08
169,adam,4.2880928572e-06,4.2785020767e-06,1.9181561132e-08
170,adam,4.2692921554e-06,4.2597077580e-06,1.9168794847e-08
171,adam,4.2506967908e-06,4.2411189994e-06,1.9155582845e-08
172,adam,4.2321935352e-06,4.2226210641e-06,1.9144942302e-08
173,adam,4.2136073388e-06,4.2040376856e-06,1.9139306279e-08
174,adam,4.1950270719e-06,4.1854583880e-06,1.9137367713e-08
175,adam,4.1764123748e-06,4.1668446613e-06,1.9135427151e-08
176,adam,4.1577350444e-06,4.1481696134e-06,1.9130861998e-08
177,adam,4.1394764193e-06,4.1299149144e-06,1.9123009740e-08
178,adam,4.1216819635e-06,4.1121252094e-06,1.9113508276e-08
179,adam,4.1043139853e-06,4.0947613759e-06,1.9105218861e-08
180,adam,4.0869682954e-06,4.0774183424e-06,1.9099905989e-08
181,adam,4.0694749428e-06,4.0599261471e-06,1.9097591422e-08
182,adam,4.0518798815e-06,4.0423318537e-06,1.9096055598e-08
183,adam,4.0342288459e-06,4.0246825064e-06,1.9092678834e-08
184,adam,4.0164838905e-06,4.0069405010e-06,1.9086778975e-08
185,adam,3.9984916204e-06,3.9889519657e-06,1.9079309334e-08
186,adam,3.9805338989e-06,3.9709978534e-06,1.9072091081e-08
187,adam,3.9626874387e-06,3.9531543932e-06,1.9066091010e-08
188,adam,3.9450410529e-06,3.9355100851e-06,1.9061935455e-08
189,adam,3.9271950732e-06,3.9176653007e-06,1.9059544887e-08
190,adam,3.9094188231e-06,3.8998898686e-06,1.9057909091e-08
191,adam,3.8921232191e-06,3.8825953113e-06,1.9055815544e-08
192,adam,3.8753569210e-06,3.8658305757e-06,1.9052690677e-08
193,adam,3.8589944826e-06,3.8494701501e-06,1.9048665072e-08
194,adam,3.8429912701e-06,3.8334689271e-06,1.9044686086e-08
195,adam,3.8271897033e-06,3.8176688995e-06,1.9041607627e-08
196,adam,3.8116647292e-06,3.8021447918e-06,1.9039874632e-08
197,adam,3.7965103849e-06,3.7869908795e-06,1.9039010896e-08
198,adam,3.7817302713e-06,3.7722111309e-06,1.9038280769e-08
199,adam,3.7667083388e-06,3.7571897742e-06,1.9037129178e-08
200,adam,3.7518586007e-06,3.7423407206e-06,1.9035760340e-08
201,adam,3.7371577495e-06,3.7276403697e-06,1.9034759660e-08
202,adam,3.7226714166e-06,3.7131539938e-06,1.9034845612e-08
203,adam,3.7084876045e-06,3.6989694898e-06,1.9036229485e-08
204,adam,3.6945388406e-06,3.6850197772e-06,1.9038126701e-08
205,adam,3.6807544333e-06,3.6712345656e-06,1.9039735561e-08
206,adam,3.6670293811e-06,3.6575089482e-06,1.9040865744e-08
207,adam,3.6534879290e-06,3.6439669118e-06,1.9042034292e-08
208,adam,3.6401539663e-06,3.6306319133e-06,1.9044106159e-08
209,adam,3.6270059311e-06,3.6174821459e-06,1.9047570409e-08
210,adam,3.6140440477e-06,3.6045180678e-06,1.9051959799e-08
211,adam,3.6013778681e-06,3.5918493900e-06,1.9056956115e-08
212,adam,3.5889482571e-06,3.5794172254e-06,1.9062063362e-08
213,adam,3.5767284563e-06,3.5671949295e-06,1.9067053676e-08
214,adam,3.5646992321e-06,3.5551634455e-06,1.9071573158e-08
215,adam,3.5528330005e-06,3.5432951889e-06,1.9075623282e-08
216,adam,3.5411153957e-06,3.5315755804e-06,1.9079630510e-08
217,adam,3.5295426769e-06,3.5200005818e-06,1.9084190360e-08
218,adam,3.5180435367e-06,3.5084988493e-06,1.9089374809e-08
219,adam,3.5064597907e-06,3.4969124211e-06,1.9094739064e-08
220,adam,3.4948269387e-06,3.4852769523e-06,1.9099972768e-08
221,adam,3.4832447946e-06,3.4736923958e-06,1.9104797609e-08
222,adam,3.4716642374e-06,3.4621096032e-06,1.9109268419e-08
223,adam,3.4600946534e-06,3.4505377641e-06,1.9113778742e-08
224,adam,3.4485277675e-06,3.4389684576e-06,1.9118619753e-08
225,adam,3.4370003140e-06,3.4274384084e-06,1.9123811258e-08
226,adam,3.4255290623e-06,3.4159645840e-06,1.9128956618e-08
227,adam,3.4141041643e-06,3.4045372517e-06,1.9133825172e-08
228,adam,3.4027270777e-06,3.3931579171e-06,1.9138321314e-08
229,adam,3.3914645837e-06,3.3818932325e-06,1.9142702319e-08
230,adam,3.3802826603e-06,3.3707091246e-06,1.9147071420e-08
231,adam,3.3690461683e-06,3.3594705231e-06,1.9151290517e-08
232,adam,3.3577803322e-06,3.3482027439e-06,1.9155176642e-08
233,adam,3.3465615039e-06,3.3369820020e-06,1.9159003928e-08
234,adam,3.3354780006e-06,3.3258965476e-06,1.9162906053e-08
235,adam,3.3245208535e-06,3.3149373393e-06,1.9167028368e-08
236,adam,3.3137745677e-06,3.3041888446e-06,1.9171446383e-08
237,adam,3.3032671516e-06,3.2936793189e-06,1.9175665442e-08
238,adam,3.2929463684e-06,3.2833567042e-06,1.9179328435e-08
239,adam,3.2826544155e-06,3.2730633212e-06,1.9182188598e-08
240,adam,3.2720983800e-06,3.2625060270e-06,1.9184705932e-08
241,adam,3.2613275021e-06,3.2517339316e-06,1.9187141019e-08
242,adam,3.2504272847e-06,3.2408325366e-06,1.9189496238e-08
243,adam,3.2393831432e-06,3.2297873184e-06,1.9191649570e-08
244,adam,3.2282303228e-06,3.2186336260e-06,1.9193393684e-08
245,adam,3.2170570263e-06,3.2074596615e-06,1.9194729609e-08
246,adam,3.2059338073e-06,3.1963359875e-06,1.9195639661e-08
247,adam,3.1948498252e-06,3.1852516557e-06,1.9196338929e-08
248,adam,3.1837402822e-06,3.1741418503e-06,1.9196863837e-08
249,adam,3.1727116823e-06,3.1631130355e-06,1.9197293595e-08
250,adam,3.1617800137e-06,3.1521812990e-06,1.9197429410e-08
251,adam,3.1510374715e-06,3.1414388464e-06,1.9197250101e-08
252,adam,3.1404609218e-06,3.1308625146e-06,1.9196814548e-08
253,adam,3.1300406415e-06,3.1204426305e-06,1.9196021813e-08
254,adam,3.1197524653e-06,3.1101550197e-06,1.9194891191e-08
255,adam,3.1095473678e-06,3.0999504230e-06,1.9193889532e-08
256,adam,3.0993034275e-06,3.0897069943e-06,1.9192866370e-08
257,adam,3.0889773510e-06,3.0793813193e-06,1.9192063487e-08
258,adam,3.0785575264e-06,3.0689618439e-06,1.9191365000e-08
259,adam,3.0680418779e-06,3.0584467926e-06,1.9190170712e-08
260,adam,3.0575591719e-06,3.0479650077e-06,1.9188328290e-08
261,adam,3.0471723904e-06,3.0375792510e-06,1.9186278817e-08
262,adam,3.0368759311e-06,3.0272836769e-06,1.9184508515e-08
263,adam,3.0266306595e-06,3.0170390267e-06,1.9183265581e-08
264,adam,3.0165137082e-06,3.0069226662e-06,1.9182084076e-08
265,adam,3.0063857917e-06,2.9967955967e-06,1.9180389914e-08
266,adam,2.9964356109e-06,2.9868464859e-06,1.9178249896e-08
267,adam,2.9868022319e-06,2.9772142802e-06,1.9175903490e-08
268,adam,2.9773977255e-06,2.9678107966e-06,1.9173857840e-08
269,adam,2.9681628388e-06,2.9585767135e-06,1.9172250569e-08
270,adam,2.9589946031e-06,2.9494090155e-06,1.9171175197e-08
271,adam,2.9497831143e-06,2.9401977817e-06,1.9170665263e-08
272,adam,2.9405260288e-06,2.9309408283e-06,1.9170401008e-08
273,adam,2.9312812473e-06,2.9216960694e-06,1.9170355783e-08
274,adam,2.9220704368e-06,2.9124852982e-06,1.9170277138e-08
275,adam,2.9129009944e-06,2.9033160272e-06,1.9169934355e-08
276,adam,2.9037390137e-06,2.8941541882e-06,1.9169651031e-08
277,adam,2.8946114500e-06,2.8850265428e-06,1.9169814478e-08
278,adam,2.8855135314e-06,2.8759284194e-06,1.9170224010e-08
279,adam,2.8764988081e-06,2.8669135022e-06,1.9170611779e-08
280,adam,2.8675638392e-06,2.8579784346e-06,1.9170809150e-08
281,adam,2.8587362625e-06,2.8491509005e-06,1.9170723888e-08
282,adam,2.8500782517e-06,2.8404929810e-06,1.9170541369e-08
283,adam,2.8415842520e-06,2.8319990627e-06,1.9170378599e-08
284,adam,2.8331983708e-06,2.8236134144e-06,1.9169912788e-08
285,adam,2.8248653543e-06,2.8152807833e-06,1.9169142066e-08
286,adam,2.8165453345e-06,2.8069613065e-06,1.9168055983e-08
287,adam,2.8082550144e-06,2.7986716472e-06,1.9166734403e-08
288,adam,2.8000656733e-06,2.7904829214e-06,1.9165503755e-08
289,adam,2.7919745150e-06,2.7823923201e-06,1.9164389788e-08
290,adam,2.7839664446e-06,2.7743848117e-06,1.9163265752e-08
291,adam,2.7760798498e-06,2.7664986987e-06,1.9162302308e-08
292,adam,2.7682467951e-06,2.7586661327e-06,1.9161324716e-08
293,adam,2.7603186634e-06,2.7507385275e-06,1.9160271726e-08
294,adam,2.7523869541e-06,2.7428074395e-06,1.9159029165e-08
295,adam,2.7444461111e-06,2.7348671986e-06,1.9157824933e-08
296,adam,2.7364688726e-06,2.7268905143e-06,1.9156716508e-08
297,adam,2.7283801045e-06,2.7188021435e-06,1.9155921948e-08
298,adam,2.7202929389e-06,2.7107153427e-06,1.9155192388e-08
299,adam,2.7122514169e-06,2.7026742456e-06,1.9154342759e-08
300,adam,2.7042680169e-06,2.6946914637e-06,1.9153106459e-08
301,adam,2.6963501368e-06,2.6867743047e-06,1.9151664012e-08
302,adam,2.6884964733e-06,2.6789213247e-06,1.9150297273e-08
303,adam,2.6806990601e-06,2.6711244125e-06,1.9149295222e-08
304,adam,2.6729408199e-06,2.6633667202e-06,1.9148199426e-08
305,adam,2.6651893494e-06,2.6556158393e-06,1.9147020101e-08
306,adam,2.6573506394e-06,2.6477776953e-06,1.9145888130e-08
307,adam,2.6495292311e-06,2.6399569965e-06,1.9144469291e-08
308,adam,2.6417159802e-06,2.6321445805e-06,1.9142799504e-08
309,adam,2.6339355952e-06,2.6243648915e-06,1.9141407346e-08
310,adam,2.6261505623e-06,2.6165804737e-06,1.9140177158e-08
311,adam,2.6183879713e-06,2.6088184740e-06,1.9138994793e-08
312,adam,2.6106869607e-06,2.6011180039e-06,1.9137913644e-08
313,adam,2.6028742464e-06,2.5933057682e-06,1.9136956401e-08
314,adam,2.5950806570e-06,2.5855128892e-06,1.9135535559e-08
315,adam,2.5873094996e-06,2.5777427249e-06,1.9133549327e-08
316,adam,2.5795830310e-06,2.5700172300e-06,1.9131602117e-08
317,adam,2.5719368156e-06,2.5623719307e-06,1.9129769779e-08
318,adam,2.5642707789e-06,2.5547066195e-06,1.9128318703e-08
319,adam,2.5565371560e-06,2.5469734444e-06,1.9127423039e-08
320,adam,2.5489781467e-06,2.5394150075e-06,1.9126278281e-08
321,adam,2.5416388013e-06,2.5320765470e-06,1.9124508437e-08
322,adam,2.5344898427e-06,2.5249286013e-06,1.9122482800e-08
323,adam,2.5275200607e-06,2.5179597266e-06,1.9120668128e-08
324,adam,2.5207241712e-06,2.5111646019e-06,1.9119138583e-08
325,adam,2.5140433414e-06,2.5044843938e-06,1.9117895180e-08
326,adam,2.5073334585e-06,2.4977750971e-06,1.9116722681e-08
327,adam,2.5005509416e-06,2.4909934823e-06,1.9114918585e-08
328,adam,2.4937500485e-06,2.4841935085e-06,1.9113079909e-08
329,adam,2.4869562668e-06,2.4774005344e-06,1.9111464834e-08
330,adam,2.4801404489e-06,2.4705854753e-06,1.9109947165e-08
331,adam,2.4731918800e-06,2.4636373687e-06,1.9109022588e-08
332,adam,2.4660462562e-06,2.4564918169e-06,1.9108878674e-08
333,adam,2.4589041775e-06,2.4493499778e-06,1.9108399409e-08
334,adam,2.4519017094e-06,2.4423477054e-06,1.9108008018e-08
335,adam,2.4449896104e-06,2.4354354257e-06,1.9108369437e-08
336,adam,2.4381291642e-06,2.4285746811e-06,1.9108966141e-08
337,adam,2.4313681274e-06,2.4218132001e-06,1.9109854460e-08
338,adam,2.4247239960e-06,2.4151682290e-06,1.9111533987e-08
339,adam,2.4181536142e-06,2.4085970020e-06,1.9113224305e-08
340,adam,2.4115936816e-06,2.4020362289e-06,1.9114905318e-08
341,adam,2.4050175948e-06,2.3954590485e-06,1.9117092587e-08
342,adam,2.3984897280e-06,2.3889303589e-06,1.9118738034e-08
343,adam,2.3920361554e-06,2.3824762258e-06,1.9119859221e-08
344,adam,2.3856925342e-06,2.3761318732e-06,1.9121322144e-08
345,adam,2.3794489457e-06,2.3698874928e-06,1.9122905898e-08
346,adam,2.3732857640e-06,2.3637236052e-06,1.9124317481e-08
347,adam,2.3672161164e-06,2.3576530967e-06,1.9126039338e-08
348,adam,2.3612193959e-06,2.3516556318e-06,1.9127528226e-08
349,adam,2.3551572426e-06,2.3455927525e-06,1.9128980086e-08
350,adam,2.3490539914e-06,2.3394884188e-06,1.9131145072e-08
351,adam,2.3429213156e-06,2.3333545053e-06,1.9133620504e-08
352,adam,2.3367599305e-06,2.3271920842e-06,1.9135692612e-08
353,adam,2.3305844095e-06,2.3210155885e-06,1.9137642067e-08
354,adam,2.3244064956e-06,2.3148368072e-06,1.9139376677e-08
355,adam,2.3182450659e-06,2.3086746413e-06,1.9140849234e-08
356,adam,2.3121722106e-06,2.3026010369e-06,1.9142347532e-08
357,adam,2.3062225293e-06,2.2966506797e-06,1.9143699257e-08
358,adam,2.3003537771e-06,2.2907814842e-06,1.9144585713e-08
359,adam,2.2945206329e-06,2.2849479990e-06,1.9145267761e-08
360,adam,2.2887278286e-06,2.2791550140e-06,1.9145629271e-08
361,adam,2.2829773020e-06,2.2734045221e-06,1.9145559647e-08
362,adam,2.2772310676e-06,2.2676584995e-06,1.9145136273e-08
363,adam,2.2714423093e-06,2.2618701282e-06,1.9144362287e-08
364,adam,2.2656009721e-06,2.2560292056e-06,1.9143533115e-08
365,adam,2.2597041546e-06,2.2501327856e-06,1.9142738008e-08
366,adam,2.2537449211e-06,2.2441742095e-06,1.9141423152e-08
367,adam,2.2477620002e-06,2.2381918648e-06,1.9140270793e-08
368,adam,2.2416371249e-06,2.2320676367e-06,1.9138976326e-08
369,adam,2.2354999993e-06,2.2259314446e-06,1.9137109446e-08
370,adam,2.2294340264e-06,2.2198661679e-06,1.9135717036e-08
371,adam,2.2234725769e-06,2.2139052149e-06,1.9134724063e-08
372,adam,2.2176220709e-06,2.2080554551e-06,1.9133231683e-08
373,adam,2.2119043236e-06,2.2023383067e-06,1.9132033824e-08
374,adam,2.2062643043e-06,2.1966988472e-06,1.9130914152e-08
375,adam,2.2006002840e-06,2.1910357478e-06,1.9129072431e-08
376,adam,2.1949479106e-06,2.1853842357e-06,1.9127349746e-08
377,adam,2.1893526398e-06,2.1797894157e-06,1.9126448205e-08
378,adam,2.1838374578e-06,2.1742746121e-06,1.9125691386e-08
379,adam,2.1784076871e-06,2.1688449960e-06,1.9125382113e-08
380,adam,2.1730712897e-06,2.1635086900e-06,1.9125199413e-08
381,adam,2.1678117742e-06,2.1582495038e-06,1.9124540854e-08
382,adam,2.1626432132e-06,2.1530811130e-06,1.9124200497e-08
383,adam,2.1575273616e-06,2.1479652237e-06,1.9124275923e-08
384,adam,2.1524132859e-06,2.1428510753e-06,1.9124421248e-08
385,adam,2.1473004664e-06,2.1377380575e-06,1.9124817781e-08
386,adam,2.1421911588e-06,2.1326286025e-06,1.9125112490e-08
387,adam,2.1370977656e-06,2.1275352197e-06,1.9125091724e-08
388,adam,2.1320209895e-06,2.1224584299e-06,1.9125119215e-08
389,adam,2.1269201313e-06,2.1173575776e-06,1.9125107547e-08
390,adam,2.1218245999e-06,2.1122620290e-06,1.9125141759e-08
391,adam,2.1167711370e-06,2.1072084972e-06,1.9125279634e-08
392,adam,2.1117638947e-06,2.1022012413e-06,1.9125306850e-08
393,adam,2.1068018840e-06,2.0972393311e-06,1.9125105690e-08
394,adam,2.1018304200e-06,2.0922680837e-06,1.9124672479e-08
395,adam,2.0968067011e-06,2.0872446014e-06,1.9124199479e-08
396,adam,2.0917647726e-06,2.0822029176e-06,1.9123710025e-08
397,adam,2.0867426936e-06,2.0771810788e-06,1.9123229505e-08
398,adam,2.0817258519e-06,2.0721646145e-06,1.9122474781e-08
399,adam,2.0767047864e-06,2.0671439797e-06,1.9121613488e-08
400,adam,2.0716910919e-06,2.0621306394e-06,1.9120904927e-08
401,adam,2.0667046062e-06,2.0571445952e-06,1.9120022115e-08
402,adam,2.0617677805e-06,2.0522081939e-06,1.9119173136e-08
403,adam,2.0567725088e-06,2.0472136044e-06,1.9117808919e-08
404,adam,2.0518049298e-06,2.0422465992e-06,1.9116661156e-08
405,adam,2.0469084375e-06,2.0373507689e-06,1.9115337221e-08
406,adam,2.0420845462e-06,2.0325275773e-06,1.9113937787e-08
407,adam,2.0372890167e-06,2.0277325364e-06,1.9112960610e-08
408,adam,2.0325093175e-06,2.0229535238e-06,1.9111587362e-08
409,adam,2.0278039777e-06,2.0182487371e-06,1.9110481276e-08
410,adam,2.0231920819e-06,2.0136373634e-06,1.9109436993e-08
411,adam,2.0186065974e-06,2.0090526123e-06,1.9107970098e-08
412,adam,2.0140158873e-06,2.0044624138e-06,1.9106947186e-08
413,adam,2.0094650979e-06,1.9999121527e-06,1.9105890418e-08
414,adam,2.0049223700e-06,1.9953702036e-06,1.9104332883e-08
415,adam,2.0003420235e-06,1.9907905345e-06,1.9102977980e-08
416,adam,1.9957135566e-06,1.9861628175e-06,1.9101478193e-08
417,adam,1.9910338119e-06,1.9814837858e-06,1.9100052238e-08
418,adam,1.9863729549e-06,1.9768235850e-06,1.9098739883e-08
419,adam,1.9817495276e-06,1.9722009554e-06,1.9097144434e-08
420,adam,1.9771429254e-06,1.9675951765e-06,1.9095497759e-08
421,adam,1.9725465610e-06,1.9629994639e-06,1.9094194225e-08
422,adam,1.9680265824e-06,1.9584801839e-06,1.9092797043e-08
423,adam,1.9636266106e-06,1.9540808855e-06,1.9091450220e-08
424,adam,1.9593059014e-06,1.9497608552e-06,1.9090092376e-08
425,adam,1.9550122385e-06,1.9454680436e-06,1.9088389742e-08
426,adam,1.9506908980e-06,1.9411474062e-06,1.9086983628e-08
427,adam,1.9463813222e-06,1.9368386317e-06,1.9085380938e-08
428,adam,1.9420788169e-06,1.9325370539e-06,1.9083526107e-08
429,adam,1.9377459498e-06,1.9282052065e-06,1.9081486625e-08
430,adam,1.9333625291e-06,1.9238229652e-06,1.9079127671e-08
431,adam,1.9289749689e-06,1.9194367284e-06,1.9076481005e-08
432,adam,1.9246224479e-06,1.9150856045e-06,1.9073686854e-08
433,adam,1.9203033877e-06,1.9107681358e-06,1.9070503836e-08
434,adam,1.9160110633e-06,1.9064773734e-06,1.9067379965e-08
435,adam,1.9117257453e-06,1.9021937944e-06,1.9063901688e-08
436,adam,1.9074504053e-06,1.8979203585e-06,1.9060093577e-08
437,adam,1.9031691102e-06,1.8936408959e-06,1.9056428590e-08
438,adam,1.8988880414e-06,1.8893619503e-06,1.9052182086e-08
439,adam,1.8945746350e-06,1.8850505094e-06,1.9048251193e-08
440,adam,1.8902468153e-06,1.8807248561e-06,1.9043918468e-08
441,adam,1.8859602598e-06,1.8764404651e-06,1.9039589373e-08
442,adam,1.8816945242e-06,1.8721767533e-06,1.9035541838e-08
443,adam,1.8774281123e-06,1.8679124524e-06,1.9031319747e-08
444,adam,1.8731654316e-06,1.8636518119e-06,1.9027239418e-08
445,adam,1.8689307545e-06,1.8594191147e-06,1.9023279494e-08
446,adam,1.8647226139e-06,1.8552130055e-06,1.9019216947e-08
447,adam,1.8605256027e-06,1.8510178472e-06,1.9015511125e-08
448,adam,1.8563171550e-06,1.8468112724e-06,1.9011765270e-08
449,adam,1.8520932479e-06,1.8425892952e-06,1.9007905325e-08
450,adam,1.8478684385e-06,1.8383661784e-06,1.9004520258e-08
451,adam,1.8436569812e-06,1.8341566517e-06,1.9000658934e-08
452,adam,1.8394601884e-06,1.8299614471e-06,1.8997482563e-08
453,adam,1.8352875442e-06,1.8257900681e-06,1.8994952184e-08
454,adam,1.8311733846e-06,1.8216772724e-06,1.8992224405e-08
455,adam,1.8270708851e-06,1.8175758850e-06,1.8990000161e-08
456,adam,1.8229176139e-06,1.8134237328e-06,1.8987762183e-08
457,adam,1.8187314233e-06,1.8092383997e-06,1.8986047262e-08
458,adam,1.8146022298e-06,1.8051097839e-06,1.8984891898e-08
459,adam,1.8104477335e-06,1.8009561617e-06,1.8983143731e-08
460,adam,1.8063574650e-06,1.7968669153e-06,1.8981099465e-08
461,adam,1.8023662698e-06,1.7928764344e-06,1.8979670723e-08
462,adam,1.7984839915e-06,1.7889948816e-06,1.8978219693e-08
463,adam,1.7947160881e-06,1.7852276167e-06,1.8976942877e-08
464,adam,1.7910023868e-06,1.7815146945e-06,1.8975384696e-08
465,adam,1.7873350383e-06,1.7778485874e-06,1.8972901729e-08
466,adam,1.7836661290e-06,1.7741803014e-06,1.8971655127e-08
467,adam,1.7799874485e-06,1.7705023529e-06,1.8970191177e-08
468,adam,1.7763384774e-06,1.7668540184e-06,1.8968917910e-08
469,adam,1.7727457376e-06,1.7632618316e-06,1.8967812018e-08
470,adam,1.7691819369e-06,1.7596990673e-06,1.8965739307e-08
471,adam,1.7656049160e-06,1.7561227815e-06,1.8964268864e-08
472,adam,1.7619952427e-06,1.7525141480e-06,1.8962189436e-08
473,adam,1.7583613628e-06,1.7488813307e-06,1.8960064185e-08
474,adam,1.7546496981e-06,1.7451708236e-06,1.8957748936e-08
475,adam,1.7508484898e-06,1.7413709713e-06,1.8955037098e-08
476,adam,1.7469690292e-06,1.7374928097e-06,1.8952438832e-08
477,adam,1.7430323717e-06,1.7335576674e-06,1.8949408518e-08
478,adam,1.7391238434e-06,1.7296504825e-06,1.8946721819e-08
479,adam,1.7353251770e-06,1.7258532496e-06,1.8943854692e-08
480,adam,1.7315477274e-06,1.7220771311e-06,1.8941192573e-08
481,adam,1.7276768885e-06,1.7182077035e-06,1.8938369884e-08
482,adam,1.7237850073e-06,1.7143174404e-06,1.8935133736e-08
483,adam,1.7199111286e-06,1.7104451716e-06,1.8931914021e-08
484,adam,1.7160120764e-06,1.7065476520e-06,1.8928848833e-08
485,adam,1.7120284695e-06,1.7025654303e-06,1.8926078506e-08
486,adam,1.7080001544e-06,1.6985384814e-06,1.8923345962e-08
487,adam,1.7040162035e-06,1.6945559690e-06,1.8920468932e-08
488,adam,1.7000728086e-06,1.6906139625e-06,1.8917692163e-08
489,adam,1.6960337693e-06,1.6865764577e-06,1.8914623173e-08
490,adam,1.6918499915e-06,1.6823940420e-06,1.8911899010e-08
491,adam,1.6875472790e-06,1.6780929456e-06,1.8908666847e-08
492,adam,1.6832242512e-06,1.6737713724e-06,1.8905757585e-08
493,adam,1.6788735785e-06,1.6694223746e-06,1.8902407748e-08
494,adam,1.6744595775e-06,1.6650097870e-06,1.8899580954e-08
495,adam,1.6700811589e-06,1.6606328497e-06,1.8896618337e-08
496,adam,1.6658333284e-06,1.6563865937e-06,1.8893469282e-08
497,adam,1.6616843326e-06,1.6522390991e-06,1.8890466942e-08
498,adam,1.6575655705e-06,1.6481219930e-06,1.8887154941e-08
499,adam,1.6534705539e-06,1.6440283725e-06,1.8884362891e-08
500,adam,1.6494966393e-06,1.6400560834e-06,1.8881111863e-08
501,adam,1.6456462846e-06,1.6362071086e-06,1.8878352031e-08
502,adam,1.6418529646e-06,1.6324153039e-06,1.8875321426e-08
503,adam,1.6380911271e-06,1.6286549672e-06,1.8872319727e-08
504,adam,1.6344071281e-06,1.6249725068e-06,1.8869242531e-08
505,adam,1.6307959424e-06,1.6213630145e-06,1.8865855812e-08
506,adam,1.6271951231e-06,1.6177637605e-06,1.8862725241e-08
507,adam,1.6235842967e-06,1.6141547341e-06,1.8859125250e-08
508,adam,1.6199719393e-06,1.6105441100e-06,1.8855658590e-08
509,adam,1.6163736136e-06,1.6069477111e-06,1.8851804855e-08
510,adam,1.6128073801e-06,1.6033834626e-06,1.8847835144e-08
511,adam,1.6092546547e-06,1.5998328129e-06,1.8843683738e-08
512,adam,1.6057057885e-06,1.5962860845e-06,1.8839408054e-08
513,adam,1.6021913917e-06,1.5927737466e-06,1.8835290264e-08
514,adam,1.5987308821e-06,1.5893153959e-06,1.8830972564e-08
515,adam,1.5952945405e-06,1.5858810911e-06,1.8826898954e-08
516,adam,1.5919073579e-06,1.5824962499e-06,1.8822215989e-08
517,adam,1.5885820214e-06,1.5791731226e-06,1.8817797544e-08
518,adam,1.5853045203e-06,1.5758981096e-06,1.8812821384e-08
519,adam,1.5820285549e-06,1.5726245164e-06,1.8808076920e-08
520,adam,1.5787686895e-06,1.5693672617e-06,1.8802855606e-08
521,adam,1.5754842021e-06,1.5660851886e-06,1.8798027011e-08
522,adam,1.5721625571e-06,1.5627661714e-06,1.8792771463e-08
523,adam,1.5688298019e-06,1.5594359279e-06,1.8787748110e-08
524,adam,1.5655068266e-06,1.5561156028e-06,1.8782447728e-08
525,adam,1.5622026962e-06,1.5528140193e-06,1.8777353766e-08
526,adam,1.5589200923e-06,1.5495342110e-06,1.8771762488e-08
527,adam,1.5556556829e-06,1.5462725060e-06,1.8766353962e-08
528,adam,1.5523860282e-06,1.5430057082e-06,1.8760640089e-08
529,adam,1.5491403763e-06,1.5397626895e-06,1.8755373561e-08
530,adam,1.5459029445e-06,1.5365283772e-06,1.8749134664e-08
531,adam,1.5427344261e-06,1.5333625853e-06,1.8743681660e-08
532,adam,1.5395871471e-06,1.5302186762e-06,1.8736941764e-08
533,adam,1.5364458727e-06,1.5270799274e-06,1.8731890665e-08
534,adam,1.5333285522e-06,1.5239663509e-06,1.8724402541e-08
535,adam,1.5302688670e-06,1.5209089867e-06,1.8719760753e-08
536,adam,1.5273053052e-06,1.5179498550e-06,1.8710900438e-08
537,adam,1.5243780200e-06,1.5150243823e-06,1.8707275444e-08
538,adam,1.5214770447e-06,1.5121288265e-06,1.8696436357e-08
539,adam,1.5186764692e-06,1.5093288715e-06,1.8695195367e-08
540,adam,1.5160968783e-06,1.5067567961e-06,1.8680164487e-08
541,adam,1.5139389872e-06,1.5045970408e-06,1.8683892652e-08
542,adam,1.5126115154e-06,1.5032811418e-06,1.8660747369e-08
543,adam,1.5131354655e-06,1.5037973334e-06,1.8676264143e-08
544,adam,1.5177533118e-06,1.5084351206e-06,1.8636382400e-08
545,adam,1.5313084690e-06,1.5219695702e-06,1.8677797624e-08
546,adam,1.5647395503e-06,1.5554385983e-06,1.8601903999e-08
547,adam,1.6432451533e-06,1.6338931904e-06,1.8703925839e-08
548,adam,1.8266429666e-06,1.8173663117e-06,1.8553309795e-08
549,adam,2.2555676049e-06,2.2461620117e-06,1.8811186309e-08
550,adam,3.2623471396e-06,3.2530881669e-06,1.8517945407e-08
551,adam,5.6566889842e-06,5.6470752949e-06,1.9227378563e-08
552,adam,1.1335466458e-05,1.1326075660e-05,1.8781596279e-08
553,adam,2.4771679118e-05,2.4761164811e-05,2.1028614706e-08
554,adam,5.4915791307e-05,5.4905183550e-05,2.1215513543e-08
555,adam,1.1643540642e-04,1.1642113388e-04,2.8545090689e-08
556,adam,2.0938710943e-04,2.0937147929e-04,3.1260271911e-08
557,adam,2.6694497909e-04,2.6692479175e-04,4.0374684070e-08
558,adam,1.6817899323e-04,1.6816448833e-04,2.9009790115e-08
559,adam,1.6475131999e-05,1.6465002050e-05,2.0259899226e-08
560,adam,4.6834623704e-05,4.6823135738e-05,2.2975932656e-08
561,adam,1.3336263782e-04,1.3334919481e-04,2.6886013527e-08
562,adam,5.7323685552e-05,5.7311785036e-05,2.3801032836e-08
563,adam,8.1834775720e-06,8.1737568693e-06,1.9441405389e-08
564,adam,8.0076601610e-05,8.0064995772e-05,2.3211674802e-08
565,adam,4.7780297656e-05,4.7768826565e-05,2.2942181282e-08
566,adam,5.7541469217e-06,5.7445889225e-06,1.9115998562e-08
567,adam,5.7111548277e-05,5.7100841044e-05,2.1414466132e-08
568,adam,3.0759565462e-05,3.0748736248e-05,2.1658427679e-08
569,adam,7.4311098514e-06,7.4214152207e-06,1.9389261366e-08
570,adam,4.3909485054e-05,4.3899305537e-05,2.0359033385e-08
571,adam,1.6514634551e-05,1.6504455906e-05,2.0357289989e-08
572,adam,1.0880554649e-05,1.0870663536e-05,1.9782227496e-08
573,adam,3.2866023859e-05,3.2856209580e-05,1.9628557482e-08
574,adam,7.7580589156e-06,7.7483617020e-06,1.9394427217e-08
575,adam,1.3808423142e-05,1.3798344628e-05,2.0157027666e-08
576,adam,2.2449027408e-05,2.2439498092e-05,1.9058630988e-08
577,adam,4.0165862365e-06,4.0071544662e-06,1.8863540699e-08
578,adam,1.4730929260e-05,1.4720760286e-05,2.0337948098e-08
579,adam,1.3966485460e-05,1.3957163094e-05,1.8644733092e-08
580,adam,3.6160000417e-06,3.6067049385e-06,1.8590206227e-08
581,adam,1.3627671120e-05,1.3617541238e-05,2.0259763412e-08
582,adam,8.0203558016e-06,8.0111296869e-06,1.8452229291e-08
583,adam,4.5059900987e-06,4.4967531872e-06,1.8473822981e-08
584,adam,1.1199932953e-05,1.1189944640e-05,1.9976626154e-08
585,adam,4.6761006374e-06,4.6669021134e-06,1.8397048034e-08
586,adam,5.2719531066e-06,5.2627569440e-06,1.8392325235e-08
587,adam,8.4795806896e-06,8.4697659354e-06,1.9629508403e-08
588,adam,3.1569735455e-06,3.1477601755e-06,1.8426740157e-08
589,adam,5.4603875331e-06,5.4512153311e-06,1.8344404009e-08
590,adam,6.1619333252e-06,6.1522830650e-06,1.9300520345e-08
591,adam,2.6093533812e-06,2.6001276091e-06,1.8451544187e-08
592,adam,5.1196983105e-06,5.1105567979e-06,1.8283025063e-08
593,adam,4.5341537653e-06,4.5246490636e-06,1.9009403474e-08
594,adam,2.4518776146e-06,2.4426600025e-06,1.8435224114e-08
595,adam,4.4925743145e-06,4.4834651793e-06,1.8218270362e-08
596,adam,3.5088250852e-06,3.4994181571e-06,1.8813856124e-08
597,adam,2.3811401285e-06,2.3719190447e-06,1.8442167587e-08
598,adam,3.8401879995e-06,3.8311000379e-06,1.8175923084e-08
599,adam,2.8885938916e-06,2.8792661133e-06,1.8655556758e-08
600,adam,2.2915602375e-06,2.2823726016e-06,1.8375271830e-08
601,adam,3.2727151066e-06,3.2636551829e-06,1.8119847411e-08
602,adam,2.5399639579e-06,2.5306958904e-06,1.8536135004e-08
603,adam,2.1615006558e-06,2.1523430069e-06,1.8315297847e-08
604,adam,2.8138937231e-06,2.8048527213e-06,1.8082003791e-08
605,adam,2.3590811441e-06,2.3498574063e-06,1.8447475511e-08
606,adam,2.0494936086e-06,2.0403743502e-06,1.8238516801e-08
607,adam,2.4394072733e-06,2.4303777893e-06,1.8058967980e-08
608,adam,2.2381444495e-06,2.2289512751e-06,1.8386348753e-08
609,adam,1.9654404328e-06,1.9563578300e-06,1.8165205547e-08
610,adam,2.1456928955e-06,2.1366738497e-06,1.8038091446e-08
611,adam,2.1288600869e-06,2.1196950947e-06,1.8329984497e-08
612,adam,1.9151516551e-06,1.9061002035e-06,1.8102903136e-08
613,adam,1.9317614832e-06,1.9227410247e-06,1.8040916936e-08
614,adam,2.0181734844e-06,2.0090326467e-06,1.8281675547e-08
615,adam,1.8925745278e-06,1.8835499858e-06,1.8049083829e-08
616,adam,1.7837268380e-06,1.7747025278e-06,1.8048620313e-08
617,adam,1.8946252531e-06,1.8855106196e-06,1.8229267079e-08
618,adam,1.8781239796e-06,1.8691177556e-06,1.8012447944e-08
619,adam,1.7058141893e-06,1.6967795297e-06,1.8069319298e-08
620,adam,1.7656683722e-06,1.7565822265e-06,1.8172291275e-08
621,adam,1.8458399436e-06,1.8368457568e-06,1.7988373660e-08
622,adam,1.6862637589e-06,1.6772189291e-06,1.8089659598e-08
623,adam,1.6622162884e-06,1.6531591243e-06,1.8114328175e-08
624,adam,1.7783988967e-06,1.7694075118e-06,1.7982769727e-08
625,adam,1.6887825086e-06,1.6797259716e-06,1.8113074007e-08
626,adam,1.6026917797e-06,1.5936579282e-06,1.8067702997e-08
627,adam,1.6918783521e-06,1.6828824149e-06,1.7991874490e-08
628,adam,1.6802368899e-06,1.6711788228e-06,1.8116134259e-08
629,adam,1.5862863913e-06,1.5772755045e-06,1.8021773537e-08
630,adam,1.6145985467e-06,1.6055930814e-06,1.8010930600e-08
631,adam,1.6449557546e-06,1.6359057033e-06,1.8100102640e-08
632,adam,1.5914785804e-06,1.5824835135e-06,1.7990133709e-08
633,adam,1.5733512016e-06,1.5643344271e-06,1.8033549156e-08
634,adam,1.5929631469e-06,1.5839290188e-06,1.8068256229e-08
635,adam,1.5828017836e-06,1.5738114731e-06,1.7980620811e-08
636,adam,1.5615112805e-06,1.5524824518e-06,1.8057657269e-08
637,adam,1.5501462957e-06,1.5411305995e-06,1.8031392298e-08
638,adam,1.5513099163e-06,1.5423171137e-06,1.7985605109e-08
639,adam,1.5544319374e-06,1.5453999543e-06,1.8063966226e-08
640,adam,1.5344154223e-06,1.5254154377e-06,1.7999969105e-08
641,adam,1.5175964920e-06,1.5085949574e-06,1.8003069180e-08
642,adam,1.5302426887e-06,1.5212187162e-06,1.8047944994e-08
643,adam,1.5286861059e-06,1.5196971456e-06,1.7977920642e-08
644,adam,1.5032041910e-06,1.4941933960e-06,1.8021590086e-08
645,adam,1.4997272591e-06,1.4907174481e-06,1.8019621955e-08
646,adam,1.5090048658e-06,1.5000168407e-06,1.7976050247e-08
647,adam,1.4979693508e-06,1.4889550009e-06,1.8028699816e-08
648,adam,1.4841294283e-06,1.4751359730e-06,1.7986910580e-08
649,adam,1.4829946107e-06,1.4740026926e-06,1.7983836246e-08
650,adam,1.4814070475e-06,1.4724003487e-06,1.8013397598e-08
651,adam,1.4755760481e-06,1.4665935866e-06,1.7964923086e-08
652,adam,1.4680546087e-06,1.4590578874e-06,1.7993442668e-08
653,adam,1.4602589889e-06,1.4512664760e-06,1.7985025733e-08
654,adam,1.4585246518e-06,1.4495449221e-06,1.7959459466e-08
655,adam,1.4576189156e-06,1.4486240634e-06,1.7989704300e-08
656,adam,1.4489337305e-06,1.4399561788e-06,1.7955103466e-08
657,adam,1.4413062651e-06,1.4323252121e-06,1.7962105962e-08
658,adam,1.4405431469e-06,1.4315594277e-06,1.7967438452e-08
659,adam,1.4380603504e-06,1.4290920913e-06,1.7936518171e-08
660,adam,1.4314891089e-06,1.4225095285e-06,1.7959160828e-08
661,adam,1.4259595168e-06,1.4169913612e-06,1.7936311205e-08
662,adam,1.4223045361e-06,1.4133391174e-06,1.7930837240e-08
663,adam,1.4191270803e-06,1.4101567827e-06,1.7940595125e-08
664,adam,1.4156986798e-06,1.4067434980e-06,1.7910363539e-08
665,adam,1.4108567208e-06,1.4018940230e-06,1.7925395738e-08
666,adam,1.4055438420e-06,1.3965891494e-06,1.7909385036e-08
667,adam,1.4021500377e-06,1.3932011553e-06,1.7897764676e-08
668,adam,1.3997889229e-06,1.3908355357e-06,1.7906774498e-08
669,adam,1.3959325524e-06,1.3869926568e-06,1.7879791115e-08
670,adam,1.3911004657e-06,1.3821564661e-06,1.7887999205e-08
671,adam,1.3871413895e-06,1.3782035714e-06,1.7875636276e-08
672,adam,1.3839610899e-06,1.3750298099e-06,1.7862559928e-08
673,adam,1.3807417072e-06,1.3718077570e-06,1.7867900265e-08
674,adam,1.3773855467e-06,1.3684629720e-06,1.7845149557e-08
675,adam,1.3735352550e-06,1.3646105122e-06,1.7849485593e-08
676,adam,1.3694099026e-06,1.3604915796e-06,1.7836646000e-08
677,adam,1.3663051253e-06,1.3573918893e-06,1.7826471886e-08
678,adam,1.3635286595e-06,1.3546150635e-06,1.7827191857e-08
679,adam,1.3599982671e-06,1.3510941407e-06,1.7808252793e-08
680,adam,1.3564621811e-06,1.3475567509e-06,1.7810860313e-08
681,adam,1.3531791327e-06,1.3442805971e-06,1.7797071127e-08
682,adam,1.3497631318e-06,1.3408678632e-06,1.7790537181e-08
683,adam,1.3465738613e-06,1.3376799871e-06,1.7787748352e-08
684,adam,1.3434819270e-06,1.3345957751e-06,1.7772303822e-08
685,adam,1.3400692851e-06,1.3311824588e-06,1.7773652508e-08
686,adam,1.3364790106e-06,1.3275999732e-06,1.7758074878e-08
687,adam,1.3329287569e-06,1.3240518713e-06,1.7753771189e-08
688,adam,1.3294217839e-06,1.3205488064e-06,1.7745955090e-08
689,adam,1.3261233556e-06,1.3172561411e-06,1.7734428865e-08
690,adam,1.3229230826e-06,1.3140569076e-06,1.7732350086e-08
691,adam,1.3196693645e-06,1.3108106274e-06,1.7717474329e-08
692,adam,1.3164306769e-06,1.3075729763e-06,1.7715401309e-08
693,adam,1.3132388904e-06,1.3043872515e-06,1.7703277817e-08
694,adam,1.3101948236e-06,1.3013464683e-06,1.7696710598e-08
695,adam,1.3071828120e-06,1.2983377546e-06,1.7690114744e-08
696,adam,1.3040853919e-06,1.2952458986e-06,1.7678986637e-08
697,adam,1.3009748240e-06,1.2921367041e-06,1.7676239768e-08
698,adam,1.2977862069e-06,1.2889545203e-06,1.7663373099e-08
699,adam,1.2944901544e-06,1.2856599575e-06,1.7660393636e-08
700,adam,1.2911881314e-06,1.2823632792e-06,1.7649704491e-08
701,adam,1.2879671446e-06,1.2791449894e-06,1.7644310291e-08
702,adam,1.2846925690e-06,1.2758740659e-06,1.7637006171e-08
703,adam,1.2814482144e-06,1.2726340861e-06,1.7628256666e-08
704,adam,1.2782265443e-06,1.2694146327e-06,1.7623823252e-08
705,adam,1.2749117853e-06,1.2661049329e-06,1.7613704848e-08
706,adam,1.2716006495e-06,1.2627956811e-06,1.7609936618e-08
707,adam,1.2682711653e-06,1.2594711645e-06,1.7600001691e-08
708,adam,1.2649266269e-06,1.2561285150e-06,1.7596223847e-08
709,adam,1.2616047079e-06,1.2528107321e-06,1.7587951627e-08
710,adam,1.2582696013e-06,1.2494779744e-06,1.7583253831e-08
711,adam,1.2549762523e-06,1.2461877356e-06,1.7577033277e-08
712,adam,1.2517406573e-06,1.2429550617e-06,1.7571191103e-08
713,adam,1.2485589187e-06,1.2397755892e-06,1.7566659076e-08
714,adam,1.2454468237e-06,1.2366668850e-06,1.7559877508e-08
715,adam,1.2423805203e-06,1.2336022056e-06,1.7556629352e-08
716,adam,1.2393202615e-06,1.2305455555e-06,1.7549411911e-08
717,adam,1.2363005746e-06,1.2275271651e-06,1.7546819016e-08
718,adam,1.2332765436e-06,1.2245071431e-06,1.7538801009e-08
719,adam,1.2302197556e-06,1.2214516859e-06,1.7536139411e-08
720,adam,1.2271746649e-06,1.2184102772e-06,1.7528775541e-08
721,adam,1.2241551303e-06,1.2153918582e-06,1.7526544297e-08
722,adam,1.2211694010e-06,1.2124096713e-06,1.7519459459e-08
723,adam,1.2182377155e-06,1.2094793500e-06,1.7516730890e-08
724,adam,1.2152858923e-06,1.2065311909e-06,1.7509402895e-08
725,adam,1.2123740557e-06,1.2036204764e-06,1.7507158553e-08
726,adam,1.2095218333e-06,1.2007723015e-06,1.7499063601e-08
727,adam,1.2066705778e-06,1.1979220753e-06,1.7497005117e-08
728,adam,1.2037892702e-06,1.1950452586e-06,1.7488023326e-08
729,adam,1.2009540052e-06,1.1922104135e-06,1.7487183467e-08
730,adam,1.1981905355e-06,1.1894521393e-06,1.7476792365e-08
731,adam,1.1955088408e-06,1.1867699107e-06,1.7477860110e-08
732,adam,1.1928694975e-06,1.1841372973e-06,1.7464400425e-08
733,adam,1.1903832304e-06,1.1816483432e-06,1.7469774285e-08
734,adam,1.1881654566e-06,1.1794399614e-06,1.7450990362e-08
735,adam,1.1863492879e-06,1.1776174105e-06,1.7463754955e-08
736,adam,1.1852087913e-06,1.1764916029e-06,1.7434376826e-08
737,adam,1.1855764774e-06,1.1768451980e-06,1.7462558733e-08
738,adam,1.1887862511e-06,1.1800800589e-06,1.7412384418e-08
739,adam,1.1979711102e-06,1.1892353586e-06,1.7471503141e-08
740,adam,1.2194473850e-06,1.2107579166e-06,1.7378936958e-08
741,adam,1.2675295993e-06,1.2587770825e-06,1.7505033523e-08
742,adam,1.3729736013e-06,1.3643113037e-06,1.7324595193e-08
743,adam,1.6039732548e-06,1.5951721397e-06,1.7602230284e-08
744,adam,2.1167859512e-06,2.1081644801e-06,1.7242942300e-08
745,adam,3.2530934640e-06,3.2441473032e-06,1.7892321530e-08
746,adam,5.8152129556e-06,5.8066068759e-06,1.7212159392e-08
747,adam,1.1613230505e-05,1.1603787405e-05,1.8886199219e-08
748,adam,2.4675483016e-05,2.4666542305e-05,1.7881423329e-08
749,adam,5.2987017642e-05,5.2975673357e-05,2.2688569877e-08
750,adam,1.0881238620e-04,1.0880117825e-04,2.2415891922e-08
751,adam,1.9784780679e-04,1.9783065247e-04,3.4308642233e-08
752,adam,2.7318806723e-04,2.7317186879e-04,3.2396873175e-08
753,adam,2.2079269368e-04,2.2077453350e-04,3.6320370574e-08
754,adam,5.1513318739e-05,5.1503654510e-05,1.9328457462e-08
755,adam,1.7577919515e-05,1.7569026706e-05,1.7785617309e-08
756,adam,1.2083623027e-04,1.2082141608e-04,2.9628382828e-08
757,adam,9.0855879615e-05,9.0845315103e-05,2.1129023895e-08
758,adam,4.9591658019e-06,4.9500727844e-06,1.8186035053e-08
759,adam,5.8838488946e-05,5.8826304917e-05,2.4368057830e-08
760,adam,7.1368723646e-05,7.1358812989e-05,1.9821315523e-08
761,adam,6.9621445905e-06,6.9528573663e-06,1.8574448334e-08
762,adam,3.8375629566e-05,3.8364368613e-05,2.2521905183e-08
763,adam,4.9674612184e-05,4.9665321521e-05,1.8581325968e-08
764,adam,4.9032050599e-06,4.8940757218e-06,1.8258676313e-08
765,adam,3.1520617132e-05,3.1509798559e-05,2.1637146739e-08
766,adam,3.3241848473e-05,3.3232935569e-05,1.7825807789e-08
767,adam,3.0552885179e-06,3.0463818929e-06,1.7813249873e-08
768,adam,2.6971077228e-05,2.6960518065e-05,2.1118326626e-08
769,adam,2.1230407391e-05,2.1221657018e-05,1.7500745757e-08
770,adam,2.9692610441e-06,2.9604996582e-06,1.7522771778e-08
771,adam,2.2440568208e-05,2.2430250762e-05,2.0634890536e-08
772,adam,1.3103034347e-05,1.3094363056e-05,1.7342580811e-08
773,adam,4.0035715708e-06,3.9948579853e-06,1.7427171089e-08
774,adam,1.7885735871e-05,1.7875662768e-05,2.0146205577e-08
775,adam,7.7464259290e-06,7.7377866491e-06,1.7278559733e-08
776,adam,5.0508833984e-06,5.0422298791e-06,1.7307038584e-08
777,adam,1.3883800110e-05,1.3874007707e-05,1.9584804706e-08
778,adam,4.5676494249e-06,4.5589804532e-06,1.7337943241e-08
779,adam,5.4375231247e-06,5.4288666404e-06,1.7312968739e-08
780,adam,1.0616554708e-05,1.0606978585e-05,1.9152246374e-08
781,adam,2.9602648351e-06,2.9515737687e-06,1.7382132791e-08
782,adam,5.1820405577e-06,5.1734011209e-06,1.7278873723e-08
783,adam,8.1075108633e-06,8.0981317585e-06,1.8758209569e-08
784,adam,2.2893228778e-06,2.2806182501e-06,1.7409255298e-08
785,adam,4.6018697194e-06,4.5932569558e-06,1.7225527347e-08
786,adam,6.2231223872e-06,6.2139017309e-06,1.8441312440e-08
787,adam,2.0511101318e-06,2.0424205202e-06,1.7379223358e-08
788,adam,3.9430346483e-06,3.9344451102e-06,1.7179076182e-08
789,adam,4.8880240609e-06,4.8789300325e-06,1.8188056739e-08
790,adam,1.9076962139e-06,1.8990212668e-06,1.7349894105e-08
791,adam,3.3015879232e-06,3.2930023928e-06,1.7171060916e-08
792,adam,3.9662383849e-06,3.9572261084e-06,1.8024552925e-08
793,adam,1.7922971975e-06,1.7836470540e-06,1.7300287167e-08
794,adam,2.7210221602e-06,2.7124472852e-06,1.7149749930e-08
795,adam,3.3674563168e-06,3.3585131991e-06,1.7886235497e-08
796,adam,1.7250512978e-06,1.7164360141e-06,1.7230567214e-08
797,adam,2.2117094052e-06,2.2031480178e-06,1.7122774948e-08
798,adam,2.9316489165e-06,2.9227783245e-06,1.7741184018e-08
799,adam,1.7481960613e-06,1.7396237392e-06,1.7144644080e-08
800,adam,1.7982089081e-06,1.7896523159e-06,1.7113184311e-08
801,adam,2.5438389249e-06,2.5350304837e-06,1.7616882239e-08
802,adam,1.8149629135e-06,1.8064288931e-06,1.7068040633e-08
803,adam,1.5163926535e-06,1.5078320663e-06,1.7121174381e-08
804,adam,2.1521586513e-06,2.1434175079e-06,1.7482286756e-08
805,adam,1.8629028281e-06,1.8544080284e-06,1.6989599345e-08
806,adam,1.3946990534e-06,1.3861275630e-06,1.7142980681e-08
807,adam,1.7862237047e-06,1.7775447392e-06,1.7357931148e-08
808,adam,1.8429670318e-06,1.8345016857e-06,1.6930692238e-08
809,adam,1.4042328560e-06,1.3956539739e-06,1.7157764246e-08
810,adam,1.5041468485e-06,1.4955392695e-06,1.7215157955e-08
811,adam,1.7356703052e-06,1.7272212576e-06,1.6898095132e-08
812,adam,1.4732447010e-06,1.4646551160e-06,1.7179170121e-08
813,adam,1.3413462624e-06,1.3328052240e-06,1.7082076810e-08
814,adam,1.5557193534e-06,1.5472752715e-06,1.6888163784e-08
815,adam,1.5205206992e-06,1.5119322728e-06,1.7176852643e-08
816,adam,1.3098838176e-06,1.3013968639e-06,1.6973907340e-08
817,adam,1.3743295633e-06,1.3658737597e-06,1.6911607198e-08
818,adam,1.4849023264e-06,1.4763330435e-06,1.7138565733e-08
819,adam,1.3580179933e-06,1.3495765596e-06,1.6882867420e-08
820,adam,1.2727036864e-06,1.2642335465e-06,1.6940279924e-08
821,adam,1.3695017427e-06,1.3609730504e-06,1.7057384639e-08
822,adam,1.3848549020e-06,1.3764375370e-06,1.6834730039e-08
823,adam,1.2758599888e-06,1.2673712966e-06,1.6977384464e-08
824,adam,1.2617548105e-06,1.2532775648e-06,1.6954491367e-08
825,adam,1.3301278709e-06,1.3217197511e-06,1.6816239501e-08
826,adam,1.3082868139e-06,1.2997951121e-06,1.6983403781e-08
827,adam,1.2353574279e-06,1.2269284101e-06,1.6858035586e-08
828,adam,1.2444888202e-06,1.2360744248e-06,1.6828790802e-08
829,adam,1.2848024880e-06,1.2763327896e-06,1.6939396862e-08
830,adam,1.2581240232e-06,1.2497338718e-06,1.6780302774e-08
831,adam,1.2124531906e-06,1.2040310219e-06,1.6844337488e-08
832,adam,1.2214980947e-06,1.2130705799e-06,1.6855029543e-08
833,adam,1.2445835045e-06,1.2362120310e-06,1.6742947130e-08
834,adam,1.2245137693e-06,1.2160914160e-06,1.6844706524e-08
835,adam,1.1929675838e-06,1.1845853300e-06,1.6764507724e-08
836,adam,1.1957704894e-06,1.1874019631e-06,1.6737052719e-08
837,adam,1.2091133579e-06,1.2007115753e-06,1.6803565150e-08
838,adam,1.1969631690e-06,1.1886150604e-06,1.6696217109e-08
839,adam,1.1744179165e-06,1.1660469182e-06,1.6741996652e-08
840,adam,1.1696346966e-06,1.1612705753e-06,1.6728242601e-08
841,adam,1.1766636377e-06,1.1683333398e-06,1.6660595837e-08
842,adam,1.1715977580e-06,1.1632362086e-06,1.6723098773e-08
843,adam,1.1553251037e-06,1.1469996685e-06,1.6650870381e-08
844,adam,1.1462778947e-06,1.1379513992e-06,1.6652991155e-08
845,adam,1.1464291768e-06,1.1380942869e-06,1.6669779741e-08
846,adam,1.1447225363e-06,1.1364216383e-06,1.6601795884e-08
847,adam,1.1350754558e-06,1.1267533462e-06,1.6644219283e-08
848,adam,1.1236645202e-06,1.1153633112e-06,1.6602417992e-08
849,adam,1.1185054280e-06,1.1102126062e-06,1.6585643642e-08
850,adam,1.1161200659e-06,1.1078160809e-06,1.6607970131e-08
851,adam,1.1108942199e-06,1.1026191580e-06,1.6550123758e-08
852,adam,1.1021627707e-06,1.0938749780e-06,1.6575585396e-08
853,adam,1.0929657435e-06,1.0846915543e-06,1.6548378292e-08
854,adam,1.0879365302e-06,1.0796724878e-06,1.6528084766e-08
855,adam,1.0851618511e-06,1.0768898838e-06,1.6543934772e-08
856,adam,1.0809722037e-06,1.0727229192e-06,1.6498569133e-08
857,adam,1.0753688500e-06,1.0671116493e-06,1.6514401379e-08
858,adam,1.0695130226e-06,1.0612682461e-06,1.6489552958e-08
859,adam,1.0664908939e-06,1.0582541034e-06,1.6473580917e-08
860,adam,1.0651881066e-06,1.0569485713e-06,1.6479070568e-08
861,adam,1.0627644448e-06,1.0545426832e-06,1.6443523058e-08
862,adam,1.0588984514e-06,1.0506708497e-06,1.6455203402e-08
863,adam,1.0541435847e-06,1.0459285838e-06,1.6430001864e-08
864,adam,1.0506504246e-06,1.0424378730e-06,1.6425103252e-08
865,adam,1.0485881841e-06,1.0403768109e-06,1.6422746566e-08
866,adam,1.0463302641e-06,1.0381306974e-06,1.6399133334e-08
867,adam,1.0434817753e-06,1.0352770481e-06,1.6409454260e-08
868,adam,1.0398902969e-06,1.0316985681e-06,1.6383457617e-08
869,adam,1.0366067342e-06,1.0284127492e-06,1.6387969992e-08
870,adam,1.0338274011e-06,1.0256398141e-06,1.6375173967e-08
871,adam,1.0308949809e-06,1.0227130485e-06,1.6363864731e-08
872,adam,1.0282268623e-06,1.0200436474e-06,1.6366429904e-08
873,adam,1.0256024927e-06,1.0174299748e-06,1.6345035745e-08
874,adam,1.0226107943e-06,1.0144345141e-06,1.6352560380e-08
875,adam,1.0191528390e-06,1.0109864828e-06,1.6332712351e-08
876,adam,1.0155713918e-06,1.0074047250e-06,1.6333333550e-08
877,adam,1.0126148098e-06,1.0044528616e-06,1.6323896433e-08
878,adam,1.0100841216e-06,1.0019276201e-06,1.6313003047e-08
879,adam,1.0075473855e-06,9.9939060280e-07,1.6313565428e-08
880,adam,1.0050832473e-06,9.9693481398e-07,1.6296866704e-08
881,adam,1.0025346969e-06,9.9438408804e-07,1.6301217692e-08
882,adam,9.9979921422e-07,9.9165680113e-07,1.6284826172e-08
883,adam,9.9690842453e-07,9.8876521593e-07,1.6286417202e-08
884,adam,9.9381158447e-07,9.8567387283e-07,1.6275423264e-08
885,adam,9.9082600659e-07,9.8269034934e-07,1.6271314504e-08
886,adam,9.8786517507e-07,9.7973236899e-07,1.6265612164e-08
887,adam,9.8500378698e-07,9.7687559597e-07,1.6256382019e-08
888,adam,9.8226305418e-07,9.7413582837e-07,1.6254451623e-08
889,adam,9.7943552782e-07,9.7131476854e-07,1.6241518573e-08
890,adam,9.7660377414e-07,9.6848325604e-07,1.6241036193e-08
891,adam,9.7371289417e-07,9.6559961190e-07,1.6226564557e-08
892,adam,9.7085782523e-07,9.6274485441e-07,1.6225941641e-08
893,adam,9.6798898818e-07,9.5988268090e-07,1.6212614553e-08
894,adam,9.6501147032e-07,9.5690593904e-07,1.6211062544e-08
895,adam,9.6210196630e-07,9.5400213560e-07,1.6199661400e-08
896,adam,9.5926740046e-07,9.5116915766e-07,1.6196485614e-08
897,adam,9.5644967026e-07,9.4835641336e-07,1.6186513789e-08
898,adam,9.5376969174e-07,9.4567887428e-07,1.6181634909e-08
899,adam,9.5119980397e-07,9.4311337650e-07,1.6172854936e-08
900,adam,9.4876154355e-07,9.4067766969e-07,1.6167747730e-08
901,adam,9.4628339305e-07,9.3820344032e-07,1.6159905441e-08
902,adam,9.4374705598e-07,9.3566994029e-07,1.6154231375e-08
903,adam,9.4107609138e-07,9.3300220638e-07,1.6147769985e-08
904,adam,9.3828096704e-07,9.3021088127e-07,1.6140171551e-08
905,adam,9.3548230056e-07,9.2741411874e-07,1.6136363643e-08
906,adam,9.3285031177e-07,9.2478674206e-07,1.6127139413e-08
907,adam,9.3030394154e-07,9.2224141572e-07,1.6125051637e-08
908,adam,9.2782367642e-07,9.1976668498e-07,1.6113982875e-08
909,adam,9.2555637625e-07,9.1749938431e-07,1.6113983886e-08
910,adam,9.2359729000e-07,9.1554761767e-07,1.6099344658e-08
911,adam,9.2178578869e-07,9.1373366601e-07,1.6104245364e-08
912,adam,9.2025861305e-07,9.1221693915e-07,1.6083347809e-08
913,adam,9.1956953470e-07,9.1152083064e-07,1.6097408108e-08
914,adam,9.2035962409e-07,9.1232759086e-07,1.6064066455e-08
915,adam,9.2409499353e-07,9.1604688123e-07,1.6096224591e-08
916,adam,9.3382488680e-07,9.2580603431e-07,1.6037704984e-08
917,adam,9.5650926970e-07,9.4845570031e-07,1.6107138788e-08
918,adam,1.0067116702e-06,9.9871244749e-07,1.5998445361e-08
919,adam,1.1167682078e-06,1.1086923500e-06,1.6151715639e-08
920,adam,1.3569202739e-06,1.3489495940e-06,1.5941359951e-08
921,adam,1.8934621901e-06,1.8853146288e-06,1.6295122736e-08
922,adam,3.1115378110e-06,3.1035918399e-06,1.5891942206e-08
923,adam,5.8693308386e-06,5.8609337985e-06,1.6794080082e-08
924,adam,1.2254779525e-05,1.2246712750e-05,1.6133549546e-08
925,adam,2.6482088014e-05,2.6472718226e-05,1.8739577007e-08
926,adam,5.8158051043e-05,5.8148850254e-05,1.8401578243e-08
927,adam,1.2177099708e-04,1.2175780808e-04,2.6377994883e-08
928,adam,2.2487471537e-04,2.2486063624e-04,2.8158253709e-08
929,adam,3.1308118173e-04,3.1306068539e-04,4.0992668513e-08
930,adam,2.4452462201e-04,2.4451005636e-04,2.9131296360e-08
931,adam,5.1161448840e-05,5.1150676215e-05,2.1545251305e-08
932,adam,2.9379652593e-05,2.9369718097e-05,1.9868991734e-08
933,adam,1.4433689464e-04,1.4432545525e-04,2.2878792594e-08
934,adam,8.5210377760e-05,8.5197722996e-05,2.5309527761e-08
935,adam,7.1504783328e-06,7.1418254548e-06,1.7305755870e-08
936,adam,9.0169397282e-05,9.0159661406e-05,1.9471752542e-08
937,adam,6.4605440130e-05,6.4593581659e-05,2.3716940718e-08
938,adam,4.9442707708e-06,4.9356649299e-06,1.7211681875e-08
939,adam,6.7813658697e-05,6.7804536877e-05,1.8243640869e-08
940,adam,3.8519954965e-05,3.8509377416e-05,2.1155098872e-08
941,adam,9.9018370707e-06,9.8929571553e-06,1.7759830907e-08
942,adam,5.4055794434e-05,5.4047042528e-05,1.7503811937e-08
943,adam,1.6557625798e-05,1.6548290921e-05,1.8669754454e-08
944,adam,1.5836280284e-05,1.5827060821e-05,1.8438925294e-08
945,adam,3.9630224855e-05,3.9621765620e-05,1.6918469572e-08
946,adam,5.4651758497e-06,5.4566824984e-06,1.6986702488e-08
947,adam,2.0995985694e-05,2.0986515246e-05,1.8940896211e-08
948,adam,2.3642349007e-05,2.3634176455e-05,1.6345103782e-08
949,adam,3.1072285740e-06,3.0991771337e-06,1.6102880662e-08
950,adam,2.1966548799e-05,2.1957126367e-05,1.8844862852e-08
951,adam,1.1622636019e-05,1.1614768360e-05,1.5735317172e-08
952,adam,5.3456658993e-06,5.3377875073e-06,1.5756783914e-08
953,adam,1.8026050124e-05,1.8016842744e-05,1.8414760356e-08
954,adam,4.6645335907e-06,4.6566934256e-06,1.5680330114e-08
955,adam,8.1914178682e-06,8.1835841395e-06,1.5667457380e-08
956,adam,1.2563296505e-05,1.2554486667e-05,1.7619674647e-08
957,adam,2.2464256296e-06,2.2384922229e-06,1.5866813368e-08
958,adam,9.3591642013e-06,9.3513334770e-06,1.5661448620e-08
959,adam,7.5588973827e-06,7.5504275654e-06,1.6939634474e-08
960,adam,2.4005057639e-06,2.3925005477e-06,1.6010432242e-08
961,adam,8.6853720244e-06,8.6776481446e-06,1.5447759518e-08
962,adam,4.2547808481e-06,4.2466161188e-06,1.6329458444e-08
963,adam,3.1552372031e-06,3.1471708668e-06,1.6132672498e-08
964,adam,6.9904597714e-06,6.9828007964e-06,1.5317949929e-08
965,adam,2.4890996398e-06,2.4811443827e-06,1.5910514209e-08
966,adam,3.5614959186e-06,3.5534436829e-06,1.6104471385e-08
967,adam,5.2959574692e-06,5.2883379315e-06,1.5239075264e-08
968,adam,1.8050246171e-06,1.7971968021e-06,1.5655630075e-08
969,adam,3.5505123069e-06,3.5425064294e-06,1.6011755133e-08
970,adam,3.9071482655e-06,3.8995722658e-06,1.5151999444e-08
971,adam,1.5737787002e-06,1.5660686721e-06,1.5420056151e-08
972,adam,3.2700442701e-06,3.2621061487e-06,1.5876242658e-08
973,adam,3.0366375823e-06,3.0290905603e-06,1.5094044080e-08
974,adam,1.5063073258e-06,1.4986758717e-06,1.5262908091e-08
975,adam,2.8570112598e-06,2.8491600833e-06,1.5702353005e-08
976,adam,2.4598136084e-06,2.4523108089e-06,1.5005599025e-08
977,adam,1.4228389588e-06,1.4152558673e-06,1.5166183007e-08
978,adam,2.4760924850e-06,2.4683117724e-06,1.5561425113e-08
979,adam,2.1414056104e-06,2.1339330595e-06,1.4945101807e-08
980,adam,1.3740394210e-06,1.3664914440e-06,1.5095953961e-08
981,adam,2.1229578148e-06,2.1152671371e-06,1.5381355555e-08
982,adam,1.9319887143e-06,1.9245513681e-06,1.4874692292e-08
983,adam,1.3215013257e-06,1.3139872104e-06,1.5028230742e-08
984,adam,1.8277979311e-06,1.8201794400e-06,1.5236982205e-08
985,adam,1.8128229717e-06,1.8054112350e-06,1.4823473332e-08
986,adam,1.3093304033e-06,1.3018351198e-06,1.4990567036e-08
987,adam,1.5920303321e-06,1.5844610265e-06,1.5138611166e-08
988,adam,1.6972936720e-06,1.6899039933e-06,1.4779357542e-08
989,adam,1.3007530596e-06,1.2932638477e-06,1.4978423714e-08
990,adam,1.3986603939e-06,1.3911492644e-06,1.5022258985e-08
991,adam,1.5885981699e-06,1.5812285114e-06,1.4739317013e-08
992,adam,1.3240348480e-06,1.3165507430e-06,1.4968210135e-08
993,adam,1.2817282124e-06,1.2742688603e-06,1.4918704285e-08
994,adam,1.4688219182e-06,1.4614603708e-06,1.4723094818e-08
995,adam,1.3404654921e-06,1.3329966509e-06,1.4937682534e-08
996,adam,1.2100894406e-06,1.2026727265e-06,1.4833428290e-08
997,adam,1.3364413493e-06,1.3290882197e-06,1.4706259090e-08
998,adam,1.3362861588e-06,1.3288312500e-06,1.4909817749e-08
999,adam,1.1930186883e-06,1.1856433619e-06,1.4750652794e-08
1000,adam,1.2263085714e-06,1.2189581197e-06,1.4700903525e-08
1001,adam,1.2977046045e-06,1.2902759908e-06,1.4857227364e-08
1002,adam,1.2126154081e-06,1.2052794130e-06,1.4671990084e-08
1003,adam,1.1631468567e-06,1.1557954026e-06,1.4702908294e-08
1004,adam,1.2264304274e-06,1.2190432107e-06,1.4774433380e-08
1005,adam,1.2197301496e-06,1.2124213278e-06,1.4617643443e-08
1006,adam,1.1494278986e-06,1.1420836784e-06,1.4688440385e-08
1007,adam,1.1545052036e-06,1.1471607735e-06,1.4688860200e-08
1008,adam,1.1878891242e-06,1.1806066567e-06,1.4564934961e-08
1009,adam,1.1560649270e-06,1.1487294681e-06,1.4670917763e-08
1010,adam,1.1158016523e-06,1.1085066750e-06,1.4589954572e-08
1011,adam,1.1322979693e-06,1.1250268070e-06,1.4542324654e-08
1012,adam,1.1445610760e-06,1.1372502343e-06,1.4621683305e-08
1013,adam,1.1110895901e-06,1.1038326821e-06,1.4513816025e-08
1014,adam,1.0916434067e-06,1.0843853326e-06,1.4516148014e-08
1015,adam,1.1060851622e-06,1.0988094512e-06,1.4551422010e-08
1016,adam,1.1060568130e-06,1.0988352765e-06,1.4443073050e-08
1017,adam,1.0826207864e-06,1.0753710252e-06,1.4499522338e-08
1018,adam,1.0716738604e-06,1.0644435408e-06,1.4460639135e-08
1019,adam,1.0812015755e-06,1.0739975724e-06,1.4408006138e-08
1020,adam,1.0825168161e-06,1.0752919522e-06,1.4449727910e-08
1021,adam,1.0704493689e-06,1.0632541152e-06,1.4390507344e-08
1022,adam,1.0710338209e-06,1.0638503867e-06,1.4366868321e-08
1023,adam,1.0939941823e-06,1.0867910531e-06,1.4406258388e-08
1024,adam,1.1265968420e-06,1.1194440678e-06,1.4305548374e-08
1025,adam,1.1773721579e-06,1.1701841588e-06,1.4375998262e-08
1026,adam,1.2865803773e-06,1.2794314348e-06,1.4297884919e-08
1027,adam,1.5151334656e-06,1.5079653138e-06,1.4336303596e-08
1028,adam,1.9569869287e-06,1.9498439400e-06,1.4285977353e-08
1029,adam,2.8202187927e-06,2.8130247220e-06,1.4388141422e-08
1030,adam,4.5512535915e-06,4.5441202439e-06,1.4266695303e-08
1031,adam,8.0395570767e-06,8.0322383857e-06,1.4637381989e-08
1032,adam,1.4984592969e-05,1.4977366020e-05,1.4453899441e-08
1033,adam,2.8412211147e-05,2.8404495676e-05,1.5430942506e-08
1034,adam,5.2746523513e-05,5.2738773637e-05,1.5499752535e-08
1035,adam,9.1822179321e-05,9.1813344205e-05,1.7670231670e-08
1036,adam,1.3912175258e-04,1.3911265385e-04,1.8197477213e-08
1037,adam,1.6520433131e-04,1.6519420337e-04,2.0255878406e-08
1038,adam,1.2766583779e-04,1.2765684820e-04,1.7979187760e-08
1039,adam,4.5357660836e-05,4.5349719716e-05,1.5882239891e-08
1040,adam,4.1074819890e-06,4.1003413176e-06,1.4281342821e-08
1041,adam,3.8381498396e-05,3.8373861870e-05,1.5273053425e-08
1042,adam,7.4820822932e-05,7.4812294102e-05,1.7057659062e-08
1043,adam,4.8514247639e-05,4.8506453282e-05,1.5588713889e-08
1044,adam,5.4161396326e-06,5.4089280256e-06,1.4423214022e-08
1045,adam,1.4872804112e-05,1.4865441773e-05,1.4724677916e-08
1046,adam,4.5371551546e-05,4.5363875501e-05,1.5352089676e-08
1047,adam,3.3917070705e-05,3.3909382234e-05,1.5376942078e-08
1048,adam,4.6101949207e-06,4.6031288982e-06,1.4132045040e-08
1049,adam,1.0730062390e-05,1.0722948130e-05,1.4228520900e-08
1050,adam,2.9040771262e-05,2.9033151657e-05,1.5239211534e-08
1051,adam,1.7875035852e-05,1.7867817016e-05,1.4437670762e-08
1052,adam,1.8354547811e-06,1.8284585236e-06,1.3992515002e-08
1053,adam,1.1417183180e-05,1.1409953906e-05,1.4458547642e-08
1054,adam,2.0549607245e-05,2.0542392025e-05,1.4430441087e-08
1055,adam,9.0176487367e-06,9.0104935813e-06,1.4310310754e-08
1056,adam,1.7062694145e-06,1.6992910550e-06,1.3956718997e-08
1057,adam,1.0460290511e-05,1.0453239844e-05,1.4101334008e-08
1058,adam,1.2391807728e-05,1.2384586987e-05,1.4441480232e-08
1059,adam,3.2910215687e-06,3.2840809829e-06,1.3881171597e-08
1060,adam,2.8301898460e-06,2.8232648028e-06,1.3850086508e-08
1061,adam,9.4470619349e-06,9.4399280882e-06,1.4267693473e-08
1062,adam,7.4197998608e-06,7.4128333179e-06,1.3933085814e-08
1063,adam,1.5925723703e-06,1.5856588416e-06,1.3827057427e-08
1064,adam,3.6169611779e-06,3.6099682948e-06,1.3985766163e-08
1065,adam,6.8926225419e-06,6.8856908834e-06,1.3863317029e-08
1066,adam,3.6909117903e-06,3.6839425125e-06,1.3938555631e-08
1067,adam,1.0766058717e-06,1.0697185658e-06,1.3774611805e-08
1068,adam,3.7652256428e-06,3.7583605580e-06,1.3730169566e-08
1069,adam,5.0048102756e-06,4.9978318035e-06,1.3956944125e-08
1070,adam,2.2461056440e-06,2.2392683043e-06,1.3674679394e-08
1071,adam,1.3504934658e-06,1.3436572702e-06,1.3672391096e-08
1072,adam,3.3286928549e-06,3.3217869922e-06,1.3811725499e-08
1073,adam,3.3522925209e-06,3.3454665082e-06,1.3652025448e-08
1074,adam,1.3750434315e-06,1.3682028351e-06,1.3681192807e-08
1075,adam,1.3135541334e-06,1.3067332682e-06,1.3641730371e-08
1076,adam,2.7156891421e-06,2.7088876998e-06,1.3602884658e-08
1077,adam,2.4660764413e-06,2.4592325152e-06,1.3687852125e-08
1078,adam,1.2168792644e-06,1.2101024358e-06,1.3553657244e-08
1079,adam,1.3567013827e-06,1.3499308888e-06,1.3540987854e-08
1080,adam,2.2243355133e-06,2.2175230593e-06,1.3624908178e-08
1081,adam,1.9207265842e-06,1.9139694316e-06,1.3514305226e-08
1082,adam,1.0685971181e-06,1.0618326167e-06,1.3529002685e-08
1083,adam,1.1685061223e-06,1.1617485107e-06,1.3515223236e-08
1084,adam,1.7509996816e-06,1.7442586492e-06,1.3482064910e-08
1085,adam,1.6052960550e-06,1.5985386696e-06,1.3514770763e-08
1086,adam,1.0576949203e-06,1.0509728230e-06,1.3444194592e-08
1087,adam,1.0804067100e-06,1.0736928689e-06,1.3427682220e-08
1088,adam,1.4763570977e-06,1.4696279723e-06,1.3458250785e-08
1089,adam,1.4570448727e-06,1.4503433902e-06,1.3402964862e-08
1090,adam,1.0740521410e-06,1.0673521430e-06,1.3399996052e-08
1091,adam,9.7856756608e-07,9.7187033352e-07,1.3394465135e-08
1092,adam,1.2177677434e-06,1.2110957042e-06,1.3344078323e-08
1093,adam,1.2946267922e-06,1.2879301618e-06,1.3393260762e-08
1094,adam,1.0744880270e-06,1.0678264792e-06,1.3323095773e-08
1095,adam,9.2465994532e-07,9.1799953138e-07,1.3320827875e-08
1096,adam,1.0381614912e-06,1.0314973376e-06,1.3328307219e-08
1097,adam,1.1686847663e-06,1.1620460240e-06,1.3277484673e-08
1098,adam,1.0980510810e-06,1.0913963330e-06,1.3309496035e-08
1099,adam,9.5254952722e-07,9.4592220579e-07,1.3254642869e-08
1100,adam,9.4447926860e-07,9.3785232144e-07,1.3253894328e-08
1101,adam,1.0398877563e-06,1.0332633504e-06,1.3248811964e-08
1102,adam,1.0685004161e-06,1.0618910420e-06,1.3218748277e-08
1103,adam,9.8266885839e-07,9.7605957766e-07,1.3218561457e-08
1104,adam,9.0884767708e-07,9.0224830984e-07,1.3198734476e-08
1105,adam,9.2799364107e-07,9.2140750160e-07,1.3172278942e-08
1106,adam,9.8450727312e-07,9.7791414462e-07,1.3186256987e-08
1107,adam,9.8438956971e-07,9.7781806833e-07,1.3143002764e-08
1108,adam,9.2740616091e-07,9.2083058534e-07,1.3151151137e-08
1109,adam,8.8777110249e-07,8.8120790927e-07,1.3126386442e-08
1110,adam,9.0324970033e-07,8.9669607997e-07,1.3107240721e-08
1111,adam,9.3754214556e-07,9.3098639413e-07,1.3111502877e-08
1112,adam,9.3991071509e-07,9.3337300512e-07,1.3075419949e-08
1113,adam,9.0807994011e-07,9.0153946589e-07,1.3080948434e-08
1114,adam,8.7957667257e-07,8.7305074553e-07,1.3051854087e-08
1115,adam,8.8231192394e-07,8.7578982727e-07,1.3044193351e-08
1116,adam,9.0177063097e-07,8.9525490366e-07,1.3031454626e-08
1117,adam,9.1139555933e-07,9.0488882516e-07,1.3013468345e-08
1118,adam,8.9733724512e-07,8.9083606134e-07,1.3002367563e-08
1119,adam,8.7747180460e-07,8.7097561506e-07,1.2992379084e-08
1120,adam,8.6811052877e-07,8.6162793635e-07,1.2965184827e-08
1121,adam,8.7575643089e-07,8.6926804386e-07,1.2976774059e-08
1122,adam,8.8682197038e-07,8.8035697767e-07,1.2929985420e-08
1123,adam,8.9151495711e-07,8.8503562386e-07,1.2958666496e-08
1124,adam,8.8670603010e-07,8.8025772342e-07,1.2896613355e-08
1125,adam,8.8416785543e-07,8.7769785459e-07,1.2940001671e-08
1126,adam,8.9382506734e-07,8.8739502839e-07,1.2860077886e-08
1127,adam,9.2741041718e-07,9.2094384396e-07,1.2933146450e-08
1128,adam,9.8793429827e-07,9.8152658631e-07,1.2815423921e-08
1129,adam,1.0999697235e-06,1.0934915356e-06,1.2956375879e-08
1130,adam,1.3047904955e-06,1.2984133016e-06,1.2754387933e-08
1131,adam,1.7179496542e-06,1.7114225919e-06,1.3054124685e-08
1132,adam,2.5596601659e-06,2.5533138567e-06,1.2692618403e-08
1133,adam,4.3060406790e-06,4.2993555661e-06,1.3370225812e-08
1134,adam,7.9231216614e-06,7.9167338755e-06,1.2775571820e-08
1135,adam,1.5549053213e-05,1.5541836132e-05,1.4434163777e-08
1136,adam,3.1458111380e-05,3.1451220644e-05,1.3781472425e-08
1137,adam,6.3586574522e-05,6.3577417947e-05,1.8313150149e-08
1138,adam,1.2316844563e-04,1.2315908991e-04,1.8711439408e-08
1139,adam,2.0991208338e-04,2.0989740377e-04,2.9359231168e-08
1140,adam,2.6864475383e-04,2.6863125310e-04,2.7001457484e-08
1141,adam,2.0282530821e-04,2.0281044043e-04,2.9735556587e-08
1142,adam,4.7052150758e-05,4.7045163784e-05,1.3973947187e-08
1143,adam,3.1663043197e-05,3.1656394818e-05,1.3296757872e-08
1144,adam,1.2827841704e-04,1.2826631422e-04,2.4205624716e-08
1145,adam,1.0006566008e-04,1.0005755676e-04,1.6206633609e-08
1146,adam,2.1193444259e-05,2.1186550791e-05,1.3786934900e-08
1147,adam,6.5259166790e-05,6.5249681097e-05,1.8971387054e-08
1148,adam,8.5177460111e-05,8.5169556762e-05,1.5806699180e-08
1149,adam,2.2368644780e-05,2.2361179975e-05,1.4929608200e-08
1150,adam,3.3663327019e-05,3.3655021054e-05,1.6611930498e-08
1151,adam,5.5214148860e-05,5.5206928170e-05,1.4441380870e-08
1152,adam,1.3582495220e-05,1.3574981386e-05,1.5027669742e-08
1153,adam,1.8177633421e-05,1.8169888163e-05,1.5490516270e-08
1154,adam,3.7143015961e-05,3.7135995026e-05,1.4041869458e-08
1155,adam,1.2872514809e-05,1.2865279305e-05,1.4471007585e-08
1156,adam,1.6562160632e-05,1.6554628751e-05,1.5063760191e-08
1157,adam,3.0058577895e-05,3.0051714232e-05,1.3727326843e-08
1158,adam,1.3676926992e-05,1.3669854928e-05,1.4144128022e-08
1159,adam,1.3520449187e-05,1.3513212700e-05,1.4472973137e-08
1160,adam,2.1205398055e-05,2.1198787094e-05,1.3221921741e-08
1161,adam,9.1322903351e-06,9.1251952481e-06,1.4190174159e-08
1162,adam,7.8338255521e-06,7.8267342530e-06,1.4182598259e-08
1163,adam,1.4237359301e-05,1.4230794524e-05,1.3129554621e-08
1164,adam,6.8976424623e-06,6.8907646194e-06,1.3755685893e-08
1165,adam,6.2894188630e-06,6.2824653239e-06,1.3907078200e-08
1166,adam,1.2132996023e-05,1.2126378514e-05,1.3235017974e-08
1167,adam,6.7685120357e-06,6.7617340857e-06,1.3555899884e-08
1168,adam,5.4916879011e-06,5.4848882111e-06,1.3599380099e-08
1169,adam,9.7860655741e-06,9.7795568314e-06,1.3017485281e-08
1170,adam,4.8109069444e-06,4.8041494965e-06,1.3514895679e-08
1171,adam,3.4213091487e-06,3.4145700340e-06,1.3478229453e-08
1172,adam,7.1059457985e-06,7.0995035424e-06,1.2884512267e-08
1173,adam,3.3750357359e-06,3.3683648942e-06,1.3341683362e-08
1174,adam,2.6954407097e-06,2.6888084757e-06,1.3264467998e-08
1175,adam,6.0075599546e-06,6.0010960812e-06,1.2927746784e-08
1176,adam,3.2380415970e-06,3.2314481925e-06,1.3186808988e-08
1177,adam,2.6351785368e-06,2.6286519932e-06,1.3053087230e-08
1178,adam,5.0164249517e-06,5.0100357614e-06,1.2778380595e-08
1179,adam,2.7880463875e-06,2.7814786061e-06,1.3135562682e-08
1180,adam,2.0474713365e-06,2.0409966361e-06,1.2949400848e-08
1181,adam,3.6404818546e-06,3.6341702763e-06,1.2623156563e-08
1182,adam,2.2525878341e-06,2.2460589722e-06,1.3057723703e-08
1183,adam,1.6691111954e-06,1.6627307335e-06,1.2760923717e-08
1184,adam,2.7700392036e-06,2.7637273195e-06,1.2623768214e-08
1185,adam,2.1987050078e-06,2.1922174294e-06,1.2975156945e-08
1186,adam,1.7597596802e-06,1.7534532068e-06,1.2612946867e-08
1187,adam,2.2743867003e-06,2.2681025569e-06,1.2568286915e-08
1188,adam,2.1378139971e-06,2.1313790030e-06,1.2869988101e-08
1189,adam,1.8406299935e-06,1.8343736214e-06,1.2512744326e-08
1190,adam,1.7825555795e-06,1.7762990345e-06,1.2513089921e-08
1191,adam,1.8026671900e-06,1.7962735814e-06,1.2787217198e-08
1192,adam,1.7770237472e-06,1.7708165649e-06,1.2414364500e-08
1193,adam,1.4585476201e-06,1.4522740914e-06,1.2547057457e-08
1194,adam,1.4328364126e-06,1.4265145456e-06,1.2643734081e-08
1195,adam,1.6871651218e-06,1.6809842056e-06,1.2361832423e-08
1196,adam,1.4102708354e-06,1.4039894355e-06,1.2562799803e-08
1197,adam,1.2209948682e-06,1.2147344572e-06,1.2520822057e-08
1198,adam,1.5386302576e-06,1.5324612138e-06,1.2338087550e-08
1199,adam,1.4614713345e-06,1.4551911407e-06,1.2560387628e-08
1200,adam,1.1783578987e-06,1.1721492711e-06,1.2417255150e-08
1201,adam,1.3288976118e-06,1.3227218081e-06,1.2351607366e-08
1202,adam,1.4118731629e-06,1.4056034232e-06,1.2539479293e-08
1203,adam,1.2210354917e-06,1.2148651237e-06,1.2340736083e-08
1204,adam,1.1941490176e-06,1.1879549760e-06,1.2388083038e-08
1205,adam,1.2512329701e-06,1.2449975056e-06,1.2470928912e-08
1206,adam,1.2285476261e-06,1.2223941026e-06,1.2307047118e-08
1207,adam,1.1880242596e-06,1.1818132392e-06,1.2422040936e-08
1208,adam,1.1424895635e-06,1.1362909616e-06,1.2397203700e-08
1209,adam,1.1615115238e-06,1.1553587208e-06,1.2305606157e-08
1210,adam,1.2291557183e-06,1.2229340984e-06,1.2443239859e-08
1211,adam,1.2031377771e-06,1.1969777739e-06,1.2320006332e-08
1212,adam,1.2114600685e-06,1.2052827414e-06,1.2354654287e-08
1213,adam,1.3949782008e-06,1.3887805524e-06,1.2395296910e-08
1214,adam,1.6645201236e-06,1.6583532107e-06,1.2333825964e-08
1215,adam,2.0977226975e-06,2.0915299270e-06,1.2385540886e-08
1216,adam,3.0717258204e-06,3.0655044105e-06,1.2442819777e-08
1217,adam,5.1144907179e-06,5.1082915560e-06,1.2398323966e-08
1218,adam,9.2993370488e-06,9.2929714734e-06,1.2731150608e-08
1219,adam,1.8076768975e-05,1.8070373473e-05,1.2791002776e-08
1220,adam,3.6371544839e-05,3.6364688576e-05,1.3712527040e-08
1221,adam,7.2806692487e-05,7.2799365326e-05,1.4654321997e-08
1222,adam,1.3831465724e-04,1.3830596329e-04,1.7387903487e-08
1223,adam,2.2972713468e-04,2.2971710841e-04,2.0052537553e-08
1224,adam,2.9618443724e-04,2.9617286912e-04,2.3136237853e-08
1225,adam,2.3873263637e-04,2.3872249624e-04,2.0280260009e-08
1226,adam,8.8566117571e-05,8.8558547413e-05,1.5140316507e-08
1227,adam,3.8917275450e-05,3.8910926286e-05,1.2698328280e-08
1228,adam,1.3799519311e-04,1.3798733372e-04,1.5718797064e-08
1229,adam,1.8244359865e-04,1.8243481608e-04,1.7565136655e-08
1230,adam,9.7917152655e-05,9.7910111857e-05,1.4081595292e-08
1231,adam,5.7526296322e-05,5.7519854054e-05,1.2884536185e-08
1232,adam,1.0877425061e-04,1.0876644157e-04,1.5618097854e-08
1233,adam,8.6926137735e-05,8.6918625158e-05,1.5025155751e-08
1234,adam,1.3958484802e-05,1.3951976959e-05,1.3015685485e-08
1235,adam,2.7082260797e-05,2.7075439316e-05,1.3642963357e-08
1236,adam,5.5793600010e-05,5.5786352526e-05,1.4494969676e-08
1237,adam,2.3745460263e-05,2.3738784156e-05,1.3352213421e-08
1238,adam,2.4115558295e-05,2.4109082004e-05,1.2952582047e-08
1239,adam,5.5745102584e-05,5.5738126400e-05,1.3952368773e-08
1240,adam,3.6053472779e-05,3.6046821737e-05,1.3302083888e-08
1241,adam,1.6683117173e-05,1.6676670326e-05,1.2893693804e-08
1242,adam,2.9631077621e-05,2.9624314458e-05,1.3526326632e-08
1243,adam,1.8407613030e-05,1.8400993496e-05,1.3239068050e-08
1244,adam,3.4830487665e-06,3.4766438513e-06,1.2809830550e-08
1245,adam,1.7975147425e-05,1.7968507704e-05,1.3279441766e-08
1246,adam,1.9860843109e-05,1.9854287312e-05,1.3111592249e-08
1247,adam,1.0668549473e-05,1.0662160978e-05,1.2776990322e-08
1248,adam,1.8218875254e-05,1.8212329873e-05,1.3090760841e-08
1249,adam,1.7222199820e-05,1.7215726509e-05,1.2946621410e-08
1250,adam,5.8517496961e-06,5.8453467149e-06,1.2805962417e-08
1251,adam,7.8926274876e-06,7.8861636265e-06,1.2927722177e-08
1252,adam,9.1777685245e-06,9.1713275158e-06,1.2882017380e-08
1253,adam,3.4803164342e-06,3.4739331138e-06,1.2766640975e-08
1254,adam,6.8644953892e-06,6.8580792015e-06,1.2832375566e-08
1255,adam,1.0394108036e-05,1.0387695933e-05,1.2824206478e-08
1256,adam,6.1982601633e-06,6.1919090642e-06,1.2702198301e-08
1257,adam,6.2733425926e-06,6.2669505025e-06,1.2784180176e-08
1258,adam,7.4533288575e-06,7.4469644672e-06,1.2728780691e-08
1259,adam,3.4564647741e-06,3.4501207166e-06,1.2688114987e-08
1260,adam,2.4853298442e-06,2.4789760983e-06,1.2707491883e-08
1261,adam,4.4070980673e-06,4.4007615553e-06,1.2673023909e-08
1262,adam,3.1226581232e-06,3.1163179451e-06,1.2680356239e-08
1263,adam,2.8272031404e-06,2.8208738658e-06,1.2658549299e-08
1264,adam,4.7154884268e-06,4.7091739681e-06,1.2628917345e-08
1265,adam,4.0403514006e-06,4.0340106039e-06,1.2681593534e-08
1266,adam,2.8271444402e-06,2.8208236892e-06,1.2641502162e-08
1267,adam,3.3130186119e-06,3.3067190330e-06,1.2599157706e-08
1268,adam,2.7736164162e-06,2.7672769042e-06,1.2679024085e-08
1269,adam,1.5756301919e-06,1.5693264095e-06,1.2607564874e-08
1270,adam,1.8828179488e-06,1.8765228274e-06,1.2590242864e-08
1271,adam,2.1717194065e-06,2.1653856646e-06,1.2667483968e-08
1272,adam,1.7256661678e-06,1.7193674402e-06,1.2597455185e-08
1273,adam,1.9700963644e-06,1.9637998777e-06,1.2592973287e-08
1274,adam,2.3676343529e-06,2.3613049680e-06,1.2658769748e-08
1275,adam,2.0781714537e-06,2.0718709169e-06,1.2601073592e-08
1276,adam,1.8645652517e-06,1.8582699736e-06,1.2590556201e-08
1277,adam,1.9364547865e-06,1.9301262371e-06,1.2657098950e-08
1278,adam,1.6658270878e-06,1.6595293526e-06,1.2595470468e-08
1279,adam,1.3722817852e-06,1.3659840447e-06,1.2595480971e-08
1280,adam,1.3579075393e-06,1.3515789911e-06,1.2657096318e-08
1281,adam,1.3131239596e-06,1.3068305221e-06,1.2586875110e-08
1282,adam,1.2149778892e-06,1.2086725741e-06,1.2610630201e-08
1283,adam,1.2606308374e-06,1.2543068099e-06,1.2648055041e-08
1284,adam,1.3266587613e-06,1.3203647517e-06,1.2588019042e-08
1285,adam,1.3150719748e-06,1.3087555021e-06,1.2632945332e-08
1286,adam,1.3501504553e-06,1.3438322874e-06,1.2636335872e-08
1287,adam,1.3666029999e-06,1.3603030132e-06,1.2599973369e-08
1288,adam,1.3240972588e-06,1.3177750359e-06,1.2644445935e-08
1289,adam,1.2914744999e-06,1.2851613266e-06,1.2626346603e-08
1290,adam,1.2846928383e-06,1.2783872468e-06,1.2611183110e-08
1291,adam,1.2056539800e-06,1.1993251106e-06,1.2657738778e-08
1292,adam,1.1423664112e-06,1.1360557926e-06,1.2621237200e-08
1293,adam,1.1352422560e-06,1.1289303365e-06,1.2623839050e-08
1294,adam,1.1021043045e-06,1.0957747553e-06,1.2659098267e-08
1295,adam,1.0263332985e-06,1.0200249068e-06,1.2616783345e-08
1296,adam,1.0157087241e-06,1.0093910303e-06,1.2635387713e-08
1297,adam,1.0325683661e-06,1.0262398187e-06,1.2657094742e-08
1298,adam,9.9649027801e-07,9.9018357471e-07,1.2613406614e-08
1299,adam,9.5788410205e-07,9.5155832724e-07,1.2651549625e-08
1300,adam,9.7788738169e-07,9.7156713684e-07,1.2640489701e-08
1301,adam,9.9515493511e-07,9.8884408262e-07,1.2621704973e-08
1302,adam,9.6382163198e-07,9.5749304271e-07,1.2657178538e-08
1303,adam,9.4855172729e-07,9.4223853075e-07,1.2626393085e-08
1304,adam,9.7465385960e-07,9.6833745169e-07,1.2632815823e-08
1305,adam,9.8738146917e-07,9.8105540053e-07,1.2652137280e-08
1306,adam,9.6474282766e-07,9.5843072025e-07,1.2624214818e-08
1307,adam,9.6594399206e-07,9.5962450453e-07,1.2638975041e-08
1308,adam,9.9286843507e-07,9.8654381399e-07,1.2649242170e-08
1309,adam,1.0126110791e-06,1.0063031500e-06,1.2615858270e-08
1310,adam,1.0135149043e-06,1.0071868050e-06,1.2656198649e-08
1311,adam,1.0425677195e-06,1.0362563700e-06,1.2622698979e-08
1312,adam,1.0955925816e-06,1.0892746338e-06,1.2635895637e-08
1313,adam,1.1692105239e-06,1.1628907226e-06,1.2639602506e-08
1314,adam,1.2518673512e-06,1.2455525943e-06,1.2629513762e-08
1315,adam,1.3970614621e-06,1.3907489526e-06,1.2625019194e-08
1316,adam,1.6140552513e-06,1.6077286631e-06,1.2653176397e-08
1317,adam,1.9588624556e-06,1.9525621913e-06,1.2600528541e-08
1318,adam,2.4533901281e-06,2.4470530052e-06,1.2674245777e-08
1319,adam,3.2519651516e-06,3.2456671292e-06,1.2596044762e-08
1320,adam,4.4755658457e-06,4.4692221987e-06,1.2687293980e-08
1321,adam,6.4497045306e-06,6.4434018079e-06,1.2605445492e-08
1322,adam,9.5158161235e-06,9.5094483108e-06,1.2735625434e-08
1323,adam,1.4503889739e-05,1.4497584689e-05,1.2610100360e-08
1324,adam,2.2315171131e-05,2.2308729474e-05,1.2883314265e-08
1325,adam,3.4929012405e-05,3.4922684414e-05,1.2655982419e-08
1326,adam,5.4063654262e-05,5.4057032200e-05,1.3244125638e-08
1327,adam,8.3031437715e-05,8.3024989975e-05,1.2895479720e-08
1328,adam,1.2179547507e-04,1.2178846279e-04,1.4024546423e-08
1329,adam,1.6994856601e-04,1.6994180992e-04,1.3512185832e-08
1330,adam,2.1146250766e-04,2.1145480295e-04,1.5409428511e-08
1331,adam,2.3045891456e-04,2.3045178394e-04,1.4261233551e-08
1332,adam,2.0030466990e-04,2.0029637940e-04,1.6580998511e-08
1333,adam,1.3203852039e-04,1.3203142879e-04,1.4183190569e-08
1334,adam,5.8367471264e-05,5.8359370514e-05,1.6201500944e-08
1335,adam,2.3989969679e-05,2.3983353269e-05,1.3232819834e-08
1336,adam,3.9467588568e-05,3.9460339254e-05,1.4498627846e-08
1337,adam,7.6841619965e-05,7.6835234944e-05,1.2770041669e-08
1338,adam,9.4990887828e-05,9.4984271200e-05,1.3233256691e-08
1339,adam,7.1584782855e-05,7.1578112373e-05,1.3340964580e-08
1340,adam,2.8919145289e-05,2.8912747013e-05,1.2796551657e-08
1341,adam,5.0773690753e-06,5.0705566127e-06,1.3624925104e-08
1342,adam,1.6671556123e-05,1.6665221260e-05,1.2669724308e-08
1343,adam,4.3205243446e-05,4.3198518608e-05,1.3449675393e-08
1344,adam,5.1930322102e-05,5.1923909152e-05,1.2825899994e-08
1345,adam,3.4100877394e-05,3.4094365864e-05,1.3023060131e-08
1346,adam,8.9462099146e-06,8.9397900039e-06,1.2839821539e-08
1347,adam,1.6720570504e-06,1.6657007933e-06,1.2712514301e-08
1348,adam,1.4439872407e-05,1.4433381171e-05,1.2982472203e-08
1349,adam,2.8186123862e-05,2.8179804558e-05,1.2638606408e-08
1350,adam,2.6817204611e-05,2.6810674073e-05,1.3061074764e-08
1351,adam,1.2731203811e-05,1.2724905483e-05,1.2596656342e-08
1352,adam,2.1320695469e-06,2.1256097980e-06,1.2919497788e-08
1353,adam,4.1379644951e-06,4.1316507103e-06,1.2627569567e-08
1354,adam,1.2769237684e-05,1.2762850483e-05,1.2774401745e-08
1355,adam,1.6443326017e-05,1.6436923362e-05,1.2805308242e-08
1356,adam,1.1182768663e-05,1.1176472442e-05,1.2592443145e-08
1357,adam,3.8778627573e-06,3.8713979565e-06,1.2929601584e-08
1358,adam,2.0775977878e-06,2.0713252050e-06,1.2545165423e-08
1359,adam,5.9895247583e-06,5.9830547891e-06,1.2939938361e-08
1360,adam,9.6019204666e-06,9.5956116694e-06,1.2617594483e-08
1361,adam,8.3315310364e-06,8.3251348362e-06,1.2792400369e-08
1362,adam,3.9711509786e-06,3.9648025539e-06,1.2696849294e-08
1363,adam,1.1954218952e-06,1.1891114067e-06,1.2620977097e-08
1364,adam,2.2917992424e-06,2.2853894945e-06,1.2819495772e-08
1365,adam,5.1132338449e-06,5.1069406916e-06,1.2586306783e-08
1366,adam,6.1570932754e-06,6.1506482450e-06,1.2890060821e-08
1367,adam,4.5754413021e-06,4.5691446965e-06,1.2593211174e-08
1368,adam,2.2687796157e-06,2.2623586937e-06,1.2841843902e-08
1369,adam,1.5340761762e-06,1.5277833048e-06,1.2585742855e-08
1370,adam,2.5221172561e-06,2.5157318525e-06,1.2770807183e-08
1371,adam,3.5878127997e-06,3.5815192337e-06,1.2587132012e-08
1372,adam,3.4244584591e-06,3.4180980690e-06,1.2720780208e-08
1373,adam,2.1546120591e-06,2.1483200583e-06,1.2584001554e-08
1374,adam,1.1028763275e-06,1.0965348857e-06,1.2682883527e-08
1375,adam,1.0980236465e-06,1.0917261973e-06,1.2594898227e-08
1376,adam,1.8321461642e-06,1.8258227766e-06,1.2646775202e-08
1377,adam,2.3834094497e-06,2.3770986697e-06,1.2621560087e-08
1378,adam,2.1503687528e-06,2.1440707628e-06,1.2595980087e-08
1379,adam,1.4506443352e-06,1.4443224575e-06,1.2643755366e-08
1380,adam,9.3584090106e-07,9.2956929898e-07,1.2543204153e-08
1381,adam,1.0280957613e-06,1.0217587222e-06,1.2674078171e-08
1382,adam,1.5349100811e-06,1.5286539374e-06,1.2512287296e-08
1383,adam,1.9705368378e-06,1.9641745675e-06,1.2724540487e-08
1384,adam,2.1156186992e-06,2.1093744620e-06,1.2488474287e-08
1385,adam,2.1265267255e-06,2.1201168711e-06,1.2819708807e-08
1386,adam,2.5111281731e-06,2.5048961752e-06,1.2463995750e-08
1387,adam,3.7799196787e-06,3.7733836372e-06,1.3072082891e-08
1388,adam,6.4655324992e-06,6.4592721762e-06,1.2520645917e-08
1389,adam,1.1526965943e-05,1.1520056369e-05,1.3819148421e-08
1390,adam,2.1040910071e-05,2.1034377004e-05,1.3066133960e-08
1391,adam,3.9122954480e-05,3.9114860619e-05,1.6187721853e-08
1392,adam,7.1978351489e-05,7.1970533474e-05,1.5636029429e-08
1393,adam,1.2477722893e-04,1.2476580436e-04,2.2849155866e-08
1394,adam,1.8356444537e-04,1.8355350156e-04,2.1887605230e-08
1395,adam,2.0761416368e-04,2.0759948792e-04,2.9351513882e-08
1396,adam,1.3306345506e-04,1.3305396592e-04,1.8978277185e-08
1397,adam,2.6033050705e-05,2.6025262199e-05,1.5577012107e-08
1398,adam,1.3548960949e-05,1.3541831694e-05,1.4258510179e-08
1399,adam,7.8656223885e-05,7.8648353542e-05,1.5740686461e-08
1400,adam,7.9229034511e-05,7.9218834453e-05,2.0400116240e-08
1401,adam,1.4054119624e-05,1.4047757721e-05,1.2723806666e-08
1402,adam,1.5968593742e-05,1.5962196650e-05,1.2794184466e-08
1403,adam,5.7417437862e-05,5.7408131491e-05,1.8612741447e-08
1404,adam,3.2265414405e-05,3.2258685479e-05,1.3457852071e-08
1405,adam,2.6330626154e-06,2.6266644522e-06,1.2796326541e-08
1406,adam,2.9642052320e-05,2.9634051753e-05,1.6001134114e-08
1407,adam,3.2816311558e-05,3.2809468140e-05,1.3686836756e-08
1408,adam,4.5146792853e-06,4.5080492217e-06,1.3260127131e-08
1409,adam,1.3694165971e-05,1.3686977771e-05,1.4376401038e-08
1410,adam,2.6670043412e-05,2.6663320928e-05,1.3444968214e-08
1411,adam,7.6727423541e-06,7.6658969417e-06,1.3690824831e-08
1412,adam,5.8792807942e-06,5.8725314440e-06,1.3498700544e-08
1413,adam,1.9453323838e-05,1.9446751166e-05,1.3145343352e-08
1414,adam,9.6505872238e-06,9.6436165312e-06,1.3941385294e-08
1415,adam,2.6633981964e-06,2.6568732205e-06,1.3049951814e-08
1416,adam,1.3215803853e-05,1.3209346708e-05,1.2914289579e-08
1417,adam,1.0112248168e-05,1.0105281864e-05,1.3932608263e-08
1418,adam,1.7389740439e-06,1.7325721212e-06,1.2803845373e-08
1419,adam,8.3055696842e-06,8.2991920144e-06,1.2755339762e-08
1420,adam,9.3910910151e-06,9.3841671823e-06,1.3847665436e-08
1421,adam,1.9461567364e-06,1.9398237648e-06,1.2665943224e-08
1422,adam,4.9047300517e-06,4.8984358738e-06,1.2588355662e-08
1423,adam,8.1358217230e-06,8.1289631623e-06,1.3717121318e-08
1424,adam,2.6529713455e-06,2.6466842487e-06,1.2574193699e-08
1425,adam,2.6346543875e-06,2.6283760604e-06,1.2556654198e-08
1426,adam,6.3203701588e-06,6.3136400278e-06,1.3460261958e-08
1427,adam,3.3592345898e-06,3.3529669295e-06,1.2535320565e-08
1428,adam,1.4955815108e-06,1.4892803289e-06,1.2602363792e-08
1429,adam,4.3422378779e-06,4.3356327887e-06,1.3210178448e-08
1430,adam,3.7719459434e-06,3.7657071681e-06,1.2477550744e-08
1431,adam,1.3384431551e-06,1.3321058393e-06,1.2674631474e-08
1432,adam,2.5289898688e-06,2.5225301153e-06,1.2919507007e-08
1433,adam,3.5575302161e-06,3.5513225433e-06,1.2415345515e-08
1434,adam,1.8529460729e-06,1.8465552630e-06,1.2781619705e-08
1435,adam,1.3904331803e-06,1.3841045432e-06,1.2657274273e-08
1436,adam,2.6716104947e-06,2.6654106916e-06,1.2399606127e-08
1437,adam,2.3866168772e-06,2.3801943660e-06,1.2845022382e-08
1438,adam,1.1976574902e-06,1.1914226988e-06,1.2469582787e-08
1439,adam,1.5839296615e-06,1.5777372191e-06,1.2384884853e-08
1440,adam,2.3063167024e-06,2.2999206313e-06,1.2792142153e-08
1441,adam,1.6611898476e-06,1.6550106261e-06,1.2358443059e-08
1442,adam,1.0961194568e-06,1.0898982833e-06,1.2442347029e-08
1443,adam,1.6888679949e-06,1.6825455661e-06,1.2644857640e-08
1444,adam,2.0678323631e-06,2.0616810023e-06,1.2302721603e-08
1445,adam,1.6502757319e-06,1.6439975204e-06,1.2556423032e-08
1446,adam,1.7424765910e-06,1.7362469249e-06,1.2459332336e-08
1447,adam,2.8512634908e-06,2.8450919409e-06,1.2343099740e-08
1448,adam,4.3268177638e-06,4.3204796261e-06,1.2676275297e-08
1449,adam,6.7122646639e-06,6.7060053933e-06,1.2518541168e-08
1450,adam,1.2364466289e-05,1.2358086629e-05,1.2759319962e-08
1451,adam,2.4669703435e-05,2.4663005083e-05,1.3396702332e-08
1452,adam,5.0015827113e-05,5.0008790108e-05,1.4074009439e-08
1453,adam,9.8975596078e-05,9.8967463669e-05,1.6264819108e-08
1454,adam,1.8423676032e-04,1.8422708706e-04,1.9346528321e-08
1455,adam,2.9099625005e-04,2.9098441780e-04,2.3664509790e-08
1456,adam,3.3156562597e-04,3.3155290739e-04,2.5437169905e-08
1457,adam,2.0680076087e-04,2.0679048434e-04,2.0553060270e-08
1458,adam,2.8854643091e-05,2.8847715932e-05,1.3854319517e-08
1459,adam,3.6101885795e-05,3.6094845317e-05,1.4080957291e-08
1460,adam,1.4896773874e-04,1.4895854252e-04,1.8392435922e-08
1461,adam,1.1234934635e-04,1.1234067108e-04,1.7350531524e-08
1462,adam,8.5132271964e-06,8.5066931713e-06,1.3068050222e-08
1463,adam,4.9193463378e-05,4.9186091642e-05,1.4743473218e-08
1464,adam,9.6651312098e-05,9.6642934826e-05,1.6754543800e-08
1465,adam,2.6316261478e-05,2.6309382319e-05,1.3758319439e-08
1466,adam,1.5195414451e-05,1.5188671156e-05,1.3486588637e-08
1467,adam,6.6977864874e-05,6.6970114540e-05,1.5500668705e-08
1468,adam,3.0612927746e-05,3.0605989781e-05,1.3875928821e-08
1469,adam,5.6306196980e-06,5.6240983200e-06,1.3042756042e-08
1470,adam,4.4802741681e-05,4.4795488451e-05,1.4506459931e-08
1471,adam,2.6591265602e-05,2.6584355202e-05,1.3820799052e-08
1472,adam,3.0044039921e-06,2.9979585919e-06,1.2890800354e-08
1473,adam,3.0631378040e-05,3.0624437394e-05,1.3881291964e-08
1474,adam,2.0679994397e-05,2.0673196211e-05,1.3596371756e-08
1475,adam,2.4832331264e-06,2.4767983669e-06,1.2869518941e-08
1476,adam,2.2201552393e-05,2.2194777886e-05,1.3549012772e-08
1477,adam,1.5462098907e-05,1.5455410865e-05,1.3376083428e-08
1478,adam,2.2407900577e-06,2.2343778987e-06,1.2824317929e-08
1479,adam,1.6509029580e-05,1.6502375719e-05,1.3307723188e-08
1480,adam,1.1369513177e-05,1.1362904600e-05,1.3217153362e-08
1481,adam,1.8892098898e-06,1.8828428381e-06,1.2734103329e-08
1482,adam,1.2291507383e-05,1.2284934953e-05,1.3144861090e-08
1483,adam,8.3688902892e-06,8.3623493471e-06,1.3081884303e-08
1484,adam,1.6768203208e-06,1.6704826378e-06,1.2675366161e-08
1485,adam,9.2822854476e-06,9.2758052960e-06,1.2960303068e-08
1486,adam,6.3486907905e-06,6.3422377373e-06,1.2906106360e-08
1487,adam,1.6040353535e-06,1.5977213054e-06,1.2628096200e-08
1488,adam,7.0787218944e-06,7.0723165918e-06,1.2810605277e-08
1489,adam,4.9982727095e-06,4.9919029081e-06,1.2739602734e-08
1490,adam,1.4884707957e-06,1.4822110720e-06,1.2519447409e-08
1491,adam,5.4084217119e-06,5.4020799075e-06,1.2683608750e-08
1492,adam,4.0045319024e-06,3.9982302403e-06,1.2603324341e-08
1493,adam,1.3019368228e-06,1.2957247214e-06,1.2424202874e-08
1494,adam,4.1227902655e-06,4.1165394424e-06,1.2501646113e-08
1495,adam,3.3434282853e-06,3.3371825540e-06,1.2491462607e-08
1496,adam,1.1348226136e-06,1.1286497891e-06,1.2345648905e-08
1497,adam,3.0940076171e-06,3.0878283135e-06,1.2358607058e-08
1498,adam,2.9005338080e-06,2.8943504383e-06,1.2366739490e-08
1499,adam,1.1023625490e-06,1.0962376207e-06,1.2249856606e-08
1500,adam,2.3408963023e-06,2.3347776241e-06,1.2237356390e-08
1501,adam,2.5191218123e-06,2.5129908703e-06,1.2261883998e-08
1502,adam,1.1058532013e-06,1.0997780971e-06,1.2150208406e-08
1503,adam,1.8044688047e-06,1.7984066937e-06,1.2124221984e-08
1504,adam,2.2351432170e-06,2.2290542864e-06,1.2177861244e-08
1505,adam,1.1481512747e-06,1.1421199683e-06,1.2062612696e-08
1506,adam,1.3929931846e-06,1.3869716856e-06,1.2042998001e-08
1507,adam,1.9511941211e-06,1.9451534629e-06,1.2081316334e-08
1508,adam,1.2233869039e-06,1.2173914969e-06,1.1990813963e-08
1509,adam,1.1264118416e-06,1.1204284027e-06,1.1966877735e-08
1510,adam,1.6715515179e-06,1.6655504779e-06,1.2002080119e-08
1511,adam,1.2958394618e-06,1.2898800312e-06,1.1918861187e-08
1512,adam,9.9132976960e-07,9.8537721648e-07,1.1905106238e-08
1513,adam,1.3957206459e-06,1.3897659457e-06,1.1909400253e-08
1514,adam,1.3356522040e-06,1.3297211572e-06,1.1862093775e-08
1515,adam,9.8196991807e-07,9.7604883388e-07,1.1842168367e-08
1516,adam,1.1965913475e-06,1.1906693717e-06,1.1843951465e-08
1517,adam,1.3396976461e-06,1.3338026520e-06,1.1789988225e-08
1518,adam,1.0795153550e-06,1.0736177786e-06,1.1795152831e-08
1519,adam,1.1047861925e-06,1.0989091444e-06,1.1754096278e-08
1520,adam,1.3634219272e-06,1.3575498698e-06,1.1744114797e-08
1521,adam,1.3094911726e-06,1.3036311575e-06,1.1720030281e-08
1522,adam,1.2931460825e-06,1.2872900973e-06,1.1711970344e-08
1523,adam,1.6000575730e-06,1.5942253900e-06,1.1664365917e-08
1524,adam,1.8980176942e-06,1.8921741992e-06,1.1686989951e-08
1525,adam,2.1415037170e-06,2.1356934844e-06,1.1620465247e-08
1526,adam,2.7918178268e-06,2.7859994552e-06,1.1636743083e-08
1527,adam,3.8365177084e-06,3.8307186006e-06,1.1598215606e-08
1528,adam,5.3111606151e-06,5.3053477030e-06,1.1625824191e-08
1529,adam,7.6281462049e-06,7.6223748930e-06,1.1542623811e-08
1530,adam,1.1580186228e-05,1.1574358191e-05,1.1656074092e-08
1531,adam,1.7716197327e-05,1.7710436359e-05,1.1521936468e-08
1532,adam,2.7613518482e-05,2.7607656954e-05,1.1723056408e-08
1533,adam,4.3115209308e-05,4.3109418003e-05,1.1582610059e-08
1534,adam,6.7747038434e-05,6.7741065021e-05,1.1946825586e-08
1535,adam,1.0344536051e-04,1.0343945681e-04,1.1807388943e-08
1536,adam,1.5387296245e-04,1.5386674364e-04,1.2437621190e-08
1537,adam,2.1142753257e-04,2.1142143772e-04,1.2189708333e-08
1538,adam,2.6478187005e-04,2.6477536280e-04,1.3014494226e-08
1539,adam,2.7611996284e-04,2.7611382738e-04,1.2270936185e-08
1540,adam,2.2894587396e-04,2.2893945449e-04,1.2838933499e-08
1541,adam,1.2765407058e-04,1.2764827723e-04,1.1586700938e-08
1542,adam,3.5489452534e-05,3.5483361286e-05,1.2182495626e-08
1543,adam,6.8256496634e-06,6.8199993832e-06,1.1300560273e-08
1544,adam,4.4751694871e-05,4.4745572975e-05,1.2243792787e-08
1545,adam,9.9795681103e-05,9.9789840426e-05,1.1681354221e-08
1546,adam,1.1453364082e-04,1.1452751775e-04,1.2246139802e-08
1547,adam,7.6956709286e-05,7.6950851375e-05,1.1715822418e-08
1548,adam,2.3469167446e-05,2.3463296818e-05,1.1741256445e-08
1549,adam,3.8039299957e-06,3.7981424038e-06,1.1575183730e-08
1550,adam,2.5551934686e-05,2.5546135137e-05,1.1599098256e-08
1551,adam,5.3870788719e-05,5.3864951304e-05,1.1674829988e-08
1552,adam,5.4324793212e-05,5.4319020490e-05,1.1545444469e-08
1553,adam,2.7261183481e-05,2.7255441889e-05,1.1483185371e-08
1554,adam,4.0196805395e-06,4.0139777210e-06,1.1405637188e-08
1555,adam,6.4723178291e-06,6.4665961046e-06,1.1443449095e-08
1556,adam,2.5009938934e-05,2.5004203068e-05,1.1471732206e-08
1557,adam,3.4506630135e-05,3.4500854880e-05,1.1550509409e-08
1558,adam,2.4031770462e-05,2.4026083638e-05,1.1373649012e-08
1559,adam,7.2103464485e-06,7.2046194216e-06,1.1454053913e-08
1560,adam,2.0295956745e-06,2.0239995778e-06,1.1192193437e-08
1561,adam,1.0399250737e-05,1.0393534086e-05,1.1433301959e-08
1562,adam,1.8951683609e-05,1.8946095243e-05,1.1176732404e-08
1563,adam,1.6683399329e-05,1.6677696540e-05,1.1405576336e-08
1564,adam,7.1153139618e-06,7.1097515056e-06,1.1124912447e-08
1565,adam,1.2192519534e-06,1.2136081181e-06,1.1287670763e-08
1566,adam,3.9749798785e-06,3.9694243431e-06,1.1111070885e-08
1567,adam,9.8702396680e-06,9.8646381802e-06,1.1202975604e-08
1568,adam,1.1022231233e-05,1.1016649534e-05,1.1163396709e-08
1569,adam,6.5231260101e-06,6.5175811155e-06,1.1089789254e-08
1570,adam,1.8672066620e-06,1.8616101911e-06,1.1192941975e-08
1571,adam,1.8608492947e-06,1.8553663191e-06,1.0965951067e-08
1572,adam,5.3931008058e-06,5.3874772847e-06,1.1247042205e-08
1573,adam,7.8017633420e-06,7.7963146241e-06,1.0897435894e-08
1574,adam,6.7645202552e-06,6.7588759278e-06,1.1288654753e-08
1575,adam,4.1736695654e-06,4.1682504079e-06,1.0838315187e-08
1576,adam,3.6140072269e-06,3.6083323615e-06,1.1349730836e-08
1577,adam,6.2040568511e-06,6.1986443656e-06,1.0824970962e-08
1578,adam,1.0353768647e-05,1.0347992250e-05,1.1552794995e-08
1579,adam,1.4266350161e-05,1.4260907559e-05,1.0885204664e-08
1580,adam,1.8677730709e-05,1.8671714611e-05,1.2032195924e-08
1581,adam,2.6054001666e-05,2.6048415930e-05,1.1171470521e-08
1582,adam,3.8974984664e-05,3.8968471344e-05,1.3026639705e-08
1583,adam,5.5724539392e-05,5.5718561348e-05,1.1956089722e-08
1584,adam,7.1581417576e-05,7.1574280968e-05,1.4273217204e-08
1585,adam,7.5003516860e-05,7.4997192866e-05,1.2647986201e-08
1586,adam,5.9631112678e-05,5.9624311084e-05,1.3603187162e-08
1587,adam,3.1481153677e-05,3.1475320312e-05,1.1666729331e-08
1588,adam,1.1475361895e-05,1.1469808876e-05,1.1106036785e-08
1589,adam,1.5024464870e-05,1.5018522019e-05,1.1885701679e-08
1590,adam,3.0202170306e-05,3.0196618067e-05,1.1104478526e-08
1591,adam,3.3724372382e-05,3.3717966207e-05,1.2812350283e-08
1592,adam,1.8299180544e-05,1.8293789457e-05,1.0782174487e-08
1593,adam,3.8069076959e-06,3.8014234694e-06,1.0968452991e-08
1594,adam,5.5759444638e-06,5.5704266936e-06,1.1035540380e-08
1595,adam,1.4841583053e-05,1.4836251287e-05,1.0663532198e-08
1596,adam,1.5488609619e-05,1.5482721390e-05,1.1776457736e-08
1597,adam,8.3387390400e-06,8.3334493390e-06,1.0579401943e-08
1598,adam,5.9215207219e-06,5.9160027265e-06,1.1035990841e-08
1599,adam,9.7621996704e-06,9.7566338137e-06,1.1131713466e-08
1600,adam,1.0634614808e-05,1.0629208083e-05,1.0813451239e-08
1601,adam,5.5099031632e-06,5.5044217399e-06,1.0962846789e-08
1602,adam,2.1121058422e-06,2.1067973006e-06,1.0617083173e-08
1603,adam,4.6287543893e-06,4.6234333325e-06,1.0642113712e-08
1604,adam,7.6229961451e-06,7.6174941955e-06,1.1003899172e-08
1605,adam,6.1578305144e-06,6.1524821056e-06,1.0696817537e-08
1606,adam,3.0901305803e-06,3.0848239491e-06,1.0613262409e-08
1607,adam,3.1620029984e-06,3.1565748042e-06,1.0856388308e-08
1608,adam,5.1621712617e-06,5.1569531273e-06,1.0436268815e-08
1609,adam,4.9680095474e-06,4.9625397020e-06,1.0939690941e-08
1610,adam,2.4842287994e-06,2.4790368033e-06,1.0383992358e-08
1611,adam,1.1496513000e-06,1.1444184408e-06,1.0465718467e-08
1612,adam,2.2848983793e-06,2.2795777042e-06,1.0641350090e-08
1613,adam,3.6300525514e-06,3.6248837598e-06,1.0337583140e-08
1614,adam,3.2628106850e-06,3.2574434477e-06,1.0734474595e-08
1615,adam,2.1023532604e-06,2.0972040636e-06,1.0298393439e-08
1616,adam,1.9588180070e-06,1.9535742256e-06,1.0487562796e-08
1617,adam,2.7970531916e-06,2.7918296130e-06,1.0447157200e-08
1618,adam,3.1946153962e-06,3.1894103851e-06,1.0410022265e-08
1619,adam,2.5462738724e-06,2.5410688835e-06,1.0409977866e-08
1620,adam,1.7079828272e-06,1.7027953488e-06,1.0374956811e-08
1621,adam,1.5837470386e-06,1.5786410029e-06,1.0212071248e-08
1622,adam,2.0144445809e-06,2.0092179048e-06,1.0453352262e-08
1623,adam,2.2079891207e-06,2.2029175873e-06,1.0143066869e-08
1624,adam,1.8752945428e-06,1.8700906348e-06,1.0407816077e-08
1625,adam,1.4119362408e-06,1.4068720947e-06,1.0128292172e-08
1626,adam,1.3178861935e-06,1.3127556928e-06,1.0261001505e-08
1627,adam,1.5880468862e-06,1.5829533886e-06,1.0186995094e-08
1628,adam,1.8782665969e-06,1.8731652073e-06,1.0202779251e-08
1629,adam,1.9642934569e-06,1.9592022050e-06,1.0182503942e-08
1630,adam,1.9940242433e-06,1.9889091079e-06,1.0230270782e-08
1631,adam,2.3004909107e-06,2.2954376571e-06,1.0106507258e-08
1632,adam,3.1350508903e-06,3.1298545590e-06,1.0392662646e-08
1633,adam,4.6585960949e-06,4.6535418686e-06,1.0108452581e-08
1634,adam,7.1800131336e-06,7.1746360280e-06,1.0754211254e-08
1635,adam,1.1500463207e-05,1.1495269341e-05,1.0387730987e-08
1636,adam,1.9172740406e-05,1.9166905146e-05,1.1670520512e-08
1637,adam,3.2533862853e-05,3.2528102684e-05,1.1520337802e-08
1638,adam,5.5147522640e-05,5.5140409106e-05,1.4227069099e-08
1639,adam,8.8301875585e-05,8.8294518274e-05,1.4714623491e-08
1640,adam,1.2819185982e-04,1.2818215206e-04,1.9415512947e-08
1641,adam,1.4928602753e-04,1.4927686022e-04,1.8334626226e-08
1642,adam,1.2477643048e-04,1.2476665629e-04,1.9548392841e-08
1643,adam,5.3444454906e-05,5.3438096318e-05,1.2717175797e-08
1644,adam,4.2121013191e-06,4.2068306435e-06,1.0541351355e-08
1645,adam,2.2269177908e-05,2.2262956240e-05,1.2443335820e-08
1646,adam,6.0408029194e-05,6.0401466329e-05,1.3125729160e-08
1647,adam,5.1305129975e-05,5.1297673251e-05,1.4913448249e-08
1648,adam,1.1742791375e-05,1.1737385156e-05,1.0812438309e-08
1649,adam,8.3125044295e-06,8.3072370406e-06,1.0534777758e-08
1650,adam,3.4073346358e-05,3.4066460213e-05,1.3772289919e-08
1651,adam,3.1598927170e-05,3.1593063411e-05,1.1727518326e-08
1652,adam,6.8876555714e-06,6.8820229807e-06,1.1265181418e-08
1653,adam,7.2618160164e-06,7.2561534970e-06,1.1325038978e-08
1654,adam,2.4122067442e-05,2.4116282367e-05,1.1570149144e-08
1655,adam,1.8700203294e-05,1.8694001803e-05,1.2402981934e-08
1656,adam,2.9603367930e-06,2.9550207246e-06,1.0632136751e-08
1657,adam,7.4931557248e-06,7.4877564586e-06,1.0798532471e-08
1658,adam,1.7287694787e-05,1.7281531793e-05,1.2325988402e-08
1659,adam,1.0044502615e-05,1.0039038071e-05,1.0929087261e-08
1660,adam,2.0998141578e-06,2.0943742082e-06,1.0879899162e-08
1661,adam,7.7303676019e-06,7.7246188622e-06,1.1497479283e-08
1662,adam,1.1349140591e-05,1.1343571910e-05,1.1137361160e-08
1663,adam,4.8966295122e-06,4.8909899673e-06,1.1279089786e-08
1664,adam,2.2307715110e-06,2.2253128177e-06,1.0917386489e-08
1665,adam,7.0846932073e-06,7.0791924944e-06,1.1001425752e-08
1666,adam,7.3897574129e-06,7.3839876888e-06,1.1539448069e-08
1667,adam,2.4346279968e-06,2.4292244053e-06,1.0807183031e-08
1668,adam,2.3237443143e-06,2.3183421138e-06,1.0804401062e-08
1669,adam,5.7161846678e-06,5.7104893944e-06,1.1390546881e-08
1670,adam,4.7469575753e-06,4.7415218407e-06,1.0871469301e-08
1671,adam,1.7395719127e-06,1.7341046938e-06,1.0934437726e-08
1672,adam,2.3578788738e-06,2.3523660317e-06,1.1025684242e-08
1673,adam,4.1917602203e-06,4.1863528453e-06,1.0814749967e-08
1674,adam,3.1464115965e-06,3.1408344143e-06,1.1154364415e-08
1675,adam,1.3436391597e-06,1.3382535905e-06,1.0771138426e-08
1676,adam,1.9768806457e-06,1.9715131875e-06,1.0734916433e-08
1677,adam,3.2274976522e-06,3.2219455610e-06,1.1104182325e-08
1678,adam,2.4956724227e-06,2.4903210299e-06,1.0702785607e-08
1679,adam,1.2414634570e-06,1.2360559750e-06,1.0814964011e-08
1680,adam,1.5088364503e-06,1.5034204924e-06,1.0831915748e-08
1681,adam,2.3093369905e-06,2.3040025969e-06,1.0668787245e-08
1682,adam,2.0285720605e-06,2.0231131800e-06,1.0917760860e-08
1683,adam,1.2093690316e-06,1.2040515388e-06,1.0634985496e-08
1684,adam,1.1914504495e-06,1.1861206071e-06,1.0659684866e-08
1685,adam,1.7313460524e-06,1.7259421613e-06,1.0807782270e-08
1686,adam,1.7646813412e-06,1.7593829179e-06,1.0596846654e-08
1687,adam,1.2717859499e-06,1.2664213974e-06,1.0729105068e-08
1688,adam,1.0135131193e-06,1.0082020562e-06,1.0622126349e-08
1689,adam,1.2376835462e-06,1.2323978568e-06,1.0571378784e-08
1690,adam,1.4329914808e-06,1.4276327170e-06,1.0717527714e-08
1691,adam,1.2793468835e-06,1.2740829995e-06,1.0527768009e-08
1692,adam,1.0489543311e-06,1.0436481896e-06,1.0612282962e-08
1693,adam,1.0134703565e-06,1.0081817338e-06,1.0577245491e-08
1694,adam,1.1367403380e-06,1.1314916692e-06,1.0497337567e-08
1695,adam,1.2132486295e-06,1.2079337086e-06,1.0629841897e-08
1696,adam,1.1513595953e-06,1.1461316381e-06,1.0455914342e-08
1697,adam,1.0861959522e-06,1.0809151749e-06,1.0561554699e-08
1698,adam,1.1160969812e-06,1.1108569834e-06,1.0479995666e-08
1699,adam,1.2824659485e-06,1.2772161084e-06,1.0499680043e-08
1700,adam,1.6320857073e-06,1.6268378944e-06,1.0495625867e-08
1701,adam,2.2973118914e-06,2.2920458024e-06,1.0532177969e-08
1702,adam,3.6481106701e-06,3.6428702094e-06,1.0480921474e-08
1703,adam,6.6074808164e-06,6.6020819379e-06,1.0797757077e-08
1704,adam,1.3178959336e-05,1.3173623233e-05,1.0672206395e-08
1705,adam,2.7804771389e-05,2.7798850540e-05,1.1841697648e-08
1706,adam,5.9760520608e-05,5.9754415663e-05,1.2209889562e-08
1707,adam,1.2484269378e-04,1.2483464636e-04,1.6094832174e-08
1708,adam,2.3677894533e-04,2.3676950652e-04,1.8877620058e-08
1709,adam,3.6276990856e-04,3.6275666444e-04,2.6488242477e-08
1710,adam,3.6793579977e-04,3.6792353020e-04,2.4539135585e-08
1711,adam,1.7647924113e-04,1.7646953687e-04,1.9408504478e-08
1712,adam,2.2051477367e-05,2.2045622885e-05,1.1708965050e-08
1713,adam,1.1124283499e-04,1.1123538112e-04,1.4907736688e-08
1714,adam,1.9133538501e-04,1.9132533508e-04,2.0099873712e-08
1715,adam,7.0899287169e-05,7.0892534881e-05,1.3504577205e-08
1716,adam,2.1629684378e-05,2.1623896085e-05,1.1576587670e-08
1717,adam,1.2067640014e-04,1.2066782275e-04,1.7154778828e-08
1718,adam,9.0708036019e-05,9.0701079918e-05,1.3912202726e-08
1719,adam,1.7991930258e-05,1.7986220393e-05,1.1419730829e-08
1720,adam,7.8527975883e-05,7.8520657098e-05,1.4637569513e-08
1721,adam,8.1644559534e-05,8.1637918132e-05,1.3282805412e-08
1722,adam,2.6317289260e-05,2.6311610790e-05,1.1356941501e-08
1723,adam,6.4951378889e-05,6.4944497148e-05,1.3763481503e-08
1724,adam,6.6907296750e-05,6.6901091985e-05,1.2409530196e-08
1725,adam,2.7292306047e-05,2.7286578687e-05,1.1454719250e-08
1726,adam,5.6893187754e-05,5.6886736227e-05,1.2903053969e-08
1727,adam,5.2964363233e-05,5.2958303104e-05,1.2120258787e-08
1728,adam,2.2409135383e-05,2.2403558645e-05,1.1153477022e-08
1729,adam,4.3945273946e-05,4.3938932982e-05,1.2681927523e-08
1730,adam,3.4055540569e-05,3.4049705725e-05,1.1669689263e-08
1731,adam,1.3983754246e-05,1.3978091038e-05,1.1326417658e-08
1732,adam,2.8669220588e-05,2.8663152689e-05,1.2135797939e-08
1733,adam,1.6108830949e-05,1.6103181246e-05,1.1299405257e-08
1734,adam,6.7956482398e-06,6.7901218875e-06,1.1052704648e-08
1735,adam,1.8141140317e-05,1.8135173185e-05,1.1934263703e-08
1736,adam,6.4411692861e-06,6.4356613281e-06,1.1015915863e-08
1737,adam,4.6812374546e-06,4.6757751341e-06,1.0924641003e-08
1738,adam,1.3252949043e-05,1.3247187972e-05,1.1522142307e-08
1739,adam,4.3974766650e-06,4.3920726195e-06,1.0808091103e-08
1740,adam,6.5897234168e-06,6.5842813449e-06,1.0884143861e-08
1741,adam,1.1617563671e-05,1.1611984615e-05,1.1158113026e-08
1742,adam,5.1350858358e-06,5.1297446400e-06,1.0682391508e-08
1743,adam,8.8497626613e-06,8.8444059095e-06,1.0713503709e-08
1744,adam,1.0951902956e-05,1.0946421325e-05,1.0963262500e-08
1745,adam,6.0084321145e-06,6.0031492222e-06,1.0565784676e-08
1746,adam,9.7019592998e-06,9.6966126591e-06,1.0693281509e-08
1747,adam,1.0060030050e-05,1.0054664491e-05,1.0731116760e-08
1748,adam,6.5072666030e-06,6.5019983237e-06,1.0536558784e-08
1749,adam,9.3736026118e-06,9.3683726786e-06,1.0459866333e-08
1750,adam,9.0454792549e-06,9.0401473032e-06,1.0663903327e-08
1751,adam,6.6800361286e-06,6.6748141969e-06,1.0443863364e-08
1752,adam,8.9337598294e-06,8.9285252129e-06,1.0469232903e-08
1753,adam,8.3274319122e-06,8.3221781395e-06,1.0507545495e-08
1754,adam,6.9446388892e-06,6.9394412029e-06,1.0395372544e-08
1755,adam,8.7877540488e-06,8.7826030522e-06,1.0301993133e-08
1756,adam,8.4164884502e-06,8.4112534974e-06,1.0469905540e-08
1757,adam,7.7795264216e-06,7.7743860355e-06,1.0280772157e-08
1758,adam,9.6064319015e-06,9.6012458552e-06,1.0372092658e-08
1759,adam,9.7395434587e-06,9.7343784860e-06,1.0329945347e-08
1760,adam,9.8904775233e-06,9.8853271718e-06,1.0300703031e-08
1761,adam,1.2021443481e-05,1.2016332571e-05,1.0221820548e-08
1762,adam,1.3230737630e-05,1.3225564272e-05,1.0346715746e-08
1763,adam,1.4453763467e-05,1.4448651164e-05,1.0224605760e-08
1764,adam,1.7559032872e-05,1.7553875872e-05,1.0313999436e-08
1765,adam,2.0355028215e-05,2.0349900090e-05,1.0256251504e-08
1766,adam,2.3567614473e-05,2.3562454623e-05,1.0319699372e-08
1767,adam,2.8438593096e-05,2.8433521896e-05,1.0142400216e-08
1768,adam,3.3740627215e-05,3.3735427000e-05,1.0400430295e-08
1769,adam,3.9231021867e-05,3.9225916192e-05,1.0211348600e-08
1770,adam,4.6183373443e-05,4.6178174932e-05,1.0397022248e-08
1771,adam,5.2743777643e-05,5.2738634413e-05,1.0286460767e-08
1772,adam,5.8470160960e-05,5.8464958053e-05,1.0405813004e-08
1773,adam,6.2635671759e-05,6.2630566998e-05,1.0209520711e-08
1774,adam,6.4173283488e-05,6.4168052442e-05,1.0462091233e-08
1775,adam,6.1087175953e-05,6.1082070873e-05,1.0210159619e-08
1776,adam,5.4288103432e-05,5.4282899777e-05,1.0407310660e-08
1777,adam,4.3635885863e-05,4.3630796170e-05,1.0179384040e-08
1778,adam,3.0882975569e-05,3.0877851438e-05,1.0248262277e-08
1779,adam,1.8349093200e-05,1.8344066468e-05,1.0053464253e-08
1780,adam,8.5975071607e-06,8.5924333567e-06,1.0147607910e-08
1781,adam,2.6432176032e-06,2.6382052160e-06,1.0024774312e-08
1782,adam,9.0758201089e-07,9.0256054494e-07,1.0042931911e-08
1783,adam,2.8337945317e-06,2.8287578590e-06,1.0073345346e-08
1784,adam,6.8144454867e-06,6.8094440060e-06,1.0002961349e-08
1785,adam,1.1206889763e-05,1.1201831182e-05,1.0117160097e-08
1786,adam,1.4784350999e-05,1.4779341825e-05,1.0018347911e-08
1787,adam,1.6733797162e-05,1.6728744456e-05,1.0105412225e-08
1788,adam,1.6469838342e-05,1.6464841328e-05,9.9940280731e-09
1789,adam,1.4433153120e-05,1.4428111797e-05,1.0082645384e-08
1790,adam,1.1239408067e-05,1.1234426637e-05,9.9628608652e-09
1791,adam,7.6589181741e-06,7.6538940679e-06,1.0048212355e-08
1792,adam,4.3973236117e-06,4.3923509639e-06,9.9452955835e-09
1793,adam,2.1331886995e-06,2.1282039834e-06,9.9694323467e-09
1794,adam,1.0200796085e-06,1.0151036003e-06,9.9520164920e-09
1795,adam,9.3956665789e-07,9.3460112218e-07,9.9310714230e-09
1796,adam,1.6656983820e-06,1.6607242448e-06,9.9482744045e-09
1797,adam,2.8432356999e-06,2.8382765846e-06,9.9182306794e-09
1798,adam,4.0854893037e-06,4.0805149172e-06,9.9487728664e-09
1799,adam,5.0813092768e-06,5.0763574025e-06,9.9037487722e-09
1800,adam,5.7320091658e-06,5.7270266993e-06,9.9649329913e-09
1801,adam,5.9439400997e-06,5.9389967553e-06,9.8866889512e-09
1802,adam,5.7435712739e-06,5.7385928979e-06,9.9567520413e-09
1803,adam,5.1938180655e-06,5.1888820927e-06,9.8719456256e-09
1804,adam,4.4828569217e-06,4.4778945633e-06,9.9247167239e-09
1805,adam,3.6722958239e-06,3.6673633255e-06,9.8649967812e-09
1806,adam,2.8804536207e-06,2.8755023362e-06,9.9025690369e-09
1807,adam,2.1778367727e-06,2.1729118116e-06,9.8499221902e-09
1808,adam,1.6274396019e-06,1.6224964142e-06,9.8863754381e-09
1809,adam,1.2209339392e-06,1.2160164736e-06,9.8349313381e-09
1810,adam,9.5707200565e-07,9.5214050783e-07,9.8629956399e-09
1811,adam,8.1465870737e-07,8.0974263106e-07,9.8321526089e-09
1812,adam,7.8265735185e-07,7.7773713877e-07,9.8404261713e-09
1813,adam,8.2333385803e-07,8.1841868667e-07,9.8303427389e-09
1814,adam,9.0830643957e-07,9.0339411196e-07,9.8246552187e-09
1815,adam,1.0341490932e-06,1.0292388037e-06,9.8205791087e-09
1816,adam,1.1859617383e-06,1.1810522919e-06,9.8188927716e-09
1817,adam,1.3606916267e-06,1.3557854709e-06,9.8123115797e-09
1818,adam,1.5511205713e-06,1.5462152694e-06,9.8106038551e-09
1819,adam,1.7712082887e-06,1.7663037070e-06,9.8091633878e-09
1820,adam,2.0323032388e-06,2.0274026418e-06,9.8011940947e-09
1821,adam,2.3604756550e-06,2.3555730873e-06,9.8051354645e-09
1822,adam,2.7717570988e-06,2.7668545828e-06,9.8050320818e-09
1823,adam,3.3424253206e-06,3.3375245980e-06,9.8014452660e-09
1824,adam,4.1472706228e-06,4.1423536895e-06,9.8338666874e-09
1825,adam,5.3629947825e-06,5.3580884245e-06,9.8127160514e-09
1826,adam,7.2768245587e-06,7.2718599807e-06,9.9291560768e-09
1827,adam,1.0528483106e-05,1.0523523760e-05,9.9186907519e-09
1828,adam,1.6324047672e-05,1.6318893720e-05,1.0307905387e-08
1829,adam,2.7329505494e-05,2.7324250779e-05,1.0509429609e-08
1830,adam,4.8668843071e-05,4.8662869540e-05,1.1947062056e-08
1831,adam,9.1083793745e-05,9.1077088474e-05,1.3410542200e-08
1832,adam,1.7139641671e-04,1.7138707011e-04,1.8693208076e-08
1833,adam,3.0023361702e-04,3.0022161724e-04,2.3999549879e-08
1834,adam,4.4142314249e-04,4.4140623312e-04,3.3818752224e-08
1835,adam,4.4568007293e-04,4.4566509694e-04,2.9951992639e-08
1836,adam,2.9607034227e-04,2.9605918717e-04,2.2310192955e-08
1837,adam,1.9002273745e-04,1.9001472459e-04,1.6025714851e-08
1838,adam,2.2379283359e-04,2.2378289175e-04,1.9883667615e-08
1839,adam,1.9104636081e-04,1.9103587867e-04,2.0964277853e-08
1840,adam,9.1859691578e-05,9.1853408265e-05,1.2566624856e-08
1841,adam,1.3193123803e-04,1.3192297932e-04,1.6517424376e-08
1842,adam,1.2153049787e-04,1.2152063587e-04,1.9724005280e-08
1843,adam,2.1515464728e-05,2.1509334065e-05,1.2261325423e-08
1844,adam,6.8086321604e-05,6.8079127421e-05,1.4388365581e-08
1845,adam,9.5115193933e-05,9.5106395568e-05,1.7596730309e-08
1846,adam,3.9072554876e-05,3.9065942999e-05,1.3223754561e-08
1847,adam,6.6235898884e-05,6.6229063320e-05,1.3671128354e-08
1848,adam,6.7267930547e-05,6.7260368701e-05,1.5123692363e-08
1849,adam,3.9228244009e-05,3.9221525190e-05,1.3437638328e-08
1850,adam,4.2160482539e-05,4.2153888091e-05,1.3188896990e-08
1851,adam,2.4975931373e-05,2.4968966270e-05,1.3930206820e-08
1852,adam,2.9805364304e-05,2.9798425647e-05,1.3877315190e-08
1853,adam,2.9300146353e-05,2.9293802894e-05,1.2686919299e-08
1854,adam,2.1249707233e-05,2.1243210981e-05,1.2992503393e-08
1855,adam,3.3053824496e-05,3.3046743865e-05,1.4161261684e-08
1856,adam,2.4507332789e-05,2.4501188171e-05,1.2289236316e-08
1857,adam,1.8884862457e-05,1.8878414275e-05,1.2896363009e-08
1858,adam,1.7497826302e-05,1.7491346188e-05,1.2960228632e-08
1859,adam,1.3934347465e-05,1.3928139108e-05,1.2416712949e-08
1860,adam,1.3686379227e-05,1.3680128170e-05,1.2502114495e-08
1861,adam,9.0725382841e-06,9.0663434687e-06,1.2389630828e-08
1862,adam,1.6166410559e-05,1.6159933503e-05,1.2954112093e-08
1863,adam,1.3517134251e-05,1.3511136287e-05,1.1995928416e-08
1864,adam,7.5948708885e-06,7.5888472286e-06,1.2047319789e-08
1865,adam,1.3787602413e-05,1.3781262279e-05,1.2680267415e-08
1866,adam,6.8686744000e-06,6.8627981120e-06,1.1752575871e-08
1867,adam,4.9163951075e-06,4.9104152674e-06,1.1959680212e-08
1868,adam,8.5471899146e-06,8.5409676852e-06,1.2444458815e-08
1869,adam,4.6351232247e-06,4.6292967075e-06,1.1653034331e-08
1870,adam,7.0504735150e-06,7.0445270643e-06,1.1892901512e-08
1871,adam,6.4155459833e-06,6.4094974500e-06,1.2097066725e-08
1872,adam,5.0184132404e-06,5.0125905032e-06,1.1645474439e-08
1873,adam,6.7169939798e-06,6.7110826315e-06,1.1822696541e-08
1874,adam,2.9689391848e-06,2.9631109581e-06,1.1656453376e-08
1875,adam,3.6895873581e-06,3.6836949632e-06,1.1784789775e-08
1876,adam,4.7080885567e-06,4.7022699468e-06,1.1637219676e-08
1877,adam,1.8910530549e-06,1.8853219767e-06,1.1462156487e-08
1878,adam,3.7911236937e-06,3.7852174101e-06,1.1812567117e-08
1879,adam,4.0458782140e-06,4.0401258356e-06,1.1504756759e-08
1880,adam,2.5218494306e-06,2.5161663039e-06,1.1366253347e-08
1881,adam,3.5146203053e-06,3.5088111189e-06,1.1618372781e-08
1882,adam,2.7243973711e-06,2.7186888727e-06,1.1416996734e-08
1883,adam,2.2409819086e-06,2.2353326504e-06,1.1298516452e-08
1884,adam,2.5362485287e-06,2.5304687920e-06,1.1559473442e-08
1885,adam,1.7221297504e-06,1.7164693830e-06,1.1320734925e-08
1886,adam,2.1537140031e-06,2.1480989104e-06,1.1230185319e-08
1887,adam,2.2770006504e-06,2.2712842763e-06,1.1432748228e-08
1888,adam,1.7466908767e-06,1.7410488657e-06,1.1284022062e-08
1889,adam,2.2394807473e-06,2.2338853999e-06,1.1190694892e-08
1890,adam,2.0267129807e-06,2.0210709804e-06,1.1284000611e-08
1891,adam,1.6984610622e-06,1.6928306689e-06,1.1260786638e-08
1892,adam,1.9366311232e-06,1.9310639560e-06,1.1134334427e-08
1893,adam,1.5247404469e-06,1.5191284809e-06,1.1223932010e-08
1894,adam,1.4547505410e-06,1.4491449551e-06,1.1211171688e-08
1895,adam,1.6842971174e-06,1.6787509268e-06,1.1092381103e-08
1896,adam,1.3423770276e-06,1.3367978909e-06,1.1158273215e-08
1897,adam,1.3807441309e-06,1.3751598594e-06,1.1168542997e-08
1898,adam,1.5890008776e-06,1.5834726012e-06,1.1056552877e-08
1899,adam,1.4015729982e-06,1.3960204095e-06,1.1105177466e-08
1900,adam,1.4119415790e-06,1.4063686464e-06,1.1145865016e-08
1901,adam,1.4400611587e-06,1.4345514110e-06,1.1019495401e-08
1902,adam,1.3333668013e-06,1.3278293521e-06,1.1074898435e-08
1903,adam,1.3647932513e-06,1.3592500874e-06,1.1086327708e-08
1904,adam,1.2912946726e-06,1.2857919814e-06,1.1005382442e-08
1905,adam,1.1841797675e-06,1.1786628290e-06,1.1033876992e-08
1906,adam,1.2427284250e-06,1.2372027151e-06,1.1051419715e-08
1907,adam,1.2047277582e-06,1.1992382376e-06,1.0979041275e-08
1908,adam,1.1318308073e-06,1.1263287335e-06,1.1004147584e-08
1909,adam,1.1712388470e-06,1.1657305632e-06,1.1016567472e-08
1910,adam,1.1485720875e-06,1.1430954786e-06,1.0953217738e-08
1911,adam,1.1163401184e-06,1.1108547158e-06,1.0970805188e-08
1912,adam,1.1615548866e-06,1.1560689411e-06,1.0971891073e-08
1913,adam,1.1380521580e-06,1.1325861170e-06,1.0932081968e-08
1914,adam,1.0906919610e-06,1.0852259192e-06,1.0932083711e-08
1915,adam,1.1245963263e-06,1.1191268994e-06,1.0938853707e-08
1916,adam,1.1214355364e-06,1.1159869306e-06,1.0897211479e-08
1917,adam,1.0830422924e-06,1.0775909274e-06,1.0902729994e-08
1918,adam,1.0907848232e-06,1.0853390221e-06,1.0891602127e-08
1919,adam,1.0762590652e-06,1.0708237588e-06,1.0870612874e-08
1920,adam,1.0487041166e-06,1.0432749546e-06,1.0858324014e-08
1921,adam,1.0649891298e-06,1.0595573199e-06,1.0863619692e-08
1922,adam,1.0475751795e-06,1.0421576141e-06,1.0835130797e-08
1923,adam,1.0221043426e-06,1.0166913997e-06,1.0825885718e-08
1924,adam,1.0329062991e-06,1.0274948500e-06,1.0822898110e-08
1925,adam,1.0153370804e-06,1.0099342242e-06,1.0805712355e-08
1926,adam,1.0000235457e-06,9.9462897500e-07,1.0789141327e-08
1927,adam,1.0172060779e-06,1.0118080430e-06,1.0796069929e-08
1928,adam,9.9931652519e-07,9.9393307647e-07,1.0766897423e-08
1929,adam,9.8784082190e-07,9.8245790081e-07,1.0765842181e-08
1930,adam,1.0022032412e-06,9.9682491045e-07,1.0756661423e-08
1931,adam,9.9245888549e-07,9.8708744899e-07,1.0742872988e-08
1932,adam,9.9359833420e-07,9.8823323382e-07,1.0730200757e-08
1933,adam,1.0161119324e-06,1.0107445755e-06,1.0734713709e-08
1934,adam,1.0206648971e-06,1.0153112490e-06,1.0707296183e-08
1935,adam,1.0434292142e-06,1.0380740284e-06,1.0710371714e-08
1936,adam,1.0835812080e-06,1.0782341593e-06,1.0694097470e-08
1937,adam,1.1321952891e-06,1.1268507698e-06,1.0689038486e-08
1938,adam,1.2124041628e-06,1.2070689600e-06,1.0670405706e-08
1939,adam,1.3367815801e-06,1.3314397891e-06,1.0683582111e-08
1940,adam,1.5170233201e-06,1.5117008362e-06,1.0644967891e-08
1941,adam,1.8018451717e-06,1.7965092509e-06,1.0671841627e-08
1942,adam,2.2238319760e-06,2.2185190373e-06,1.0625877445e-08
1943,adam,2.8913018540e-06,2.8859730027e-06,1.0657702438e-08
1944,adam,3.9258135446e-06,3.9205111524e-06,1.0604784363e-08
1945,adam,5.5611888467e-06,5.5558556665e-06,1.0666360460e-08
1946,adam,8.1489119317e-06,8.1436181830e-06,1.0587497316e-08
1947,adam,1.2313591630e-05,1.2308245782e-05,1.0691696953e-08
1948,adam,1.8939498783e-05,1.8934210947e-05,1.0575671983e-08
1949,adam,2.9641490591e-05,2.9636117357e-05,1.0746467581e-08
1950,adam,4.6542145507e-05,4.6536845072e-05,1.0600871580e-08
1951,adam,7.3116967027e-05,7.3111507053e-05,1.0919946898e-08
1952,adam,1.1271289924e-04,1.1270752700e-04,1.0744490171e-08
1953,adam,1.6874004255e-04,1.6873439792e-04,1.1289272072e-08
1954,adam,2.3653670307e-04,2.3653119067e-04,1.1024787395e-08
1955,adam,3.0188189627e-04,3.0187604330e-04,1.1705944732e-08
1956,adam,3.2774380998e-04,3.2773822039e-04,1.1179172007e-08
1957,adam,2.8340256936e-04,2.8339678195e-04,1.1574836603e-08
1958,adam,1.6953049440e-04,1.6952510267e-04,1.0783462033e-08
1959,adam,5.0963647368e-05,5.0958244724e-05,1.0805287662e-08
1960,adam,1.0165489760e-06,1.0112720897e-06,1.0553772567e-08
1961,adam,3.6005033186e-05,3.5999737462e-05,1.0591446802e-08
1962,adam,1.0380573090e-04,1.0380026779e-04,1.0926227462e-08
1963,adam,1.3332685212e-04,1.3332152105e-04,1.0662126670e-08
1964,adam,9.6849483276e-05,9.6844007661e-05,1.0951230534e-08
1965,adam,3.1991516737e-05,3.1986257248e-05,1.0518977557e-08
1966,adam,9.9326867951e-07,9.8797003204e-07,1.0597294952e-08
1967,adam,2.2901921037e-05,2.2896599802e-05,1.0642469886e-08
1968,adam,6.0541697370e-05,6.0536424285e-05,1.0546170308e-08
1969,adam,6.7575733363e-05,6.7570327528e-05,1.0811669928e-08
1970,adam,3.7703087932e-05,3.7697851586e-05,1.0472693176e-08
1971,adam,6.1701276355e-06,6.1648285313e-06,1.0598208295e-08
1972,adam,4.2958310490e-06,4.2905697324e-06,1.0522633175e-08
1973,adam,2.5531997971e-05,2.5526766351e-05,1.0463239224e-08
1974,adam,3.9375313652e-05,3.9369971238e-05,1.0684828258e-08
1975,adam,2.9284053267e-05,2.9278831768e-05,1.0442998011e-08
1976,adam,8.8538948903e-06,8.8486056740e-06,1.0578432529e-08
1977,adam,1.1347192233e-06,1.1294897976e-06,1.0458851482e-08
1978,adam,1.0730681282e-05,1.0725466539e-05,1.0429485650e-08
1979,adam,2.1991623384e-05,2.1986324660e-05,1.0597448257e-08
1980,adam,2.0562549960e-05,2.0557343822e-05,1.0412275497e-08
1981,adam,9.4607711011e-06,9.4554879619e-06,1.0566278348e-08
1982,adam,2.5142564838e-06,2.5090176481e-06,1.0477671420e-08
1983,adam,6.8882008960e-06,6.8829522890e-06,1.0497214126e-08
1984,adam,1.6729460406e-05,1.6724086168e-05,1.0748476231e-08
1985,adam,2.3391493097e-05,2.3386136034e-05,1.0714124641e-08
1986,adam,2.8113325428e-05,2.8107642064e-05,1.1366728864e-08
1987,adam,4.2827868526e-05,4.2821952624e-05,1.1831805091e-08
1988,adam,8.2625357367e-05,8.2618533161e-05,1.3648410580e-08
1989,adam,1.5492356715e-04,1.5491556990e-04,1.5994497213e-08
1990,adam,2.4710563450e-04,2.4709568396e-04,1.9901084686e-08
1991,adam,2.9976907908e-04,2.9975806101e-04,2.2036141969e-08
1992,adam,2.2733793717e-04,2.2732806476e-04,1.9744828166e-08
1993,adam,6.6568655290e-05,6.6561949558e-05,1.3411464551e-08
1994,adam,1.3378640954e-05,1.3373045306e-05,1.1191296062e-08
1995,adam,1.0400717056e-04,1.0399997611e-04,1.4388886853e-08
1996,adam,1.2946059236e-04,1.2945229480e-04,1.6595122932e-08
1997,adam,3.4949093734e-05,3.4942980893e-05,1.2225681477e-08
1998,adam,1.3195595837e-05,1.3189825624e-05,1.1540426891e-08
1999,adam,7.8344818835e-05,7.8337333444e-05,1.4970783422e-08
2000,adam,5.9551343471e-05,5.9544776304e-05,1.3134333747e-08
