0.0022332252854844886,0.0016501179610269867,0.0013345340019280116,0.0016418599824186697,0.0016799910423327818,0.001643644967902605,0.001441303688870299,0.0011233248833824039,0.0006941399453958275,0.000626398139779466,0.0013555972262330462,0.0018241315670956826,0.002158227027698828,0.0022676106101992832,0.0021116950354167496,0.0018991276286405012,0.0016308742995904402,0.0013995016899752966,0.001111018537156755,0.0009582546294261973,0.0008735962074320203,0.0009233708994802747,0.0007807878041458105,0.0005981363493323122,0.0002783997450270248,4.1403093021474824e-05,0.00013003574928147077,0.00022258245394199405,0.00024057042007513685,0.00020333845945999518,0.000102763074938228,5.354662784701203e-06,7.620364873450747e-05,0.00017808000955685244,0.0002864054997359644,0.00040223410237169577,0.0005233874345234035,0.0005792601194385683,0.0007636741373462375,0.0010076993377918508,0.0011536048673895793,0.0011554682442996567,0.0008739390318925899,0.00039378341115972604,6.754081713750137e-05,0.0002447924099338583,0.00041590773822394733,0.0004039493944390238,0.0002743486095837244,2.4551325567417903e-05,0.0004365707104068972,0.0010679942378865326,0.0013954189527593253,0.0012919357466296272,0.001075005897595252,0.0008499361717036885,0.0007868533937322279,0.0009063756224024846,0.0011947799741741198,0.0011892527201685802,0.001194665616826955,0.0012298887498093623,0.0012528043075064263,0.0012419800492630417,0.0019459279351011216,0.002634050191115331,0.003218095311121605,0.0036151403195018306,0.003984943893031986,0.004357609484527569,0.004579495981267168,0.004664850760877692,0.00462749186063427,0.004490359212429185,0.004300892940842349,0.004103757206744857,0.00392959770857873,0.00380592161719992,0.0037608506918385687,0.0033424752371097877,0.0014624997830283981,0.0012001713736879416,0.0011941678680339463,0.0011436611751552417,0.0010816824867584118,0.0010263607449875756,0.0009794238045860437,0.0009275670928683422,0.000873326868071872,0.0008242952598064013,0.0007693066089100586,0.0006994675932369132,0.0006242202505191419,0.0005463878183230575,0.00045840410487943406,0.00036814500536339057,0.0002889994319581757,0.00021425451464440748,0.0001335519123396578,4.678281087411307e-05,0.0003513574770846739,0.0013254530336025416,0.0024046104305920912,0.0018765246047847406,0.0013925561840316958,0.0010098873078856485,0.0007011196213812798,0.00043714705025438283,0.0001866220892707826,7.385695279477078e-05,0.0003636129555401324,0.0007144190666536487,0.0011604349644207673,0.0007781024097330697,0.0004146510386296848,0.00018778303330321822,0.00025420886164055634,0.0010071958815063634
0.0015568216054909906,0.0011124428986821894,0.0012581154437680403,0.0013271292543294566,0.001132726903100123,0.0007857303711236163,0.0002561884714123164,0.0004597780748181457,0.0012105149242045143,0.0016525685919839828,0.001540384206715012,0.0011544721952068127,0.0006343835566013645,3.48597781204274e-05,0.00023926289292014458,0.000290080509715851,1.961700443575687e-05,0.00077625698993955,0.00022186987423400417,2.903402994580695e-06,0.00012147799782102897,0.00010325410907596755,6.692752339981789e-05,2.0497806124897266e-05,8.400027460359061e-05,0.00014345747218291738,0.00020068813199253244,0.00024750240646803645,0.0002964639627346388,0.0003579757971437503,0.00041980761881121875,0.0004803139181969174,0.0005554658691272474,0.0006421976129596385,0.0007826446168430201,0.0007566952745865496,0.0003546685012524864,0.0003367684912193858,0.001156914257681746,0.0012524275185110956,0.0007449189132077705,0.0003816644235923594,0.0001967444500457216,0.0001350139943144535,9.384628086558933e-05,0.0003430178545666407,0.001033168605979573,0.0007430511627627978,0.000503936108192965,0.0005123822128306199,0.0006680544819056833,0.0010088866048883899,0.0014814493984102728,0.0021041996895587306,0.0018661611934443212,0.0016519498304850624,0.0014301051981920054,0.001379956103472281,0.0014929478209320677,0.0017353487792488168,0.0015395412414064696,0.0012678522103920717,0.0009660241295502345,0.0013007263685229364,0.0017843890326451894,0.0021790752926420937,0.0026099123195901797,0.00306117241969861,0.0032850532071551364,0.0033103745556428144,0.003153265932161947,0.002825202060737525,0.0023432520155958203,0.0017432012246367812,0.0010812269817114528,0.0008034006073419919,0.0010830543430255801,0.0009919856667840454,0.001015150424818756,0.0010402529115048076,0.0010448753163295743,0.0010046474394352356,0.0008838712820646855,0.0007622140541434508,0.0006434052196279128,0.0005336527795212209,0.00041621885269316206,0.00031128886680015233,0.00022071039067211862,0.0001522340680633616,9.533553549068152e-05,4.139015063675533e-05,1.9097753312102839e-07,2.6335357731610554e-05,4.439556096741404e-05,4.672678793332663e-05,2.1573233533855873e-05,1.9354612921906877e-05,1.2359238783621329e-05,1.118057276705553e-06,1.7757033113241505e-05,0.00014491613583911267,0.0002831879171742435,0.000393567110516968,0.0008625106497862634,0.0017828040195353168,0.0007595093933407127,0.0006388771281484462,0.000593634343923205,0.0005642936951741062,0.0005764473126554093,0.0006684162175487618,0.0008801708255570251,0.0012327034842803397,0.0012051772131031896,0.0007040175430564483,0.0003438669355053381,0.0003386556219590192
0.001168746257322939,0.0011777616664569585,0.0011523592182759307,0.0008914402314902647,0.0004346607237945832,0.0002746539894383504,0.0007866283447613975,0.0013223391311078525,0.001086762773426203,0.0005026198677750282,5.473643219133795e-05,0.0005733194141374076,0.0003748878442806358,0.0006551838269934773,4.4132357100268305e-05,5.245928546004919e-06,5.1653487167735435e-05,4.059373303838543e-05,7.216713639135452e-05,0.0001243526510238402,0.0001582467104985219,0.00025863260402597676,0.00044108874453319125,0.0006143226380984634,0.0007392184560903181,0.0008356640740774246,0.0009052122251504979,0.0009394938637424244,0.0009505734421550449,0.0009481664670251688,0.0009196419191714322,0.0008631651164791587,0.000799814960568912,0.0007867548095136789,0.0008024938616416621,0.0008613955673863471,0.0009462945291733305,0.0010401080990162237,0.0011478836512583412,0.0013125419459161236,0.0007355240661384155,0.0003817748340129712,0.001714483689428531,0.0010738423235607808,0.0005861690343779702,0.0004505151826909859,0.0006218535376829593,0.0011857861583514373,0.001697595222344389,0.0012316519023308214,0.001094422874759332,0.0011774999112111606,0.0013954507630477425,0.0017971855593707509,0.0025314816334346263,0.0022766439918817383,0.0019351314580114895,0.0017454668316254224,0.0017688380311935929,0.0018234163364790196,0.001900318918784321,0.0013076268254871917,0.0011588661859914182,0.0014289889476798712,0.0016284517951692667,0.0019344351034446816,0.0025250016625546767,0.0026535924060580307,0.002557679590034334,0.0022272670468165,0.0016705741754270698,0.0009095617187946381,0.00017743486863286417,0.0013638472701633375,0.0013368921324952432,0.0013094218815001002,0.0012516951061894988,0.0011834195772181255,0.0010779968902154824,0.0009324615425859162,0.0007405328606473471,0.0005465124069750638,0.0009551941902718464,0.001314131475654845,0.0014686495071307148,0.0015371614240913822,0.0015519099416196336,0.0015314063679855439,0.0014954034929786086,0.0014559257917011736,0.0014025880430091897,0.0013246585883636142,0.0012325767548117539,0.0011298035685797791,0.0010060531588099164,0.0008687100915916735,0.0006893937391956317,0.0004415538891425208,1.544662771918448e-05,0.0004095108985106011,0.00024290940790500093,0.00017674941553796897,0.00010455724454422333,7.15735458918787e-05,3.446345132873674e-05,0.00012069488691618391,0.0002744914982371338,0.0011070494884008186,0.0023197595158981343,0.0012153911269120188,0.0009357034880411175,0.0007524075049355483,0.0007122879191375497,0.0008415881429588434,0.0011596744367383116,0.0012706967333238894,0.0006480300169988268,0.00011487819342848038
0.0014329578952146788,0.0011737424449181771,0.0008408683884400248,0.0003016508030829479,0.0002137911909584067,0.0008406452752049431,0.0009557643645915215,0.00038535076759690923,2.9337727265155156e-05,0.0009217340810983021,0.0003094561560088027,0.0001784978608511123,3.911460759542518e-05,1.254790028687447e-05,7.300776494351124e-05,0.00015894319174453164,0.0003492959163389764,0.0006165315109453173,0.0005909571157294846,0.0004687102949441635,0.0004523680329361901,0.0005747678915880572,0.0006821048837880039,0.0007622187084586618,0.0008170389641700138,0.0008674428815033108,0.0009137042970753795,0.0009455718412830216,0.0009749862265190923,0.0010112054028694195,0.0010395540536035641,0.0010574168662348393,0.0010813154967537764,0.001107062112396362,0.001148082142280682,0.0013363235391451456,0.001443257941797782,0.001246021270258857,0.0010546092964408005,0.0010898312254086218,0.0012652732498285024,0.001459571784446445,0.0016478477969169014,0.0006844359592379501,0.0009053138115374115,0.0012775294907487467,0.0007060211308804465,0.0006649435117529467,0.00114351982729477,0.002386783420826488,0.001757687547038339,0.0015261492517430475,0.0014974817441675697,0.0016340187147173002,0.002165389780475979,0.0027310130642322766,0.002473549317475371,0.002079772874347432,0.0019174771094809051,0.0018723413508139972,0.0017446637884222585,0.0014836756216559457,0.0015286118030618662,0.0015079571886555537,0.0015476052587774236,0.0020446135277977645,0.002286607227740295,0.0021106768502321127,0.001673107552766756,0.0009572767388805747,2.452177927980692e-05,0.001561138013901342,0.001667290881321254,0.001702464755061972,0.001619176402887501,0.00143497572288942,0.001241466149396131,0.0010316861600563887,0.0011919237326689647,0.0015855374950202172,0.0016840956367271676,0.001731619972748677,0.0017490160360914553,0.0016784915183618576,0.0016098187280205734,0.0015585560909860408,0.0015203651901123938,0.0014737402036096303,0.0014202018634442148,0.0013719953942374352,0.001319356250542414,0.001252202232939592,0.00118131011289474,0.0011102241650005062,0.0010285111687379223,0.0009431590022122016,0.0008705518919440713,0.0008043794029512497,0.0007326307784824571,0.0006394243553988765,0.00043402291910171753,0.00019634110674571215,0.0001985855656854718,0.00029591218265678787,1.3327662285012032e-05,0.00013818815474442303,0.00017938629223690494,0.00016473923005233537,6.796534905936791e-05,0.0010854415800215511,0.0026145273194568275,0.0010561187111225723,0.0007438357391521544,0.0006278169481434559,0.0007313910809236268,0.0010764147748949238,0.0010467666314697421,0.0002518194011068703
0.0014703459874569613,0.0009797771369387254,0.00039119976782439614,0.0004916928702237422,0.00066239208838198,0.000622356993088935,0.00018193107606467862,0.0007497726099406632,0.0001925373118623619,0.00032201140680515605,5.24496661321594e-05,3.939293437005276e-05,4.0943000618187675e-06,0.0003334502659049221,0.0007515331778664147,0.00047400676475850556,0.0005031096839148708,0.0005729625801370042,0.0006710342587128437,0.0007939304541947356,0.0009345038899518654,0.0010502177200461538,0.0011506425060087144,0.0012244220885804236,0.001274000201130332,0.0013203925036061048,0.0013631832426904134,0.0013912264095663485,0.0014160805140834287,0.0014465878864782789,0.0014671299076235433,0.0014743254751235502,0.0014845055180232047,0.0014932144522132873,0.001486692125199196,0.0014807664176921809,0.001488801193761491,0.0014912739934853647,0.001490507850161582,0.001730558852280073,0.001461089116353509,0.0012400449828622317,0.0013242983069857162,0.0015691084415761503,0.0018752412869073032,0.0007200101765315603,0.0016344072752858263,0.0010540426806998071,0.0008336906646769227,0.0011824513731288622,0.0027979713876041534,0.002119175122089978,0.0017948564870884365,0.0016538767618821393,0.0018635186528403874,0.002640244025996899,0.0029785507644814607,0.0024462029909064105,0.0020647486351618484,0.0018475371344075075,0.001507232713475297,0.0018612999511062114,0.0018361401198422056,0.0014925627028675725,0.0017353434409627666,0.0020566245131062033,0.0018604571644885715,0.0013494201999409705,0.0005345558575475806,0.0013117909952735096,0.001735127662204572,0.0019213446807296308,0.001992613283426925,0.001846877656995205,0.001526891664650809,0.0010794264602397852,0.0016559874958906318,0.0017919430210476817,0.0018769491063383992,0.0018274740311612359,0.0017825318745611218,0.0017417508475795485,0.0017148644906967991,0.0016905938025024714,0.0016646534751230124,0.0016514679629808793,0.00164594202123719,0.001625970270736965,0.0015929875960601914,0.0015597173670007791,0.001516967581479678,0.0014550262673972414,0.0013848722596851437,0.0013100761161941032,0.0012200272224285325,0.0011214471478452892,0.0010305456586489625,0.0009412787683257817,0.0008428360544256441,0.0007420429773745685,0.0006368710977957548,0.000512711673571975,0.0003849134251592279,0.00023030193214268468,3.54072194105326e-05,0.00034390445932797054,0.00020256368920568146,0.0003431878651961595,0.0003678507305043821,0.000259754251801414,0.0002757211894740541,0.0018230881701090107,0.001024538582156287,0.0006410406961174786,0.0005053571950880409,0.0006420189881025384,0.001023322551241157,0.0005026476845987476
0.001399896994090391,0.0006678780641662108,0.00033755402021237724,0.00034352981333227173,0.0004106454945523308,0.00018926717893830158,0.0010087507094356518,0.001045029152852206,9.614172073951766e-05,8.768744699905184e-05,0.00010316111934088878,0.00029576659154623153,0.0006072237441746009,0.0004978738648264147,0.0005862726408165098,0.0006998227045418859,0.0007899504162179327,0.0008640843309569157,0.0009727026547418638,0.0011602819594878078,0.0012948714059711763,0.001401808646051994,0.0014949727495837672,0.0015633668875189022,0.0016096072614054657,0.0016545670989209227,0.0016969378858669448,0.001724626381742922,0.0017488861226591101,0.0017781802449131079,0.0017958372463375283,0.0017976289475135077,0.001799902035785117,0.00179835121466293,0.001778980083558479,0.0017573416567299716,0.0017463691519729596,0.0017255558961626338,0.001696278720539568,0.0017002866662246818,0.0017413686756466151,0.0018044968121041505,0.0015810594624896535,0.001310865344547052,0.0014722600868170566,0.0018000107105446417,0.001196085824541171,0.0009265349912366827,0.0013097542438620935,0.000988839965390037,0.0014269342984698785,0.0026419621512446534,0.0022713119308861718,0.0018976869497052962,0.0018390748675106983,0.002439258667210245,0.0028689915351967563,0.0028257909691283348,0.0022233268235541063,0.0017536046858276366,0.0014855510283676918,0.0019155247856089824,0.002063835738942185,0.001683021767871079,0.0018749686661166665,0.0018051069857880075,0.0012182755732743356,0.00033292627452966017,0.0014795411081192644,0.0018782780830539358,0.002107990035950691,0.0021444687165165233,0.0019834230456750035,0.0015058431641298275,0.0017551955180090673,0.0019610944784520523,0.0020043947518131877,0.001955017612256027,0.001934771844685823,0.001945735901451362,0.0019618514108352136,0.00198125629261392,0.0020119153673038848,0.002040560965675786,0.0020615980213110063,0.002026646734578863,0.001984438140771705,0.0019356016673227616,0.0018817959538428575,0.0018363921949227091,0.001790872455883885,0.0017356923990721196,0.0016817048063633155,0.0016324803608253613,0.001577215823768019,0.0015218918023454098,0.0014821067547645117,0.0013822067068494648,0.001246684797953368,0.0011061914149330665,0.0009598903128227865,0.0007932675210264306,0.0006212055197102329,0.0004783727811818461,0.00036212133924917733,0.00024571947228324564,7.667756417489846e-05,9.949079389659499e-05,0.00046450381773061045,0.0005180227431763051,0.00043308229240096585,0.00013527660361151161,0.0015779873542686451,0.0008871844221403358,0.0004905671033181569,0.00039446569455695024,0.0005719684556383664,0.0008738001382809502
0.0012449417866602641,0.00019595263671365326,0.00026443217557134413,0.0002984681027441982,0.00025565576330208173,0.0009682237178718356,0.0010579240641144794,1.7615994760855624e-05,0.00011732309876033575,1.2579272009316522e-05,0.0005523732941849491,0.00048052242903939835,0.0006179688035336528,0.0006927754783947471,0.0008011877720170424,0.0009262314995976406,0.001019781421370436,0.0011025418622440109,0.0012735593060516082,0.0014505702117495467,0.0015806959739863014,0.0016795105340710048,0.0017670511685882184,0.0018322211246105669,0.0018774504029533956,0.0019232847629577776,0.001967563644318604,0.0019973728596205387,0.002023653635879752,0.0020543794397400728,0.002071860456065444,0.0020713025907957983,0.0020694377906992356,0.0020623241067010967,0.0020355994899117213,0.002004126277878604,0.001980099045200856,0.001942120872391595,0.0018908141807983947,0.0018675352388548006,0.001875822737117172,0.0018746586273533095,0.0018716153143809033,0.0019501283434086858,0.0015315560095565117,0.0013939614621919505,0.0017647963206409711,0.0015517702908111608,0.00090520090558871,0.0014037458807973913,0.0011754182634150234,0.001991737401285859,0.002362271079068584,0.002177048738696119,0.0019389044411484563,0.0022386219927674478,0.0027975870972676356,0.0026794757358259216,0.002396664092708929,0.0016380912442416212,0.0017089753390596082,0.0018755984925007962,0.0018995511070973997,0.001992184795296101,0.0018609691467509348,0.0013056097940810085,0.0003418300840111743,0.0008814846961920642,0.0019063116333226104,0.0022151193815191927,0.0022452183939818404,0.002083362389816046,0.0016486503541273123,0.0019948524900935682,0.002113399896074397,0.0021097994214752114,0.002124459184161598,0.0021428490623798813,0.0021921690780050684,0.002272364526189341,0.0023553845829843434,0.0023042340145289497,0.0022541887522237736,0.002210647732780513,0.0021679275228804196,0.002140299331157447,0.0021227528834218967,0.002093215333119458,0.002053779936773692,0.0020184891039529695,0.001979114750653377,0.0019260780475007788,0.0018702834633581578,0.0018152510071670624,0.001749638782962304,0.001678717427427201,0.001617936964771416,0.0015624152956474346,0.0015039665477820097,0.001452008934273663,0.0014059573292093397,0.0012484421986908023,0.0010249414710031268,0.0008276745429595112,0.0006544526315542809,0.00048000876563475403,0.0003110366318480051,0.00014204938948397805,0.00027474269750382696,0.0003832741231682424,0.0005942372043323818,0.0005281063198154246,0.00020211239038947504,0.0017179639533558277,0.000670349662445946,0.00032232686075128747,0.0002742817954742294,0.00041302040748911195
0.0009850640131660593,0.0004794332207805341,0.00013602152602071316,0.0002682422434816256,0.0006040608726968211,0.0010380869210989685,4.919700720029674e-06,0.00013562802850503042,0.00010581109962853885,0.000501585332733423,0.0005300925923211186,0.0006963778192067838,0.000794841910491284,0.0008890652301181134,0.001008900617331332,0.0011375617393508675,0.0012394466212917732,0.0013861945200018821,0.001547537307145741,0.0017141006418455174,0.001840238483645451,0.0019332838901865435,0.002017789583930729,0.0020821557282748593,0.0021284201211208,0.0021767874075622196,0.0022244294491441385,0.002257748930888037,0.0022872511492303405,0.0023203418858155356,0.0023386557716958967,0.002337340442858604,0.002333696889557757,0.0023239954354361547,0.0022932961602409874,0.002255643128331264,0.0022225359405695366,0.002171870833560796,0.0021035523247066035,0.0020583349312461863,0.0020393709550097228,0.002005733575396851,0.00196544760890377,0.001968136918292729,0.002012691986449433,0.0016577908984318213,0.001423825931380629,0.00183116611323908,0.0014862962706091443,0.0013742989714866094,0.0014269549320672648,0.0014506380295186139,0.0027632891959212813,0.0020669823150571143,0.0021347135170818737,0.0021873303259206806,0.0028074048080278385,0.002582578243930281,0.0021899519718772045,0.0015936425062532383,0.0018717642053052708,0.0017376967695382217,0.0018183493441786824,0.002177362693413676,0.0016844854168851786,0.0006035858112561909,0.0007719592431153222,0.001766608416901183,0.002169013641125095,0.0022929854408193506,0.002132624378716197,0.0018073486732431698,0.002154137841978321,0.002199300886458533,0.0022069010037153447,0.0022727842933415454,0.0023605331932136098,0.0024534298738410065,0.002501934347418855,0.00245628319098512,0.0024230970491099235,0.0023986170770694537,0.0023891421006134728,0.002380412038823221,0.002366898859320843,0.0023632910732701573,0.0023649504713496583,0.0023502323541643166,0.002321815764423918,0.002294213022582592,0.002259393810609689,0.0022079148384629432,0.002150744055780751,0.002091042206970206,0.0020167237526104165,0.00193251139127526,0.0018538940848817909,0.0017764806693141288,0.001692681294446774,0.0016123080350906038,0.0015348864907527293,0.001445835950935337,0.0013594428384864354,0.0012763676758106857,0.0010437360726259781,0.0008070813596519621,0.0005756696681799567,0.00037242135162013357,0.000194972745619304,0.00019772832878950375,0.00036896150601700706,0.0006448239191633731,0.0005469848014454937,0.00015789819499101299,0.002377513239164103,0.0003944039766877183,0.00010457264918420361,2.2921832349753757e-05
0.0006198584165710286,0.0006008143934719268,0.0001664699850978668,0.0002152701246063704,0.00017843387275096045,0.00018157104365906784,0.00012214654542569425,8.991184071416303e-05,0.0004774677890331813,0.0005729426517163683,0.0007342396961897424,0.0008547680554018555,0.0009724574465885261,0.001078569566090093,0.0012029807774104895,0.0013407716637097722,0.0015082569287538927,0.0016470091568816514,0.0017995819222037523,0.001957795677992369,0.002081801970226338,0.0021720572144647843,0.002256079479149631,0.002321627889811606,0.0023703971049466865,0.0024223241026894993,0.002474001576947993,0.0025111506293866714,0.002543795622406364,0.0025789975078761573,0.002598211021416663,0.002596819495824576,0.0025925794812310388,0.002581793680429323,0.0025489470921195023,0.0025073381109198545,0.0024678255076905353,0.002407675360586947,0.0023261657391662194,0.002263541959611648,0.0022225969117632416,0.0021621866584041194,0.002090044537087443,0.0020550898471124457,0.002055622772126897,0.0020714546470166906,0.00171110571948202,0.0014958996871106134,0.0019488119430671746,0.0011613504876040182,0.0023160664219548655,0.0014937001354207169,0.0019916417076941417,0.0021519963393213937,0.0019382922647301348,0.002320989303124271,0.002873016906331252,0.00253154179968533,0.001851209997945866,0.0019117108829674444,0.0019311258916050941,0.0015881450557293508,0.002088079242226454,0.0022440285268888194,0.001211832464416529,0.00028825315007197094,0.001492722269770791,0.0019648344014925323,0.002258491515966299,0.0021717874462911513,0.0017586121770041818,0.0021934040918407116,0.0022659566303240286,0.00230658716669474,0.0023858443506697413,0.0025269566885452455,0.002653907915461662,0.0025822314378649014,0.002550121585498888,0.0025535233325046924,0.0025631708433194733,0.0025756984294001972,0.0025977071411785735,0.0026150294430380416,0.002622485457951962,0.0026354591973751784,0.00264998472619582,0.0026449347005564894,0.0026235123336963984,0.0026007066100310894,0.0025687521793051893,0.002518320857087142,0.0024603332615135143,0.00239753326499359,0.0023172144630824176,0.0022237931664791377,0.00213282699561701,0.002039945745545224,0.001937406485396309,0.0018349432563686818,0.0017321870018527363,0.0016146791049392872,0.0014964653887266088,0.001410367234197074,0.0013531444735840892,0.0012077011031673135,0.0009130465383759279,0.0006473179126971207,0.0004094975759759145,0.0002042406952899034,0.00018312694889766057,0.00046417473031490353,0.0006646149416681957,0.000501896941837443,0.0008758328317913511,0.0005640549412450624,2.1774822983877673e-05,0.00029434538250092124
8.498881575533246e-05,0.000301512216084987,0.0003725004779238372,0.0007361612605874535,0.0005260992608091541,6.770889482765607e-05,4.8532236260556694e-05,0.0005358406133337268,0.0005839381644795472,0.0007547875304124707,0.0008636542647566525,0.0010040028607982143,0.001134377243583673,0.00124641454861385,0.001381498596213948,0.0015866392491293846,0.0017480341062282578,0.0018801863631369153,0.0020264220969267166,0.0021793228841900936,0.0023033214706940086,0.0023933883238858034,0.00247883769634083,0.002546875096456347,0.002598963261515541,0.0026548173407519027,0.002710369406773494,0.002750579796125474,0.0027852433082004024,0.00282159281073302,0.00284116910433474,0.0028394638887700996,0.0028345753996679157,0.0028229290090053816,0.002788526477320419,0.0027439569893873417,0.0026995415235205877,0.0026320778361291763,0.00254039713939902,0.002464379215756707,0.0024063044295408176,0.002324259461396083,0.0022251690057626394,0.0021570887179506726,0.00211762908863955,0.002087234676942329,0.00210759810931066,0.0017003276174836768,0.0016103088776477925,0.0021014694185982896,0.0008755711263401245,0.001858245021146232,0.0016359859647702424,0.0024335069479576865,0.0018249203530044666,0.0020269117764132732,0.002790902968180936,0.0025221261251881857,0.0015299417976423445,0.0017597340154389927,0.0019262093532215474,0.001532255204340291,0.0022566623844983424,0.0022150549919123796,0.0006118473318606765,0.0013313360817874542,0.0017248584762753205,0.002155010437592364,0.0021858212697145607,0.001662766758523171,0.0021438350991019872,0.0022708309734894017,0.002376705156002412,0.002488550293651637,0.002643044618522161,0.0027119942849710976,0.0026801492406997585,0.002661906753428145,0.0026765416423514266,0.0027190187686392253,0.0027606822751055082,0.0027995634831043947,0.002843135470928515,0.002877368452194995,0.0028975014309595704,0.0029199254051714973,0.002941441485962426,0.0029412323465835,0.002922989510916074,0.0029023346247849524,0.002871687306447379,0.00282159522234382,0.002762975323965078,0.002698450652221296,0.0026149095882750384,0.002516524263153741,0.0024187900659520256,0.0023168882632231824,0.0022023777644671894,0.002084845313370942,0.0019643549583329145,0.001826573839500134,0.0016846734909513605,0.0015697932210412269,0.0014774796134950363,0.0013855268869807924,0.0013082393032542439,0.0009815093979143596,0.0006828536819193931,0.0004178321966595844,0.00021734701780140586,0.00022642325507021832,0.0006350314393430145,0.0006227295442459702,0.0003116356291033018,0.0020943185679028753,1.4364387242726817e-05,0.0005744657179493351
0.0005798361232246529,0.00022373667068417702,0.00032046928732903934,0.0003096958466664024,4.826905640853418e-06,0.00013028568139522578,0.0004735406760654759,0.0005460214588537959,0.0007569271547495648,0.0008682672770469191,0.0009983048377629755,0.0011525095406766384,0.0012901424708255949,0.001414428523150657,0.001618213539004043,0.0018189387285669767,0.0019756161654591597,0.0021035107686580012,0.002246275261758912,0.002396671607979406,0.002521887802909739,0.0026133291118957125,0.002701283909922192,0.0027724290123433137,0.002827931765189584,0.0028872778490193207,0.0029456671041260263,0.0029873643600827338,0.0030224025442437963,0.003058603371511537,0.0030774633088131997,0.0030743347863629866,0.0030678101061225593,0.003054650411236537,0.0030183239057803846,0.002970775460472641,0.002922137173118289,0.0028489547218697453,0.0027495780560918837,0.0026634702462605686,0.002592217452289769,0.0024927425147108773,0.0023709901356104846,0.0022743032639285232,0.002199481443925233,0.0021270955885811516,0.002100770232147331,0.0021570416018037997,0.0015890711741168295,0.0017741291629877476,0.001441360142076964,0.0026832149652138704,0.0016724603917026848,0.0025719943766246978,0.0018017582580336922,0.0017684697183533854,0.0026011409430878735,0.0025526444224328038,0.0012418157198553909,0.0016003344333815166,0.0020226010796519436,0.0014252836352659365,0.0023496739942646255,0.0020492285009381106,7.547160204704473e-05,0.0013507428639220886,0.0018725645054373241,0.0021127390991897976,0.0019647067157737563,0.0020489914996967284,0.002240714594821114,0.002363336918783321,0.002538222901324383,0.002723786412637985,0.00275636874628149,0.002745446064402246,0.0027653348962709545,0.002791756564548775,0.0028430383801568704,0.002914160302018187,0.002977697718555161,0.0030336489705611314,0.003090623160367123,0.0031346591951394442,0.0031614029867658155,0.003188298911087406,0.0032127741084551076,0.003214166768163773,0.003196685307236935,0.0031765321405092806,0.00314607265437461,0.003095699358185988,0.0030366402890930067,0.0029716449195189565,0.0028871500990573784,0.0027869410926614213,0.002686294936482869,0.0025797478020657127,0.00245817354781086,0.0023313735943997216,0.0022000765019574153,0.0020497019319482,0.0018918973856398846,0.0017557873069907748,0.0016356006037621107,0.001509646987062685,0.0013944436696661233,0.0013193074718831355,0.0009936413267917499,0.0006683611830642366,0.0004081356999225405,0.00020384204364215508,8.247093083019186e-05,0.0006244815634843803,0.0005551059437323147,0.0009117389880838322,3.255701508494968e-05,0.0008418516621058192
0.0009757053098708723,0.00048628842615106027,0.00019933779471215107,0.00045221718147386847,4.9080739235096704e-05,0.00019242925637352748,0.000497963962804826,0.0007225141613771413,0.0008654672940793251,0.0009993141170359654,0.0011440937556705943,0.001306376792644226,0.001457303396406151,0.0016507850273334013,0.0018509549615364218,0.002047938595248544,0.002201664852391927,0.002327643629703058,0.002469327449829639,0.0026190429955114114,0.002745555965508961,0.0028390614996929298,0.0029299882741693484,0.003004306872355089,0.003062705120247533,0.003124464030876184,0.003184196890497204,0.0032257637973056585,0.003259756553949611,0.0032945742394482336,0.0033114035414140153,0.0033054501040626905,0.0032960512875801484,0.0032803656874935694,0.003241288257121888,0.003190392208834214,0.0031379810769534,0.003060307299220466,0.0029549827473156487,0.002861014770132897,0.0027793601963380654,0.0026657225160452436,0.002525076186932873,0.0024041848187563164,0.0022989090470738605,0.0021893719859735206,0.0021204542410463434,0.0021250344895886175,0.0018890066040737064,0.001498569344568712,0.0020321342612534266,0.001014539866595332,0.001891957180740339,0.0019345862427483096,0.0018960950147269007,0.0016006571843920347,0.0021171198236616395,0.0026211738116568364,0.001369348815574399,0.001442036808801065,0.0019084129265529992,0.0012853990820346634,0.00239091384308375,0.001761540202402545,0.0008136245546022103,0.0016812460625530434,0.002002421665322829,0.0019798357910830733,0.0017553301401229127,0.002244991237518479,0.0023029774042983564,0.002491112022098285,0.002737459059324987,0.0028135317091749767,0.002782808625790334,0.002822631541112175,0.0028857932178536494,0.0029474333153297616,0.0030262708592616594,0.0031177398571937687,0.003195750577576817,0.003262453067418458,0.0033277162782132663,0.0033775821462727063,0.0034079105697454315,0.003436972037957564,0.003462680224418868,0.003464493093161547,0.0034470039810965414,0.0034267283796320935,0.0033959088212521804,0.0033450755726373016,0.0032860526196648587,0.0032216417466602865,0.003137543260095965,0.0030369722926938403,0.002935012760136413,0.0028258057260832636,0.002699962342766926,0.0025677847911927953,0.002430490866517032,0.0022727889898981335,0.0021045996339228434,0.0019532665211473565,0.0018118772103050684,0.0016588318621865161,0.001511893893176186,0.0014014079074069485,0.0013276430322039512,0.0009441701168474981,0.0006229682134546999,0.00038256091654259583,2.5048491888224333e-05,0.0004930203755786899,0.0005883972140756089,0.00010838799052351189,5.7960692982056417e-05,0.0011127083328041076
0.00023430642010646707,0.0005105444545303595,0.00021042198003623502,3.721506471265901e-05,5.455833485012995e-05,0.0007039083104072863,0.0006595593237357367,0.000816980684692381,0.0009834061127441673,0.0011325820536913223,0.001285531158769171,0.0014609963043152874,0.0016812188626834645,0.0018713225695893287,0.0020679613745705483,0.0022624888885373062,0.0024151777234147076,0.002541305946123451,0.0026836105302492363,0.0028337258127502096,0.002961239663598181,0.0030573697269711264,0.0031515580319367853,0.003228824322139112,0.0032893364288854032,0.003352364879551706,0.003412250424741914,0.0034526980289549813,0.0034848154720817925,0.0035173344371421944,0.0035310679102767972,0.003521228191578629,0.0035079454823185863,0.003488751430130388,0.00344619620202935,0.0033918088324391693,0.0033360278227508866,0.0032544943111895153,0.0031439738539980056,0.0030432158390214514,0.0029527822725126107,0.002827340189393679,0.002671066809200817,0.002530178724084009,0.0023993142269423395,0.0022575638206900894,0.0021504121762149775,0.0021119052095193713,0.0020987581982394587,0.001574846084750614,0.0017501290263827185,0.0011663313697866662,0.0023737886922394758,0.0017326423372659439,0.0020644052877134833,0.0014786357682155526,0.0016769150105324926,0.0024092876424666315,0.0015122471269177103,0.001409372829273798,0.0017170617222184714,0.0014759001899882912,0.002395338205959996,0.001450925740443726,0.0015787967623034915,0.001785305470524634,0.0019607319005202073,0.0017716758386691622,0.0020654605048914254,0.002258813493115852,0.0023929816466258247,0.002649797630934536,0.002862095190078684,0.0028285322322721407,0.0028480086573253738,0.002930679143294479,0.0030284146118745303,0.003117197552850115,0.0032166480420081633,0.003322676901429511,0.003410466601657891,0.003484232762497652,0.003555042513044726,0.003608897781730791,0.003641720501634693,0.0036723830398917023,0.0036991509818175006,0.003701484830202384,0.0036841297985327204,0.0036637630065692317,0.0036326519699718673,0.0035816895602340804,0.0035232646516815125,0.0034599967324161485,0.0033766753684657536,0.003275982388193155,0.0031731030475441457,0.0030622113116970384,0.0029338522631251474,0.0027986094769983927,0.002657890126144702,0.002495699999992218,0.002320492793786988,0.0021581115566627895,0.0020006724507165563,0.0018264615643776017,0.001653649976095517,0.0015124786328309936,0.001402583569487359,0.0012391574959514373,0.0008567974595136696,0.000555166025963949,0.0003464661730078755,4.551500488614302e-05,0.000564420407357269,0.0003580012478467953,0.001792086607869836,0.0013985983091460708
0.0003695961894440991,0.00039166006118993013,0.0011623615562251222,2.7500059494645068e-05,0.00021626948345448982,0.0006006491770083056,0.0007486534649114307,0.0009191471032379828,0.0011012972156544953,0.0012586827111947252,0.0014239260574382406,0.001668668455538369,0.0018855999620707165,0.0020722813396416573,0.0022667281842593257,0.002460804733475652,0.0026145617173340963,0.002742644703414343,0.002886901057216451,0.00303842555429068,0.003166884371509582,0.0032664237405785057,0.0033641720647349382,0.00344409813445945,0.0035060818900695123,0.003569722248095375,0.0036292783894548153,0.003668236176778472,0.0036980234232358855,0.003727646449598887,0.003737657851372478,0.0037232997159672987,0.003705411594615682,0.003682031156198029,0.00363568046102114,0.003577852264879944,0.0035187371135824153,0.003433134568658347,0.003317169875563075,0.0032096813822394266,0.0031111328391805193,0.002975505244379395,0.002806448331470035,0.0026494955798384012,0.0024975913922097304,0.002328373988425614,0.002187694906243931,0.0021105501952758954,0.002053824662884507,0.0017988858496354454,0.0015061613808222685,0.0019797145662534543,0.002914418043370365,0.0017411264702614782,0.002345922164098041,0.0013980804454566398,0.0013214833427064032,0.00202385114267134,0.001670880988922114,0.001520599506549189,0.0015404028572000017,0.0017149002083669956,0.002316505637457278,0.0011307011763263541,0.00059744614027743,0.0018449246716852052,0.001853508927639358,0.0015317562124061435,0.0022206781005873477,0.0022956432140785465,0.0024941769121643587,0.0028216532984354226,0.0028489010802829062,0.002865711271905491,0.0029283177558898643,0.0030457206393438296,0.0031705296006311334,0.003280168289461094,0.003395064665939973,0.0035116293557264644,0.0036063654231074382,0.003685236094179145,0.0037601505750944897,0.0038171022618461725,0.0038521997360398963,0.003884732337997354,0.003912995158295796,0.003916297455878515,0.0038995406972804902,0.003879625507245743,0.0038488867147450367,0.003798455987866989,0.0037410160527293623,0.0036788856438837447,0.003596144024100467,0.0034952854112723086,0.003391873122202904,0.0032801864891913723,0.0031504768173515885,0.0030132817524126665,0.002870219994925316,0.002704998271276904,0.0025249312185208206,0.002354470665475339,0.0021848976289579047,0.001994377726996399,0.001800924673001636,0.001633827786054809,0.0014915602766492064,0.0013809573120636132,0.0010946963435536916,0.0007318768903614714,0.0004644956404178946,0.00011188032783654434,0.0004550850463109768,0.00044556515611920977,0.0009114700520672925,0.0017076761398592821
0.0006278290490735194,0.00010801942469948478,0.00029032536308915,6.242377052290138e-05,0.0006478939834890785,0.0006938099096203132,0.0008436283148522961,0.0010302419103683236,0.0012208086928077178,0.001389513061304637,0.001624212272899217,0.0018656753616611566,0.002079198694255102,0.0022636904036739125,0.0024579437247840286,0.0026536947588879922,0.0028103053839892977,0.0029416842861808012,0.003088992314126182,0.003242978744408598,0.003372326764437883,0.00347586337565442,0.003577226546219392,0.003659506722740846,0.0037226411168979068,0.003786757712277322,0.0038459318511309126,0.003883219727104814,0.0039103486627378725,0.00393674338040606,0.003942729818725232,0.003923488899531424,0.0039006300011293904,0.003872910447952793,0.003822808479678974,0.003761414528701157,0.003698369461662243,0.0036077381653193408,0.0034853690215811417,0.0033705642420078785,0.0032640924715897635,0.0031196459151150435,0.0029404438203192163,0.0027710182865144928,0.0026022421940953278,0.002410200886153291,0.0022410964915609566,0.0021305556694839467,0.0020350839321847114,0.001956650125684356,0.0014016247970498052,0.0017630319637373937,0.001057943890506785,0.0019250542664590031,0.0027361679252262405,0.0013548126851949949,0.0010345898659653296,0.0016686164139035967,0.0015602402598878622,0.0016586502101737892,0.0013899744995325772,0.0017681285228337423,0.002226991536731282,0.000818548709767053,0.0016883387233765368,0.0018513003117550109,0.0015949972574543225,0.0019085985802411165,0.002196051757191342,0.002326560486522855,0.0025922821767905835,0.002798150663614274,0.0028433129352746223,0.0029046005289180554,0.0030032280590333027,0.003148323782144802,0.0032940575011443096,0.003419486867243804,0.0035458170290817437,0.0036701160124015253,0.0037702112885015238,0.0038533475853765875,0.003931867375410958,0.003991847250033431,0.004029700776069567,0.0040648294424917575,0.004095215822305653,0.004100068095008735,0.004084661575899817,0.004066149849910716,0.0040367487442779515,0.003987526937579866,0.003931229732543229,0.0038700056976546104,0.0037876856453804564,0.0036868883075361625,0.0035834269802063057,0.0034713780818277362,0.0033405669220719636,0.0032016033077001405,0.003056589528996012,0.0028892178605973706,0.002705853613632847,0.002529692916010573,0.0023512935631868626,0.0021486320664032554,0.0019392767368769936,0.0017512855208371425,0.0015816685987564139,0.0014367811528064878,0.001327298352958528,0.0009056766145498218,0.0005808685221228571,0.0003758624758163909,0.00013717719441835863,0.00041918212232822105,0.00016313831605141438,0.002047203407035625
0.0007367509968309316,0.0004055877838242128,0.00014995166502440593,0.0001264159669276954,0.0006884988439042616,0.0007735633923232621,0.0009402969799370831,0.001135725863885051,0.0013363814075883496,0.0015753192080047995,0.0018067508940119437,0.0020447722655324574,0.002255828107375346,0.0024396413484109036,0.0026352959110180763,0.002834027247523352,0.002994385927662435,0.0031297249199288,0.0032807673289517725,0.0034378908477193937,0.003567544638374831,0.0036749821517075842,0.0037795245516071274,0.0038637629670965623,0.003927890482522289,0.003992443904618059,0.004051115368624791,0.004086525902000426,0.004110840404483396,0.004133943717223643,0.004135865726147769,0.004111759901374579,0.004084145280744744,0.004052436736041831,0.0039986841155020825,0.003933217740429651,0.0038651710351373936,0.0037682482917332782,0.003638437287867502,0.0035158731048948733,0.0034019663286551927,0.003250267914860938,0.003063393531561931,0.002884606040242099,0.002702662736423833,0.002492178268073464,0.002299553732113435,0.0021606372025265164,0.002031212674894589,0.0019134679086004192,0.0015614727812691132,0.0015634693764984275,0.000720412856381969,0.0021452061645556575,0.002342852923863409,0.0013353819276989143,0.0007718406225368513,0.00126399524091024,0.0016113584102807055,0.0018230485640376819,0.0012702539204780122,0.0017565342379661092,0.0021397407375939037,0.0005266483725754612,0.0017456471678063967,0.0017615588394839787,0.0013153578197330207,0.0020206440784976687,0.0021729680135149643,0.0023615159365995564,0.0026944406312046643,0.0027570732403123244,0.002848703053367707,0.0029483740815551274,0.0030766959903043567,0.0032436159179870527,0.003405162754567259,0.003542157554896619,0.0036767971913600483,0.003806939016155475,0.003911474024894446,0.003998513302136186,0.004080709446550923,0.0041442481457639735,0.004185639978158684,0.0042241138382360655,0.004257338865695792,0.00426458535079377,0.00425151337578078,0.004235380465336558,0.004208090378106655,0.004160470491234358,0.004105349044791096,0.004045034671244729,0.003963407434013355,0.0038630695344510357,0.003759692102240808,0.003647029635586496,0.003514757333064611,0.0033739025703976022,0.00322721404787385,0.00305841351143199,0.0028730237855741914,0.0026931660031463966,0.0025087479211642894,0.0022974798663585316,0.0020764735032514636,0.0018726079263237105,0.0016811347483720596,0.001507173025754982,0.0013909698596454856,0.0010881450026949957,0.0007084059533116749,0.0005077001272055792,1.4047240081194179e-05,0.00038940100566220437,9.915926838222067e-05,0.002395539271561914
0.0007710066797364801,0.000525321477987506,0.0001872845068794371,0.00029539127200828297,0.0006542392201023262,0.0008406652640590151,0.0010168798627387399,0.001220274905711971,0.0014928376387343123,0.0017285269661094782,0.0019564123169196757,0.0021917886197708736,0.002401659563769254,0.002585992267248316,0.002783834690366138,0.002985927220953921,0.003150208431985546,0.0032896675846804113,0.0034446318234561124,0.003604947871081454,0.0037336789487395494,0.0038443747933849526,0.00395136223786563,0.004037032887068914,0.004101818995659645,0.004166475138308479,0.004224306455147597,0.004257662474992596,0.004279180248862646,0.0042991148513638056,0.004297240420393367,0.004268808549325098,0.004237135204512521,0.0042018899068466675,0.004144334655141635,0.004074021734719713,0.003999904478351302,0.0038958036128182716,0.0037582436811165465,0.0036283728212630484,0.0035082029719284424,0.003350953118109734,0.0031584395466499604,0.0029726662042821594,0.002780499845076556,0.0025551894940443187,0.002343119336538746,0.0021801076277825904,0.0020211348123815864,0.0018683706996079907,0.0017267611193715338,0.0013807593234999582,0.0011292941065578765,0.002488130618727352,0.0020127183819554917,0.0013339152314901237,0.0005157427334028519,0.0010329324097410747,0.0016726543679635303,0.0016920225891398702,0.0011737265468216573,0.0017567796418242326,0.0020579691017032775,0.00024931523229118624,0.0017168296905275549,0.0015871114081973392,0.0012785652044557394,0.0021186553198367375,0.0021619786308005318,0.0024090330384306524,0.002664532373375661,0.0027368339078495674,0.002870046837541551,0.0030025470268791876,0.00315507386426217,0.0033390230056959957,0.003512427831950049,0.0036578560164896023,0.003798648526511905,0.00393340802877884,0.004041688472002036,0.004132215062054856,0.004217999730873889,0.004285257962018729,0.0043303931402713935,0.004372550159911337,0.004409318860187694,0.004419926479675262,0.0044100716834140075,0.004396924740300623,0.004372045009656045,0.004326072471292575,0.004272182619901255,0.004213118347014433,0.004132643502903766,0.004032895418183968,0.003929309661965252,0.0038156774728221876,0.0036818535024402133,0.0035393573199156148,0.00339155280504011,0.0032221435192216763,0.0030357912138323506,0.002853662492757314,0.0026652312100509112,0.0024480952521978017,0.00221899117894353,0.0020036140040137207,0.0017951868620750266,0.0015970471868680391,0.0014494155968646227,0.0012841013110412858,0.0008521558932012563,0.0006041612109884409,0.00034732664930758883,0.0002973775695155334,0.0002112800188543984,0.0012731437131126844
0.0008211235448624954,0.001353328915952745,0.0001992784234648992,0.0005172977033829351,0.0006990092521175217,0.0008966143021032491,0.0010780974882828032,0.001355786036396578,0.00162504885669712,0.0018570547036986795,0.0020820874094233943,0.0023160693624540984,0.0025259896271020432,0.0027116331343682853,0.002911941832873133,0.0031174054817394437,0.00328558726388517,0.0034291232166739904,0.003587822232454352,0.0037498063471065324,0.0038771397673172947,0.003990403449087299,0.004099165158241158,0.004185637448900548,0.004250426005121821,0.004314554488141775,0.004371120536614592,0.004402258392164127,0.004420977962801498,0.004437922449493703,0.004432756842524532,0.004400753016366887,0.004365628684887879,0.0043269545562553136,0.0042651783881939576,0.004189339833342687,0.004108639009479553,0.003997417060990882,0.0038528528709278476,0.0037168823703080944,0.0035918048195365815,0.003430330348794919,0.0032334939440049615,0.0030422854758804796,0.002842035749006322,0.002604776160207267,0.0023767535891775493,0.002193638669766962,0.0020094577981713546,0.0018258778933892272,0.0017603611022237176,0.0012178998934793128,0.0013773593187800248,0.0028633906654546293,0.0018178982957607337,0.0013468818947268424,0.00025393818355343156,0.0009669877178367925,0.0017309129069934537,0.0015263641077272218,0.0010762853006285183,0.0017609078136047174,0.001959582505186047,3.1983689257442105e-05,0.0016525360058461391,0.0013915674476560058,0.0017541352194822557,0.0020670323184623918,0.002152722231094417,0.0024572584049346036,0.00260774118342616,0.002724647942625502,0.002894774847736259,0.0030552060801831704,0.003227479091358343,0.003424895425530927,0.0036075012568156373,0.0037595090372720685,0.0039053578291287083,0.004044191171204137,0.004155902084739926,0.004249619816651395,0.004338581839645195,0.004408966374982892,0.004457315263283634,0.004503136143842457,0.004544018961114227,0.004558732220163453,0.004552610361498899,0.004542643616491926,0.004520128010358726,0.00447571168918004,0.004423162318174412,0.0043656101381889245,0.004286308540564665,0.00418675540264879,0.004082525913970736,0.003967902936640733,0.003832978323097591,0.0036895716003090273,0.0035414724215071525,0.003372163123063654,0.0031853333720175403,0.003001430953084805,0.0028099605610398815,0.0025886801719134933,0.0023539273011503603,0.002130145293119279,0.001908492187672195,0.001690268939820827,0.0015150441673208448,0.0014145076827711822,0.000994672509882999,0.0007011832808178631,0.0005531535935111576,0.00021425387310880506,0.00031526129740261366,0.0007575935537250944
0.0008744428438614837,0.0006881004716137173,0.0001621437576267426,0.0007309727323025483,0.0007520123810310086,0.0009546496770328483,0.0012116077630525135,0.0014857449934129185,0.001751108357037734,0.001980110012189562,0.002203541403611342,0.0024373234848065195,0.0026480842571111607,0.0028353345630948157,0.0030380484332357405,0.0032467335003356634,0.0034186884566117515,0.00356604825906659,0.0037279785116621778,0.0038851637273605855,0.004015303141724935,0.004130602628712787,0.004240587163480303,0.004327208732656462,0.004391266230579061,0.004454205251462784,0.004509052901857991,0.004537716184062512,0.00455356496186432,0.0045677445796582505,0.00455980397548994,0.004524708512529174,0.0044862368867943925,0.004443864181616464,0.004377486601329084,0.00429594854918014,0.0042090072301350645,0.004091627668856512,0.003941326519652288,0.003800359345159765,0.0036711510511822087,0.0035060435857622307,0.0033055152586861647,0.003109889961557477,0.0029033769871167348,0.0026569235878780573,0.002416461173179063,0.0022173313180297582,0.0020123545983722346,0.001802201243326862,0.0016566068850802362,0.0011685229407671915,0.001205076264549132,0.0030617613230988494,0.001751197788926906,0.001337938079926937,2.106374046315085e-05,0.0009556496120756014,0.001776089614886664,0.0013564422016472816,0.0008037557647238153,0.0017571976438269798,0.0018309556528881277,0.0003328458962691683,0.001544613158029312,0.001226054999956927,0.0019421677541967552,0.002006760385200479,0.0021354320003187377,0.0024955647598168262,0.002552538159012241,0.0027102498910435147,0.0029129442613209378,0.0030971973241823436,0.0032858614721797963,0.003494212301831001,0.0036842332511825004,0.0038417719146792706,0.003992286547318424,0.00413526430378941,0.004250714761106722,0.004347878900424762,0.004439900854277923,0.0045129144643433206,0.004564004336252592,0.004613400675234414,0.0046586410220359475,0.004677763277209812,0.004675650263381348,0.004669078765668466,0.004648947430822448,0.004606042430996049,0.004554679268711004,0.00449819233836779,0.004419446729328147,0.004319454565328562,0.004214361632939534,0.0040990763270204456,0.003963778609845425,0.003820287478645157,0.0036724109069234956,0.00350312801020658,0.0033153221727239,0.0031292338999747704,0.002934794963288967,0.002709995873829918,0.002470728837573488,0.002240240264893112,0.0020077313564675903,0.0017723789516701505,0.0015726418057560032,0.0014409743735045444,0.001119892475691886,0.0007825597024158082,0.000730480428728697,9.755051317339447e-06,0.00031157387265595693,0.00039990913314258414
0.0008756529688042913,0.0003592098550930234,0.00014134758244427337,0.0007276891951872866,0.0008078087861845828,0.0010833979283302875,0.0013392269363361464,0.0016089297407121395,0.001870925703177373,0.0020981880737015457,0.0023212238497287707,0.0025555162000736598,0.0027673271536773347,0.0029560175278784406,0.003160746614092269,0.0033722230513395512,0.0035475021767573667,0.0036971610002433097,0.003854427359676116,0.00401308496118058,0.004145461474775902,0.004262263717327963,0.004372899390979068,0.004459127450807343,0.004521963272461682,0.004583227914579546,0.004635917210181972,0.0046618395710644744,0.004674810974101051,0.004686443310792043,0.0046759860022407285,0.004637843881270198,0.004595770411330191,0.004549364640762055,0.004478320056744534,0.0043915133520783245,0.00429926174604367,0.004176889532040429,0.004021804330938794,0.0038762930067444135,0.0037430153149401457,0.0035742687381484783,0.0033702978574420284,0.003171135123656743,0.002960202918859234,0.0027073420053612685,0.0024578527951868434,0.002246531766004811,0.002024870061729689,0.001792295478987127,0.0016183071103579305,0.0012495419718853706,0.0010645436846372647,0.0017093702710672953,0.0017008813194258898,0.0012987355409949664,0.0003017963086969361,0.0009254084600458373,0.001800386342647134,0.0011392274947286847,0.0003322106497681415,0.0017412170912978198,0.0016675626462993864,0.000663629891391293,0.0014534257245071847,0.0010329905422131191,0.0019705574891123456,0.0019410004418531357,0.0021125079298638383,0.0024353983874884078,0.002501406176646681,0.0026964859564079235,0.0029280744389982294,0.0031328680756395055,0.0033352905731848237,0.0035526051093238697,0.0037486840860235793,0.003910925613620719,0.004065747610723203,0.004212986617037395,0.004332688637109561,0.004433953201986696,0.0045295918737807694,0.0046056050407866644,0.004659575054130727,0.004712433121446535,0.0047619458365496525,0.004785761475308625,0.004787802033307198,0.004784538520987924,0.004766851220365909,0.0047255536957543365,0.004675240833744931,0.004619209435421601,0.004539890646664602,0.004438946621224571,0.004333329651057594,0.004218146848670834,0.004083308831396515,0.003940156950293372,0.003792132641646795,0.0036218450572753635,0.003431989034185179,0.0032430844498182454,0.003045494937322646,0.0028172742600868217,0.002573864794375713,0.0023374196326800822,0.0020952698542894277,0.0018445350239464364,0.001622484732484275,0.001461899512325171,0.001227320978362978,0.0008474858873112612,0.0007808811125283865,5.757585990745495e-05,0.00027086194722097945,6.939914688253168e-05
0.0009217709945224806,9.459243867104838e-05,0.00011246797944930442,0.0005954068611085384,0.0009010514796350955,0.0011876106448200363,0.001443759357418084,0.0017132370210130032,0.0019757903980077707,0.0022026063201756596,0.002426066066950061,0.002661204137956341,0.0028740643386897524,0.0030639784227624034,0.00326831655931914,0.0034789173056782863,0.003653001364849917,0.0038013668234879727,0.0039618993047176865,0.0041229249240249954,0.004256873921267168,0.004374545970848853,0.004485283109670002,0.00457075660881423,0.004632125374237184,0.004691451332688001,0.0047417575022203895,0.0047648845883343505,0.0047750287303642835,0.004784089346861142,0.004770955583628611,0.004729504333855106,0.00468351621809282,0.0046328941363532605,0.004557401028463803,0.004465997246846043,0.004369268334999732,0.004242539242994003,0.004082939936134289,0.003932803525030781,0.003795168938819371,0.003622558629486239,0.003415308271114026,0.0032134279957112266,0.0029996827714510177,0.0027427287708761128,0.002487009027092868,0.002266629842320733,0.0020317702883251854,0.0017805799933270916,0.0015821059882329958,0.001340459302524577,0.0009380174564154742,0.0009431241258485712,0.0016454890331281669,0.0012240054795876476,0.0005293628090871083,0.00086791943450093,0.001799164072050996,0.0008632253257746664,0.00014235187979662334,0.0017134183736022268,0.0014716779040096217,0.0007861793727141353,0.0013887482664446948,0.0008258372351269139,0.0019684728386437644,0.0018670871208280038,0.002080818491123182,0.0023444457756915393,0.002450961565117815,0.00268016916029179,0.0029375256109155368,0.0031601408516992446,0.0033741427761820875,0.0035989250633587933,0.0038001378450587264,0.003966374679339246,0.004124881731838448,0.004276057356528806,0.0044001646594010735,0.004506138867225173,0.0046063318207522075,0.004686309419342671,0.004743681530158694,0.004800147011353895,0.004853687806888107,0.004881452737822922,0.004887445239462607,0.004887743575964887,0.004872779314385123,0.0048331044299723125,0.0047834385030883775,0.004727354231437997,0.004647545145605059,0.0045459218158176995,0.004440383679587434,0.004326342293403673,0.004192546788614915,0.004049397484603201,0.003900134466462757,0.0037277223591462016,0.003535278840047118,0.0033436519189472547,0.0031433377165307474,0.002912189633482165,0.0026650968980656,0.002423182699330617,0.0021721444704465576,0.0019073344379416657,0.0016649358083121735,0.0014777714624645277,0.0013177025114933794,0.000897428598717942,0.0007988056169407343,0.00042555160958385185,0.0002131821971834147,0.00019784502509234692
0.0009814273178153088,1.9711845270053985e-05,0.00011379214106710389,0.000635426813872797,0.0009724305002868916,0.0012552980808697711,0.0015080684845399928,0.0017757923944010656,0.0020386520410712317,0.002269103339646472,0.002495940533164376,0.0027336530484627364,0.0029484425093053712,0.0031397532323320654,0.003346912942144731,0.003560886632638649,0.003738397438671992,0.0038898287011444044,0.004052708884612066,0.004215248625254686,0.00435000544794939,0.004467955602192042,0.004578413133542125,0.004662893665888901,0.004722629821258817,0.004779965529350894,0.004828011419411693,0.004848522519582343,0.004855823721305663,0.004862008576232091,0.0048457599812442576,0.004800596109345245,0.004750401336390375,0.004695502360701709,0.004615836161454556,0.004520283415058279,0.004419363740475801,0.004288278895089093,0.004123993055019315,0.003968955387043227,0.003826623604114121,0.0036499430819363354,0.0034395752111013866,0.0032355869912112922,0.003020128451077686,0.0027607541937241242,0.0025009944018784536,0.00227411846635428,0.0020290239685548106,0.0017626132055806876,0.0015430921409117504,0.0014130656254587315,0.0008178033257768558,0.0005874562783018122,0.001593535271845331,0.0011059230518653262,0.000617124129405372,0.0007827908865701144,0.001722503590593085,0.0005753526822834774,0.00035913504238960225,0.0015444258551910034,0.0012519068349974294,0.0013632625842436574,0.0012853048483699725,0.0009402286265226545,0.0019365205492552495,0.0017772675389528536,0.002031426868841002,0.0022470486316106264,0.002390633219603755,0.0026504278402127435,0.0029304574363633318,0.003168478075587622,0.0033923840717028364,0.003623620548865558,0.0038293482604969675,0.0039990167154776435,0.004160561156331677,0.004315133603079557,0.004443553032087988,0.004554746560507916,0.004660407288715529,0.00474524453541969,0.0048067586694349185,0.004867001362646728,0.004924030881037655,0.004955558150537609,0.004965478107235244,0.0049694844190056875,0.004957368704424203,0.004919240556992777,0.004870013254914429,0.004813806516283603,0.004733799228268887,0.004632442071949683,0.004527732860000966,0.004415303219115763,0.0042823163861297475,0.004138231034619744,0.003986789455926898,0.003812046837588623,0.0036176784129642314,0.0034244678913665227,0.003222595928965899,0.0029894505660444937,0.0027393246803181226,0.0024925631158103645,0.0022336913160085903,0.0019566430020474535,0.0016965656004037655,0.0014861326037997058,0.00136632254739244,0.0009329672467018324,0.0008043030733925205,0.0006099058827683246,0.00014629436790014605,0.00019508437684129243
0.0010420591441300253,2.622891634090907e-05,0.00018119365643776142,0.0006910742724829388,0.0010241361037567343,0.001303221215582795,0.0015537053987243477,0.001821115690617936,0.00208557569004697,0.002318855416998944,0.0025488464508327535,0.0027896091733623507,0.003007404810710712,0.003201736419811918,0.003411840306248859,0.0036286219032194422,0.0038087502805570495,0.003962377081325075,0.004126712547581568,0.0042898986402158945,0.004424771238194736,0.004542568521245349,0.0046524969093469926,0.004735828492805849,0.004793904869429433,0.004849414014334252,0.004895486767517165,0.004913599364140819,0.004918045672476112,0.004921112712349185,0.004901387874093777,0.004852143837985046,0.00479748584980455,0.004738280354730895,0.004654596357540841,0.004554991328703073,0.004449755824403656,0.004314079100110613,0.004144904829189944,0.003984760841940549,0.0038375010406646037,0.003656643246662261,0.003443293489733823,0.0032375926501441166,0.0030212160233360486,0.00276081635357861,0.0024989441100200516,0.0022678323329462513,0.0020151338787015582,0.0017365074141126313,0.0014988279301381136,0.0014723663768113626,0.0006996630260445169,0.0004941657882446271,0.001509065924658659,0.0009490646757441545,0.0007271929337096528,0.0006744960529983385,0.0015903609944205796,0.00028353649611727663,0.0005412319487898692,0.0012457793415676655,0.0010389018409215356,0.0013832597811068437,0.0011359113449729286,0.0011342375059023024,0.001852349725630753,0.0016767369802101473,0.0019675756366008823,0.0021449345906599526,0.0023211810861506477,0.0026075796179263477,0.0029070401561551718,0.003158215931987507,0.0033906716025504657,0.0036274611177845584,0.003836976434752337,0.004009510631013402,0.004173643957130935,0.0043312793170248165,0.004464011113957667,0.004580865033962267,0.004692591001802748,0.004782768545075089,0.004849117238528433,0.0049133391684311745,0.004974310177020991,0.0050097385956368035,0.005023471419890013,0.005030993785575366,0.005021553564456882,0.0049849046207991465,0.0049362747995795875,0.00488038895967835,0.00480084031447936,0.004700379169978897,0.0045970615279598,0.004485528503599734,0.0043523937271733315,0.0042065418624279705,0.0040527856821831465,0.0038764689738640667,0.0036815814891357768,0.003488268674565753,0.0032858599950356115,0.00305122985207007,0.00279851931396502,0.002547790902099112,0.0022826790888960113,0.0019958754896440833,0.0017216213750161913,0.0014923341682406832,0.0013497771888655863,0.0009621751739210538,0.0008069782325519914,0.0007150617494355305,6.635665963866666e-05,0.00018426352199912843
0.0009428160106498273,4.0784284986272734e-05,0.0002792946385530848,0.0007224655741293051,0.001050723057607228,0.0013266374375080492,0.0015761245123731005,0.0018446114577479467,0.002111861495765477,0.002348825628412987,0.0025825013966221944,0.002826650969607325,0.003047642533512196,0.00324489810692119,0.003457489140513359,0.0036764257852297533,0.003858475098758918,0.0040135160204134435,0.004178447225565707,0.004341540589715698,0.00447603192920476,0.0045933306877966595,0.0047025001366104435,0.004784694841076909,0.004841376994417779,0.004895377417388436,0.004939700677058623,0.004955573265227664,0.004957275605938394,0.004957212915851383,0.004933848475992653,0.004880293879240938,0.004820989808901666,0.004757399637490223,0.004669674089464393,0.004565926822259203,0.004456188820013085,0.004315756310847019,0.004141638021097571,0.003976378932798563,0.0038241805014049834,0.003639196470405448,0.0034230365405720775,0.003215977305661588,0.0029994102319194083,0.002739248427953589,0.0024769584226723707,0.002243564585827529,0.0019854895724301103,0.0016970659823452583,0.0014434329032892435,0.0013120483328835642,0.0005769790350773074,0.0005430990248616596,0.0013852776486897589,0.0007465837439141476,0.0008563477023012661,0.00046906628568144093,0.0014420777395025668,6.695684679692421e-06,0.0007063321462991712,0.0009762251612787931,0.0008384727947170767,0.0012958966144818451,0.0009606783070795211,0.001238890007322524,0.0017316095803182052,0.0015770392360002217,0.0018991448925373966,0.0020468576416148854,0.002250693142014537,0.0025593542471415986,0.0028748302244320234,0.0031368349168658938,0.0033763948180631775,0.003617710869800561,0.003830236237984619,0.004005180506534312,0.004171687983031247,0.00433226757223093,0.00446929222879533,0.004591840778613632,0.00470957369754621,0.004805297196732394,0.004876453294966776,0.004945385365930588,0.005010984113638761,0.005050550246600949,0.005067888668114806,0.00507854048491152,0.005071491283956897,0.005036337159035953,0.004988677311331902,0.0049337487065810315,0.004855318658101959,0.0047560337301081335,0.004653667306711573,0.004542144349075183,0.004407972410901628,0.004260138933141366,0.00410459901950444,0.003927755060003979,0.0037335313396688052,0.003540904991420568,0.0033380825166587913,0.0031018621084473175,0.0028469621581161952,0.0025934135975683725,0.002323849823578805,0.0020298941889654865,0.0017452438743575938,0.0015019488480876309,0.0013418167056200025,0.0009913109861060532,0.0008136705863260318,0.0007596318747165043,1.3734361636652537e-05,0.00017480684436660399
0.0007703990253095372,3.056232809878212e-05,0.00035046910319536106,0.0007340776876201272,0.00105720033834239,0.0013306920631936392,0.0015803914364537208,0.001851137381012835,0.0021220698799474524,0.0023633277052603763,0.0026011537463161982,0.002849041122682472,0.0030733132012182862,0.003273209021431134,0.0034877768357326477,0.0037083255556967787,0.003891698654685749,0.004047410599938295,0.0042121766669293015,0.004374610428159453,0.004508331887606576,0.004624809454518597,0.004733066987202994,0.004814304351369203,0.004869976632711159,0.0049227805717463324,0.004965540341772767,0.004979332048158258,0.004978384900193755,0.004975119453076049,0.00494792930928778,0.004889884240767417,0.004825765868237242,0.004757605641718676,0.004665673756488964,0.004557660259045804,0.004443313292318618,0.00429806637977137,0.004119046963129813,0.003948792860614891,0.0037918139356473146,0.003602926419989716,0.0033842634168220753,0.0031762502317027597,0.002960120973241387,0.00270120062715018,0.0024398299368538767,0.0022056631124636183,0.0019438037198931113,0.0016471546158700612,0.0013789909510924514,0.001137852150999985,0.00045120469712672806,0.000634482461213226,0.001226033999933901,0.0007445531283293283,0.0009850705569405815,0.00023019544490036903,0.0012802687922722593,0.0002928269999326154,0.0008525943368269812,0.0007757402363694071,0.0006347368528899777,0.0011950294589693489,0.0007933853130484003,0.0012944066083211414,0.0016163289448588025,0.0014788731591001136,0.0018259684615007377,0.001952265621894378,0.002178145784128449,0.002504285663441075,0.0028320775937102916,0.0031024073248854256,0.003347546404415813,0.0035925526968373367,0.0038077824977569286,0.00398518692956118,0.004154208833781703,0.004317748304496272,0.004458814020367741,0.0045864604244398866,0.0047094501063627,0.004810260459980342,0.004886278267914657,0.004960359541807069,0.00503084918753105,0.005074479876096549,0.005095171403306731,0.00510871772153243,0.005103965659390641,0.00507042238621358,0.005024053508400184,0.004970484778588413,0.004893401527357066,0.004795069891577741,0.0046929627005866115,0.004580785355693506,0.004445216372512495,0.004295666819543631,0.004139072604939842,0.0039625104114608956,0.0037693792016502137,0.003577275202933161,0.0033736566738216123,0.003135915442306403,0.002879575437613524,0.002624362284933901,0.0023518719903491414,0.0020531488402356635,0.0017617308812336585,0.0015090596762893371,0.001336297233057504,0.0010139509278564995,0.000818135607338899,0.0007913773152983805,7.735695222232941e-05,0.00016323918300009677
0.0005286360909720622,2.734944977772491e-05,0.00038831747227530133,0.0007348820958834601,0.00105250014214886,0.00132412806887805,0.0015749804117902722,0.0018488284982124403,0.002124079619052588,0.0023702244478284173,0.002612760770798417,0.002864686840897135,0.0030921659182830963,0.0032944015005905714,0.003510572924175448,0.003732256148166524,0.003916301191427496,0.0040719334153555,0.004235842349141872,0.0043970708525352675,0.004529637068735104,0.004645088636090033,0.004752417840185985,0.004832798349568401,0.004887585800712024,0.004939339547727961,0.00498072315101683,0.004992553942443245,0.0049888561455153635,0.004982104472194049,0.004950824593524805,0.004888127562177047,0.004819039255134716,0.004746106647266379,0.004649792726102331,0.004537417008407596,0.0044184333379789775,0.004268422047017717,0.004084642232208724,0.00390959357943621,0.003748091150479249,0.0035556488766649297,0.0033348892358645577,0.0031263410036622696,0.0029111919600349756,0.002654319541131933,0.0023948434376891425,0.002160824314143772,0.001895980354762572,0.0015918554030602272,0.0013100228525671498,0.0010070464074525276,0.00032661487637214437,0.0004057835801020149,0.0010376502292793188,0.0007341189004013982,0.0010432970954476067,2.3012864363555763e-05,0.0011081089950929594,0.0005720234113447097,0.0009460814412579482,0.0006060411691457823,0.0003808292917136247,0.0010812309323178781,0.0006340806683154954,0.0012977721798620445,0.0015032627418880562,0.001378359105620508,0.0017437484288685967,0.0018566346718603133,0.0020986293628684205,0.002437243244524767,0.0027737069162965255,0.003050115562813982,0.003299705623761473,0.0035480954947063603,0.003766317263269481,0.003946777855978523,0.004118868948979504,0.004285562183911296,0.004430295006636498,0.004562183255555685,0.004689561317972046,0.004794933096258114,0.004875795329484678,0.004954938480699722,0.00502992155572024,0.005077131293529713,0.0051009035317802764,0.005117347703310182,0.005115083108346852,0.005083426251490386,0.0050385707146063385,0.004986363378251646,0.004910332507216286,0.004812455632252743,0.004710112369430419,0.004597127759485509,0.004460292174047198,0.0043095573399341,0.004152576462273849,0.0039766437661858944,0.003784381708651252,0.0035923374961089882,0.0033878753769076564,0.003149211286042397,0.0028922855721179586,0.0026362285077863312,0.0023619704083733817,0.002060575470071102,0.0017655729176905277,0.0015075380102782532,0.0013266352253017422,0.0010232950720120981,0.0008138589675795727,0.0008039968891391802,0.00012933075373705583,0.00014517535072164356
0.0003798818957622685,3.187829322809366e-05,0.0003922076359449411,0.0007235128378388911,0.0010348758902923305,0.0013047085902549993,0.0015571034851568077,0.0018345061668437745,0.0021146299556582537,0.0023662708155547385,0.002613883017574703,0.002869795418209309,0.003100183637719689,0.0033043940609053246,0.0035216624273386454,0.00374375574120156,0.003927660212769246,0.0040824456171877355,0.004244782403679537,0.004404205418695684,0.004535280858351198,0.004649615409130559,0.004755939679171428,0.004835267683068523,0.004888963681199954,0.004939577193718958,0.0049795617418095794,0.004989343115328282,0.004982713744828837,0.004972314007584466,0.004936912967321461,0.0048696373993786235,0.004795634219337708,0.004717907886061967,0.004617171195242964,0.00450044111440806,0.004376904969700557,0.004222324231261343,0.004034116654805575,0.003854704097790984,0.0036891307933828443,0.003493557835634431,0.0032710829989828216,0.0030623936961625686,0.002848743854545477,0.002594541419200902,0.002337433550426149,0.0021037066895501777,0.0018358666181260141,0.001524441472734006,0.00122960689387136,0.00089099105739332,0.00019671743283250498,0.00019081724555369828,0.0008222643616868086,0.0007502834423411542,0.0011026594928355005,0.00028688832244046225,0.0009295190328580498,0.0008388895496985772,0.0009930198352078312,0.0004707347624970798,5.164650204086962e-06,0.0009553208994270979,0.0004864026588465298,0.0012512745190858543,0.0013943801908060105,0.001277184969658396,0.001653817970962257,0.0017609838458382265,0.0020131061676552653,0.0023595699286032,0.0027017166814269356,0.0029826920975066784,0.0032362825610021684,0.0034882478280319207,0.0037100381656481884,0.003894313540203531,0.004070098963130153,0.004240108026962841,0.004388151494361225,0.0045237164807009345,0.004655089091635145,0.004764733540105315,0.00485016756720702,0.004933758954372869,0.005012434861083048,0.005062591192243171,0.005089150972648393,0.005108508699638747,0.005109013259214534,0.005079678572004642,0.005036634022922315,0.004985718968735786,0.004910432804660636,0.00481278777563654,0.004710254817244297,0.004596937387113753,0.0044595171719735704,0.004308376188902341,0.004151398677824325,0.003975847724873582,0.003783955516903026,0.0035918387467590573,0.003386928653132615,0.0031479347362727284,0.002890946234505809,0.002634633582069501,0.002359611545496132,0.002057203892447901,0.0017610006681106904,0.0015007571829265265,0.0013156170805562195,0.0010219080812778336,0.0008035372917971628,0.0008003915794361771,0.0001667293680396309,0.00012379553993638326
0.000326194628094828,4.3715098655860984e-05,0.00036225457658295435,0.0006990368932591196,0.001002840661322446,0.0012702986587030396,0.001524055642118216,0.0018051584799201326,0.002090509766259574,0.002347862803186773,0.002600368597642344,0.0028598226737088783,0.0030926581533774478,0.003298310384949321,0.0035159016405904575,0.0037374931585524296,0.003920443264830875,0.004073691428386761,0.004233825737756769,0.004390968016085073,0.0045202899641536565,0.004633268642712296,0.004738216117430527,0.004816099199457136,0.0048683995828686655,0.004917545399003909,0.004955715677131711,0.004963123688353277,0.004953511399804711,0.004939670636558313,0.004900513910030657,0.004829075536468941,0.004750488149495302,0.004668164646619788,0.004563171445341685,0.004442300484010286,0.0043144448502379085,0.004155601269478337,0.003963488305984697,0.003780406929465352,0.0036113853928666506,0.003413101176310329,0.0031892181522261698,0.0029806888076494564,0.0027688162334109645,0.0025173986919047042,0.0022624095144860856,0.0020283387402196817,0.0017568460003139497,0.001437961929835252,0.001130773466698043,0.0007697054305809137,5.463266679389678e-05,4.402856603469285e-06,0.000589990315951,0.0007842224879068271,0.001158989956171863,0.0005576767357071827,0.0007353116714933772,0.0010803807908546688,0.0010128874431858809,0.00037288217633971166,0.0003467581157511612,0.0008255180251746097,0.0003523393907203243,0.0011560303398177596,0.0012906053107339943,0.0011758288567327302,0.0015561345819145034,0.001665021910656761,0.0019214001946222803,0.002271508783826315,0.0026168986076421374,0.0029014859163047912,0.003159108090177276,0.00341517927032009,0.0036412480887658694,0.003829953500589234,0.004009672205083081,0.004182824214361891,0.004333914672296713,0.004473106683238082,0.004608523921579399,0.004722068063606533,0.0048112900434325034,0.00489827573757573,0.004979776067001951,0.0050323920726363935,0.005061485070101623,0.005083607285798042,0.005086946459788799,0.005060286430721095,0.005019488805281913,0.004970152869957611,0.004895797170091587,0.004798703919680847,0.004696630374485533,0.004584126878731332,0.004447302643873274,0.00429648953717543,0.0041393785969761066,0.00396355950780336,0.003771673316666835,0.0035796912094724354,0.0033747345445087618,0.0031357319963551955,0.002879097294017474,0.002623209981814534,0.0023482782453591033,0.002045897969418342,0.0017500847964081467,0.001490204662271899,0.0013044203535900745,0.001010768034795162,0.0007880533923656508,0.0007814948583798054,0.0001883328769690107,0.00010055539154357751
0.0003610507702532517,5.206327876822181e-05,0.00030859992253950974,0.0006711129089964074,0.0009654322834681817,0.001229382797021894,0.0014839441304619339,0.0017685239798249652,0.0020588994438539565,0.002321573209026373,0.002578417174579961,0.0028408206217513943,0.0030755063462546417,0.003281936220567716,0.0034991179579615395,0.003719508054272791,0.0039009194332727537,0.004052179574078996,0.004209806266471494,0.004364453719662764,0.004491703261588764,0.004602782743458711,0.0047057756109504245,0.0047818338407813465,0.004832426881611895,0.0048795834341328614,0.004915300368632081,0.004919965745151411,0.004907445355169071,0.004890541657944336,0.004848127759617182,0.004773009158292485,0.004690203179522845,0.004603588207263809,0.004494740414001996,0.004370210504656025,0.004238468526489014,0.004075817314595054,0.0038804352113066543,0.003694391903083738,0.003522455262239821,0.003321808888397171,0.003096784767532168,0.002888518795835182,0.0026782269260462455,0.002429091143381523,0.002175414913106688,0.0019399564183073537,0.0016639196604549267,0.0013373638776482122,0.0010185023448350816,0.0006482392313404972,9.503815058531373e-05,0.0001744607759268657,0.0004736352703717528,0.0008005722050094255,0.0012058595813370654,0.0008283279135572474,0.0004331140500570922,0.0013017879369791492,0.0010024824860770387,0.00015338884475288306,0.0006710838154531662,0.0006950707158438207,0.0002323370541929548,0.001010668417251115,0.0011899103305109682,0.001071343885325371,0.001447045330378427,0.001564785349926212,0.001819352488265591,0.002168768061988513,0.002514957316380073,0.002802323652521199,0.003064161369638385,0.003324970710788966,0.0035559631170216655,0.003749380393109125,0.0039328423756697095,0.0041088497489719655,0.0042630637978544605,0.004406241451351933,0.004545759230415003,0.004662425399601711,0.004754233100619731,0.004843454585166329,0.004927118229893002,0.0049820136571204765,0.005013566803157232,0.005038215547671476,0.005044110557469228,0.00502012034519872,0.004981947583539759,0.004934768930952682,0.004861922909294325,0.004766029623231138,0.0046655855483640485,0.00455514202274554,0.004420038923299563,0.004269869096578005,0.004112224664266528,0.003935758110819476,0.0037439773622328643,0.0035524831495765685,0.003347801253935634,0.0031092016451509386,0.0028535430561785757,0.002598671534984831,0.002324207784570431,0.0020223829062154808,0.0017283258321746375,0.0014714674083400325,0.0012888644433480256,0.0009858539549968959,0.0007635576947563893,0.0007436701766690978,0.0001969783640801137,7.275641345186323e-05
0.0004808310681751471,5.064301162815976e-05,0.0002370901268597958,0.000644766000202579,0.0009270858030940299,0.0011859135502004237,0.0014402352045600475,0.0017274013948046507,0.0020218835543232005,0.002289028767020307,0.0025494644250043663,0.0028140515193741944,0.0030497852396275116,0.0032563021839751016,0.003472562114029132,0.0036913411758142667,0.003870899090458235,0.004020040176362483,0.004175158070823803,0.004327179004502524,0.00445191616649554,0.004560485894038124,0.004661010101354668,0.0047348655946928275,0.0047833108397756785,0.004827886493467215,0.004860609410739847,0.004862296037202007,0.004846968806386798,0.004827292527668003,0.004781947324634772,0.004703436505860248,0.004616709216666459,0.004526249368599022,0.004414202792018651,0.004286770883039082,0.004151902649355166,0.003986230276216141,0.0037883600549752927,0.0035999825938771712,0.0034255752740445233,0.003222939616216225,0.002997027838633093,0.0027889364600710564,0.002579733388243133,0.002332117515398746,0.0020788031364873394,0.0018409462141069088,0.0015596896227115797,0.0012254920971349614,0.0008957659178860933,0.0005297457974310915,0.00024880768270990616,0.00025961061261692286,0.0003459272351099274,0.0008065719398828164,0.0012366907578615222,0.0010877540230825739,0.00014786256084407118,0.00149655133195414,0.0009562345934866073,0.00014121429635841065,0.0009617422319840863,0.0005621557799312393,0.00013182148049994957,0.0008192074074297451,0.0010949149413124193,0.0009655559618185761,0.0013278988029465921,0.0014612490485651497,0.001707628476305012,0.002051797301614422,0.0023962878697673107,0.0026856046081712437,0.0029517260150794256,0.003217559290110694,0.0034535803110287144,0.003651501663409551,0.0038384118924023047,0.004017327165315887,0.004175137265995277,0.0043226642207202515,0.004465983975501353,0.004584867002483617,0.004678106152732786,0.004768888436756158,0.004854542803640505,0.004911886090747775,0.004946038533133579,0.004973026231794853,0.004981047513198167,0.004959443165645561,0.004924022644549608,0.004879468246143492,0.004808763637661473,0.004714862058329716,0.004617349807382487,0.004509803435844506,0.004377093410897759,0.004227795444183502,0.004069769932460776,0.003893085340000435,0.0037020208323519377,0.0035115529293037184,0.0033076628695708488,0.0030701002494335494,0.0028159425797393833,0.002562189709798268,0.002288130870512828,0.0019873979516398244,0.0016968374409149778,0.0014460755268087544,0.0012708320969367914,0.0009495145759960133,0.0007329171514581789,0.0006902637327692029,0.00018993189582078296,4.303015950182787e-05
0.0006238580611317712,4.241288736783755e-05,0.00014470418836087795,0.000615685174878644,0.0008830440008651963,0.0011345607772173527,0.0013868270388285309,0.0016749115681952143,0.0019720049135770745,0.0022423356287398777,0.002505202966958109,0.002770908822533724,0.0030068373030015527,0.003212863311669256,0.0034278043265567604,0.003644704395738829,0.003822344949956813,0.003969463627266356,0.004122067785572114,0.004271180158361143,0.004392968735185243,0.004498622397546614,0.0045962819077864925,0.004667441002094375,0.004713176926702478,0.004754689265712209,0.0047841317818351214,0.004782775658029315,0.004764731762700314,0.004742402718874161,0.0046942300709568174,0.00461253401094186,0.004522344203902295,0.004428754845536065,0.004314393933304572,0.004185077703215412,0.004048214018021246,0.003880645643722036,0.003681257151931905,0.0034913354753981496,0.003315126553367853,0.003111006994652832,0.0028843908741302826,0.0026762472186460107,0.0024675577974087037,0.0022206390075889537,0.0019667323543531845,0.0017256524804207807,0.0014388256485293183,0.0010972746787912269,0.0007576869996038238,0.000433704236333321,0.0003914938032473225,0.0002539902546876416,0.00020988792498791153,0.0008040340766204968,0.0012489202373866665,0.0013262712414417316,0.00011976862787099057,0.0016596491646952254,0.0008694777000387427,0.00041442320916151854,0.0012129553145242278,0.00043746614182230137,5.667641977324944e-05,0.0005872447077400755,0.0010102310314574203,0.0008630205553364356,0.0012033474635093078,0.001359061247753035,0.0015910011441735428,0.0019254565666474432,0.002265688304737057,0.0025558447987134025,0.0028257908261299924,0.003096214073642023,0.0033367065723285405,0.0035386600659482736,0.003728903804313899,0.003911013089216486,0.004072747462132487,0.004224481947394332,0.004370896069455288,0.004491411935244494,0.004585362674187632,0.004677795122242645,0.004765754982069548,0.004825824739619233,0.004862643355941443,0.004891771928559163,0.004901586891663534,0.004882106770183969,0.004849371580207151,0.004807661532988172,0.004739699501056349,0.004649197476548794,0.004554971395736129,0.004450809627667085,0.004320930692588876,0.004173247884029729,0.0040158902814951825,0.00384005239674734,0.0036506033449528186,0.0034619517245922937,0.003259591779098403,0.003023607475186707,0.00277109659261221,0.00251834535412776,0.0022448952326044047,0.0019464065369567685,0.0016616738107895213,0.0014204432773318176,0.001256957062504449,0.0009087613886409884,0.0007033675507818749,0.0006286271859383685,0.00016159020232198174,1.6913811107660548e-05
0.0007799431374155841,2.4089069740163005e-05,3.480175099485061e-05,0.0005866644238675112,0.0008358023259690817,0.0010772368386443576,0.001324951734452351,0.0016117527166684686,0.0019095227410658167,0.0021812864300631007,0.0024451004849144198,0.0027109087978107738,0.0029464847764281155,0.003151717433641621,0.003365157877706748,0.003580199892616709,0.003756131966677234,0.0039013472332513066,0.0040512352536618,0.004197031359529313,0.00431551158186283,0.00441795045896054,0.004512335764884745,0.004580257399316334,0.0046227991878075025,0.004660984222592757,0.004687110808534123,0.004682789222367534,0.004662053879337824,0.004636987575226792,0.004585983728218501,0.0045014510480569925,0.004408535431572491,0.004312777907865439,0.004197219607566471,0.004067309881523151,0.003929792729119197,0.0037615386845527565,0.003561715867546944,0.0033712894266095805,0.0031941519039797583,0.0029872934163844844,0.0027567526966579825,0.0025450406806972747,0.0023331083577295963,0.002082854866962025,0.0018243113241921405,0.0015763063618242645,0.0012806679216836314,0.0009291041438090897,0.0005780068197444588,0.00033284531440841425,0.00047644711708955123,0.00018690366631729516,0.0003740368847559017,4.500957027189778e-05,0.0013960368509932375,0.0015521399492415267,0.00036810397124517613,0.0017888741565498453,0.000741139902822513,0.0006620351193073887,0.0014213074894096622,0.00032239021301219695,8.005802026644915e-06,0.00031590966680927757,0.0009368117423109723,0.000765126152604656,0.0010753478793394944,0.0012606671101947908,0.0014723125920700353,0.001792458977618594,0.0021251670470787687,0.002414033888517908,0.002686350446526209,0.0029602380929176775,0.0032044422261622296,0.0034101576915510634,0.003603793488683893,0.00378911859833575,0.0039544841632951355,0.004109794016946777,0.00425860676976908,0.0043804207769059245,0.004475719468626904,0.004569783413167383,0.004660311248683713,0.004723010790440796,0.0047621257190818556,0.004793010572739731,0.004804382752454428,0.004786915436386874,0.004756830062322526,0.004718237714764539,0.004654041291286326,0.004567093543091816,0.004476377258459063,0.004375631062357943,0.004248948966724231,0.004103887784558724,0.003948494314620521,0.003774649006422992,0.0035877767604386435,0.0034018123151898783,0.0032016254194935367,0.002967473590224312,0.002716648873366645,0.0024651884271846836,0.0021933280121483323,0.0018989798579183148,0.001622942928167892,0.0013951009915283974,0.0012480628189699416,0.0008644353866795185,0.0006752199426880434,0.0005584839284599741,0.00011372930743358545,7.215349794642556e-06
0.0009803922828305889,1.2605956290878684e-05,3.6062414901560924e-05,0.0005660395509053395,0.0007933431225580767,0.001021440671317042,0.001261689377729358,0.0015445968191121207,0.0018406974238026619,0.0021119674243396114,0.0023754674267036924,0.0026407722394824473,0.0028757748336730726,0.003080206413944131,0.0032923785703599107,0.0035059667349307544,0.00368047054403553,0.0038237002154302147,0.003970496312640459,0.004112531209180537,0.004227294677138782,0.004326115811053244,0.004416807200850248,0.0044810966764977644,0.004520159770416865,0.004554941994643791,0.004577882048915738,0.004570725154773969,0.004547224502243097,0.004519258035401763,0.004465518806574087,0.004378671966313585,0.004283888804044955,0.0041871033651890155,0.004071787297062701,0.003942855101053411,0.0038048985638273747,0.003631291724534358,0.003426623236166826,0.003231548937588702,0.0030492379992033136,0.0028383082990127706,0.0026049052931415018,0.002390145357118567,0.002175237010261344,0.0019221942969430694,0.0016599757409785365,0.0014062745753264938,0.001103523323040867,0.0007445710998393862,0.00038580593202308666,0.00032379876306259936,0.0005545702300015498,8.506088568588366e-05,0.001017885419591802,0.0004645070124348061,0.001582304890323627,0.0017668488778564834,0.0005975581759512655,0.0018843921354430963,0.0005720867137195412,0.000880847262381565,0.0015843541726619503,0.00018295331952805638,2.9746359319460236e-05,7.207011013088405e-06,0.0008652819533968015,0.0006746687885514913,0.0009478499727048062,0.001170760735835663,0.0013565626205193082,0.0016573682262981393,0.0019782709504005958,0.0022625216419077665,0.0025348423764928185,0.0028107022947008176,0.0030579378265105372,0.0032673004970174002,0.0034642684755000763,0.0036524316741433083,0.003820839326873937,0.0039792992621595635,0.004130500013222349,0.004254010935832331,0.004351272631008873,0.004447817544275923,0.004540409480087382,0.004604822729278868,0.004645380347663597,0.004677519281678366,0.004690250911702498,0.004675004215422551,0.00464802947732279,0.0046129899605115154,0.004552248939383552,0.00446880616503198,0.004381427682443206,0.004283911681622232,0.004160548442844747,0.004018656976537804,0.0038660367164857767,0.0036950578411344415,0.0035115941004993934,0.003328949849753071,0.003131205952982441,0.002898911526663439,0.0026499762069442934,0.0024005613693690586,0.002131732558989241,0.0018437571275757847,0.0015796422987357506,0.001369432645330626,0.0012435638792653858,0.0008153737737287559,0.0006461869660870367,0.00043610554626061226,7.123709443601633e-05,3.52625160308373e-05
0.0012101076240864095,7.350290677965443e-05,9.186708452668668e-05,0.0005545506995798255,0.0007558489768746957,0.0009668168615977191,0.0011961322630460458,0.0014719435019210358,0.001763669443127669,0.002032586030770389,0.0022947508041928355,0.0025590312338321652,0.002793241649239886,0.002997012279501221,0.0032083426495558287,0.0034208168385265747,0.003593822944071734,0.0037346288151258733,0.003877766664198923,0.004015484230980637,0.0041260164746890204,0.004220805353713275,0.004307529567565416,0.004368004116925062,0.004403466937595746,0.004434844190838616,0.0044546898446410355,0.004444724351097551,0.004418396286233195,0.004387602427608939,0.004331503623515531,0.004242978207335546,0.004147234679264256,0.004050746852862219,0.003937082863639807,0.0038019129649028427,0.0036592021882174697,0.0034856588050564685,0.0032811849248730596,0.0030857837584647996,0.0029017929613003313,0.002687999904069871,0.0024510137763105178,0.002232166048118933,0.0020132373717177687,0.001756562738044698,0.0014900162991382526,0.0012302724982903301,0.0009207822047301861,0.0005559257930441985,0.000236949285625343,0.00012648199367265578,0.0006209055032826982,0.0006644808805262858,0.0015513145762184877,0.0006852301737412247,0.0017603582083711572,0.001975802270641022,0.0008122325617321673,0.0019500921473414277,0.0007701400801971431,0.0010715064928902007,0.0017038088340234625,0.0003907563388823032,8.224655586303031e-05,0.0004736182887814522,0.0007417410252008039,0.0005941348257261225,0.0008254194090474565,0.0010950064614770327,0.0012499286457164915,0.0015263778465833822,0.0018309291439776443,0.002106909141624369,0.0023767236852836326,0.002653105155923652,0.0029026530155438213,0.003115279269182314,0.0033152010892013584,0.003505770393787966,0.0036770195053523747,0.003838967216644562,0.003993384952351131,0.004119532944144133,0.004219362622086109,0.004318365419671122,0.004412765081295511,0.004478370207623428,0.004519902226840067,0.004553002781444215,0.004567103928999838,0.004554015739034245,0.0045300901611950994,0.004498425795805727,0.004441039778487199,0.004360954928145144,0.004276901067994721,0.004182664035675132,0.004062624094234191,0.003923960643211655,0.0037743754359268467,0.0036066921658902684,0.0034270229361423876,0.003247836962950501,0.0030524361060545457,0.0028219665456773457,0.002575316070804301,0.0023288808704735597,0.002064563523064167,0.001785239161867791,0.0015363993381786178,0.00134792895486191,0.0012166787288225844,0.0007640835018432601,0.0006174468150764167,0.00024074667886947454,4.507659662861263e-05,7.263838061741246e-05
0.0014407320038588856,0.0001713517499441486,6.68125126121466e-05,0.000634375005058474,0.0007249342147629401,0.0009143053195075912,0.0011284301936902441,0.001393340883840355,0.0016777474134475057,0.001942300183030543,0.0022017786497007252,0.0024641789694258565,0.002697299369833872,0.0029005708624790794,0.003111257014441593,0.003322454798760477,0.0034933944716979415,0.0036310022911555384,0.003769709858056247,0.00390249065929571,0.004008420795977075,0.004099034471933161,0.004181748800119012,0.004238373258793504,0.00427020754646068,0.004298135927610747,0.004314759732172879,0.004301831242122911,0.004272705850255298,0.004239414708710032,0.004181493313079598,0.004091977383335221,0.003996238013888265,0.003901003090379107,0.003779389499832697,0.0036464269723999188,0.003505600640988815,0.0033336263494876395,0.0031305590444418163,0.0029355205550111174,0.0027499585404429094,0.002532892481598603,0.002291587660400718,0.002067865749278197,0.0018441660123917902,0.0015830323012923087,0.001311431765685489,0.0010456473370602515,0.0007306443854845357,0.0003895070662030542,0.00012091570747058134,8.959964488897132e-05,0.0006740325599744468,9.724995256393809e-05,0.0016563786286310223,0.0009207854580327857,0.001939222311994948,0.0019752669249204907,0.001019173512008996,0.001994144816369805,0.0009713325710130616,0.0012433183273890397,0.0017909775387797144,0.0023159996972249852,0.0001376869430521066,0.0007214093849567393,0.0006071003310179068,0.0005146771759051427,0.0007016121442255385,0.0010283725472160499,0.0011482668720623757,0.001395911617457446,0.0016799947284985572,0.001944466087394292,0.0022097027370577838,0.0024854556586628718,0.0027365872445543893,0.002951903260900557,0.003154404101836761,0.003347367939829371,0.003521954185471521,0.003688359371319061,0.003847108658802667,0.003976690734168176,0.004079290447452255,0.004180410410697499,0.004276052186402812,0.004342451683646331,0.004384944258063239,0.004419217730667557,0.004434766317970573,0.0044238585239714245,0.004402882631622029,0.004374392403036276,0.0043202251907289435,0.004243698143696961,0.0041635226498217826,0.004073124591773336,0.003956652646555647,0.0038211647676947846,0.0036744521918554707,0.003509863808615399,0.0033337090766379918,0.0031576542645216366,0.0029644273849701586,0.002736035706535578,0.0024924400369027433,0.002250197935690368,0.0019921249014765996,0.00172400211061996,0.0014938127522825528,0.0013306201152966102,0.001127351753050898,0.0007083863482570951,0.0005856409086174574,9.012238601668887e-05,2.5222481745579284e-05,0.00012946315358194904
0.001693082759236103,0.00026252305132978826,1.0382035458833538e-05,0.000444526723637928,0.0007094301754275723,0.0008721896111701932,0.0010663437498684702,0.0013163073196127417,0.001590260270628141,0.0018480293108018575,0.0021030307006753013,0.002362540955626713,0.002594298955288732,0.0027970883215024944,0.003006941625323556,0.00321629552835212,0.00338432916346576,0.0035178332855961836,0.003651397430005421,0.003778943916696975,0.003880371234648128,0.003967040799067401,0.004045892737641221,0.00409873187081411,0.004126948268356023,0.004151301485229242,0.004164429140066428,0.004148302117959024,0.0041163604079913485,0.004080773261067927,0.004021423123068968,0.003931539131470596,0.0038366093697432824,0.0037347181503207816,0.0036154203062904733,0.0034857511742238945,0.003347988822294923,0.0031785570600025848,0.0029774555026864657,0.0027829166998367683,0.0025955364184412355,0.0023746661589740814,0.0021284501729427197,0.001899286718877291,0.00167008105592803,0.0014035854910513512,0.0011264476266562573,0.0008552714542505169,0.0005499543393094886,0.00027524862527639193,1.0388271816375028e-05,0.00031709030813248384,0.0007094884739987095,0.0006240594550372403,0.0017247167770859384,0.0011721614271838487,0.002123793694421977,0.002012986347441653,0.0012238144134733737,0.0020243294429120318,0.0011758225616349816,0.00140841438837018,0.0018610770793926479,0.0032001388479293014,0.0002175814168022816,0.0006778984508787333,0.0004467159820619182,0.00042367683528288236,0.0005651792774888365,0.0009604841639840322,0.001041872348324313,0.0012566857880909055,0.0015164714888964426,0.0017664339418966835,0.0020251953193940464,0.0022992554483659555,0.0025513079854808662,0.002768958034502944,0.0029741598356384236,0.0031701754464436016,0.003349143632484064,0.003521170213390601,0.0036851415894051387,0.003818409025601044,0.003923413365742534,0.0040261256281577396,0.0041227810013547694,0.004190156280935775,0.004234048969127158,0.0042699323279761225,0.004287056974863868,0.004277984999893403,0.004259324712093671,0.004233491015298574,0.004182436681388957,0.0041098337521469075,0.004034255474143933,0.003948460905424223,0.0038359505192534504,0.0037034372895558,0.0035589469478510827,0.0033966599879380333,0.0032233204101449475,0.0030500072938104417,0.0028591085916370718,0.0026335733498968894,0.0023943281986364973,0.002158064471630694,0.0019086772727041623,0.0016549045349441016,0.0014468655424280108,0.0013121816158319644,0.0010251405686568238,0.0006421257398026015,0.0005437597317642928,0.0003001818630266606,2.227146206101871e-05,0.00021715579937092722
0.0019038617391696766,0.00060100184893358,7.56027541453097e-05,0.00023190080888618736,0.0007074002869841833,0.0008382980464428091,0.001007634244172051,0.0012385490797619525,0.0014986120648083912,0.0017468044385453574,0.001995390635409877,0.002250955507135055,0.002480813189254749,0.0026826580908706488,0.002891063216875822,0.0030977539903160878,0.0032619388556206497,0.0033905532069119504,0.0035186981454853328,0.0036413149760112784,0.0037387996266250445,0.003821971215404951,0.0038972066044535847,0.003946384717163687,0.003970986059085524,0.003991621819522617,0.004001047017757053,0.003981529833346986,0.003946597829608933,0.003908644749370582,0.003848065056473171,0.0037582359284539235,0.003662806762182891,0.003556842228470969,0.003440296313591218,0.003314532339987575,0.00318034292135172,0.0030136049475663063,0.002814266882571026,0.0026197898686791676,0.0024300543127463436,0.002204897559949681,0.001953342835008809,0.0017181792811411523,0.0014828029546156696,0.001210639720904183,0.0009285342992593204,0.0006566246455459446,0.00042860416489054476,0.00015794946882768945,9.810192358328251e-05,0.0005021276602407698,0.0008162338138613667,0.001325104868230953,0.00176233392975933,0.0014405882390061409,0.0023149400896595035,0.0021334143906939773,0.001426375486098027,0.0019732096326492733,0.0013840601088344756,0.001569434771438033,0.0019198819382179877,0.0032647430755756712,0.000323513860637753,0.0006396717893180637,0.00017803841669467024,0.0003242850436631084,0.0004191745913484368,0.000773130498650132,0.0009337391825435248,0.001111869774715002,0.00134358733289075,0.0015758576022687487,0.0018258107576153426,0.0020966145516415624,0.002348629674952085,0.0025683116317853916,0.0027766336986553286,0.0029766044376621226,0.003160969850053097,0.003339494589835512,0.0035091762090673218,0.003645994260118135,0.0037528394967702994,0.00385677674079965,0.003954668585365639,0.004023649486255443,0.004069597805737235,0.0041075047178564805,0.004126169517622014,0.0041184069809985235,0.004101352956954796,0.004077675217308174,0.004029558460724281,0.003960995312403348,0.003890428880588659,0.00380978767518525,0.003701487000064785,0.0035715878009543456,0.0034284875771053436,0.003267596026552688,0.0030964792169139166,0.00292589807907484,0.0027379476041753392,0.0025163960345385705,0.0022831602586412814,0.0020553062930022126,0.001817867118840022,0.0015822010677148945,0.0014001063085659071,0.0012973269440062496,0.0009150765865432176,0.0005699616782650629,0.00038426312983319555,5.785190773638371e-05,3.561673775526186e-05,0.0003937940744155044
0.0020807455365857153,0.00034435302796803624,0.0001853703868723855,3.712597976490706e-05,0.0007106995462689003,0.0008043454192780963,0.0009438955861105214,0.0011513072665760293,0.001393565132975949,0.0016290322744607622,0.0018689462922488742,0.0021189807144819106,0.002345694218298,0.0025454895995538074,0.00275136102279816,0.002954278420745471,0.0031136594264183914,0.0032369442428563655,0.0033599268119828274,0.003478317517429108,0.0035725491529133846,0.003652653237733894,0.003724499428162109,0.0037701340947886575,0.003791128000749433,0.0038079701913842356,0.003813600418355101,0.003790578714424564,0.0037525164013756385,0.003712152359773957,0.0036504613521903817,0.0035608158732866046,0.0034606088813791125,0.0033554689605099774,0.0032418662611988225,0.0031201268769716073,0.0029893257222025627,0.002824817097589305,0.002626647387083958,0.002431641127448758,0.0022391248300157596,0.0020094510374116803,0.0017522876652171782,0.0015107415339877805,0.0012691782989068257,0.0009922805781884536,0.000707225557315283,0.0005167864651045573,0.00029241278774955193,3.103318281610923e-05,9.384464617656629e-05,0.0006286567478076543,0.000966145498266735,0.0017256104149341034,0.001781691943618685,0.0017243932736517031,0.0024882220493648993,0.0022397883415218867,0.0016197625447714088,0.0022396465654792204,0.0015851270354372976,0.0017161945687143576,0.001958877915543167,0.003329344132416201,0.00043923257383399195,0.0006637192539838965,0.00031642982499074934,0.00023138584078791213,0.00027764856371065294,0.0005744198889553465,0.0008374218274305179,0.000975244371342221,0.0011750726170944858,0.001386021410286431,0.0016240420964839242,0.00188909723190811,0.0021393177710213873,0.0023601294034648612,0.0025713865096262944,0.0027754276651517085,0.002965295936949941,0.0031503237603277556,0.0033255041319285583,0.0034653944656556357,0.003573662598465477,0.0036789219832632503,0.003778674768145529,0.0038500041363712656,0.003898525019618071,0.003938651959809136,0.0039587824705453745,0.00395213609489975,0.003936528870507439,0.003914876021994029,0.003869549871728939,0.0038049806679847364,0.003739592607422959,0.003664359769361303,0.003560405725365867,0.0034330429266593576,0.0032910145135004454,0.003131092532137947,0.0029620811470142394,0.0027947594134600795,0.0026108138606120157,0.002394680831982021,0.0021695766587224163,0.0019532703457072476,0.0017316974967426235,0.0015183620032555023,0.0013664147221261747,0.001270484523371862,0.0008103550442421503,0.0005042898600443046,0.0002046303957052853,1.366811170994131e-05,0.00015348699494616147,0.00010686941269558159
0.0022335058375236028,0.0004513971576205478,0.00033449125605244934,9.273867927395152e-05,0.0007347388145536593,0.0007833685398006551,0.0008876823976339265,0.0010664929154935998,0.0012865111602983204,0.0015056463419529376,0.0017339707576403685,0.0019760968946774815,0.0021977918162494614,0.00239402979866965,0.002596019421796214,0.0027940299321627116,0.002948014637800034,0.003066109647980819,0.0031846066855195643,0.0032995737310422824,0.003391159856002912,0.0034685361042555707,0.00353717661387265,0.003579399655339821,0.0035968597042633776,0.0036098960690577053,0.0036116907290334455,0.0035851892432379184,0.0035440986190267143,0.0035013995148434063,0.003438519754202618,0.0033488282662125224,0.0032441519002546215,0.0031397198906357726,0.003028846752025971,0.0029105812460679115,0.002782297868137107,0.0026190733298767643,0.002421264594159589,0.00222515388475486,0.0020295171388563515,0.0017951147313219895,0.0015321862405390796,0.0012843926591763477,0.00103754885837537,0.0007579691369247188,0.0005531802392808594,0.00037042925446895136,0.00015563534076312724,9.040522872222345e-05,0.00010373761948645477,0.0007763170626936544,0.0008041235893722076,0.002055828302033963,0.001661799066468822,0.002017380655247425,0.002650954196446162,0.0023190702646473244,0.0017988529937539126,0.0024875684014920227,0.0017617947434589443,0.001830300439272764,0.0020031417332799506,0.0033743921849548053,0.0005476381659745844,0.0006769548021271499,0.0010216648749451496,7.701535674164983e-05,0.00014994289012915107,0.0003861848933748302,0.0007622575504772078,0.0008561220610364129,0.0010196765475704028,0.0012047620293315076,0.0014266322885806426,0.001682300855731289,0.0019278735394658852,0.002147773469096559,0.0023604358226286815,0.0025672137823029573,0.0027613870302912735,0.002951818685321017,0.0031313828040511194,0.0032733877784252297,0.0033827412961029424,0.003489722346928459,0.003591992651644782,0.003666065002796315,0.003717201774228629,0.0037594521037161988,0.0037810576519434758,0.003775769311180288,0.0037619605381652432,0.003742534595547853,0.0036999858220463366,0.003639312802145911,0.003578963686743042,0.0035089691381277044,0.003409349761465119,0.0032847840573896336,0.003144155638710844,0.0029854878424044884,0.0028191479629755545,0.00265625528597091,0.002478054637234939,0.0022696474544690037,0.002055770169629101,0.0018548980559337513,0.0016535704418899622,0.0014672210066576374,0.0013499934064533647,0.0011251474026426345,0.0007146690095360952,0.00044787685887687223,4.8446951508740455e-05,8.908365846588273e-05,0.0002925347945985646,0.0015368278833994553
0.0022624374025287386,0.000542981018503641,0.00021927072325650387,4.510655329692526e-06,0.00035282934645036734,0.0007956799640528311,0.0008589229992281289,0.0010036254427675528,0.0011966168008732403,0.0013953861905493525,0.001608674667406551,0.0018400219741299129,0.0020544362020117335,0.0022453362093453055,0.002442083621929103,0.0026344661433026495,0.002783176876515747,0.002896871576504534,0.0030118983919928954,0.003124325994173227,0.003213887804433213,0.0032889398818849447,0.0033546842591690718,0.0033937677129397548,0.0034078721553664204,0.0034171841757179022,0.0034152783413955445,0.0033855780420835035,0.003341712683116338,0.0032966409482292347,0.0032322082271142305,0.0031419661693581347,0.00303285654813068,0.002928508974637478,0.002819397236211274,0.0027032299341956945,0.0025758773531511236,0.002412466283533532,0.002213854529968917,0.0020157178903180695,0.0018161682924137112,0.0015764826420395783,0.0013077669348356968,0.0010544794762448184,0.0008040879731020523,0.0006031516137748882,0.00040986645107710107,0.0002377061823228832,3.924299416591115e-05,0.00018788864776125846,0.0005395051256865124,0.0008875575799393021,0.000706167973735683,0.0023273136309941156,0.0013745585425595785,0.00228319429215737,0.0027862712005986695,0.0023538117251111074,0.0019038870571256791,0.002697062832634413,0.0018934313616318227,0.0018893696578073244,0.0021610738574095734,0.0033746787346404794,0.0006565438591105976,0.0006915339640873319,0.0010900505999982268,0.00014379395865027345,4.383393131124347e-05,0.0002166811641811095,0.0005597198634868517,0.0007621539969310254,0.0008842803620495721,0.0010378189877854327,0.001237954352344084,0.0014791973563020866,0.0017158423290416502,0.001931253483555051,0.00214230069751431,0.00234932309511815,0.0025458033853775763,0.0027399340968803365,0.002922357502130879,0.003065393655537152,0.003175502487451687,0.003284448340810653,0.0033894761020291098,0.003466177971186535,0.0035196220310010906,0.0035638454317754586,0.0035870969811905296,0.0035835626614841853,0.003571968046969687,0.0035550233531401743,0.0035152091214014636,0.003458007749929992,0.003401965746681501,0.003336470370247535,0.0032407767667229637,0.003119054702429347,0.0029802869024473377,0.0028237579828709336,0.002661498074357338,0.0025050766762317878,0.0023354000221377236,0.0021382432112447836,0.0019396674628245902,0.0017586576097460282,0.0015823986300158577,0.0014281450075310231,0.0013501677762363107,0.0009852359861320936,0.000625727019335387,0.00039748383706333934,0.00012779101826310146,9.044745066316695e-05,0.0004503102508577328,0.0015550199314098845
0.0021694703562575857,0.0010954314650208075,0.00041106976398602724,0.00019320221037905094,0.00010737824943291008,0.0008346714778601494,0.0008512684011280358,0.000956488520701404,0.0011175119319978832,0.0012914944602098188,0.0014858572632109324,0.0017030459463165393,0.0019072788225796833,0.0020905057414359884,0.0022805109222189257,0.002466836615526824,0.0026108138715221774,0.0027211727019943455,0.0028338312714806246,0.002944606839905717,0.0030328324424307995,0.0031061713384975542,0.0031695940955736024,0.003206006937275463,0.003217110191518713,0.0032230871829516117,0.003218013647400375,0.0031856367710899613,0.0031392421601840192,0.0030917038683454523,0.0030254057119830646,0.0029341057312429752,0.0028202617427771637,0.0027147386995184375,0.0026056639516396363,0.0024895431149480896,0.002361037461685145,0.00219562225392389,0.001994679758851925,0.0017931123706291796,0.0015884557341063754,0.0013429307066599172,0.0010688482216870687,0.0008116439487927396,0.0006409272796426002,0.00044991972572705485,0.00026805773162241753,0.00011315370541742364,6.307215800477328e-05,0.0003244023151155462,0.0009007108036833134,0.0009701474872907956,0.001982336078200808,0.002461056304029041,0.0011847384545733974,0.0025085238830930834,0.0028855135065018606,0.0023357687367323923,0.002182802076558365,0.0028731713035937863,0.0019629419508850193,0.0018757157360384802,0.0022653551912085457,0.003311940249313916,0.0010001936860571936,0.0007776658432885608,0.0009656237261284617,0.000489681364309158,3.0805958561475055e-05,7.673882707137647e-05,0.0003514627274977533,0.0007045252405182834,0.0007803361133377207,0.000896278752737012,0.0010680915359870813,0.0012885481467416193,0.001510468661873432,0.0017162464311000214,0.0019214546490772255,0.002125614334315462,0.0023221626671645623,0.002518254790695229,0.002702260032768078,0.0028456076899188165,0.0029561748230216844,0.0030669070998993186,0.0031744455428113216,0.0032535151353992875,0.0033092086736454807,0.0033557051944833605,0.003381147747083202,0.0033799076786908966,0.00337094265475002,0.003356702866197603,0.0033194495251512857,0.0032650346849583123,0.0032123703038984264,0.0031505832795685196,0.0030583049647430194,0.0029392974969943975,0.0028029426187611284,0.002649989245613882,0.002494023226058184,0.0023469700402145577,0.002189449143584321,0.0020077721247488967,0.0018290579423854147,0.0016728773312909562,0.0015271957295764915,0.0014103560029815054,0.0012291699838821168,0.0008576957016994124,0.0005485407708382128,0.00017084698729535885,0.0002659980619116875,5.5956335658913225e-05,0.0006258789135303588,0.001563441255566983
0.001799305271275059,0.001471158978463144,0.000572307062217503,0.00043154723700183917,5.628824254877429e-05,0.0005441381418763158,0.0008539964536810607,0.0009147305890806479,0.0010386819202134467,0.0011828909338491567,0.0013536412993285785,0.0015523443340703658,0.001742559098719454,0.0019151037238507307,0.0020965201030284097,0.002276141450349378,0.0024156251336071577,0.0025232869002845826,0.0026342021445626695,0.002743824221023816,0.0028312466911021295,0.0029035534591749235,0.002965367541192143,0.002999752703987779,0.0030085628434838307,0.00301210699897303,0.003004783785890641,0.0029703793824316094,0.0029218198954698016,0.0028720583342886075,0.0028039818693252894,0.002711281156189793,0.0025922184959001893,0.002483937892844512,0.0023728582054128866,0.0022545835990284147,0.0021228656297324067,0.0019536210663991804,0.001748683561187181,0.0015422837828213964,0.001331763911211814,0.001080624825623322,0.0008111481113156627,0.0006304050354726254,0.0004632286032818511,0.00028281006390656893,0.00011847559057298618,1.3814981035920049e-05,0.00027178517233339416,0.0004772522637525034,0.001019621978547769,0.00103879554868902,0.0021558247750599335,0.0025670233672593357,0.0017383512819297842,0.002711598958106881,0.002948678372990385,0.002267170730123391,0.0024826867735805065,0.0031094613954391268,0.001997584371005383,0.0017892120601924466,0.002315997830539901,0.003189960983621065,0.00458539023314708,0.0008519391456721093,0.0008940417731366224,0.001298339735833487,0.00018273419879116792,3.503243555796898e-05,0.00016969368550773245,0.0005120951945160601,0.0007107462033637546,0.0007838123168066868,0.0009206851321824638,0.0011134265201603322,0.0013140094599920493,0.0015041955284410546,0.0016986998050391167,0.001896450227708013,0.0020905690425481183,0.002286835075259508,0.0024712605224248563,0.0026142488310970657,0.002724736532517813,0.002836646464693615,0.002946210259638704,0.0030276027406306305,0.0030860393617487825,0.003135671794838979,0.003164247239958562,0.0031660913031290594,0.003160292362764161,0.00314898036134037,0.0031141575351104622,0.0030621720007503184,0.0030125730809886786,0.0029543881131719463,0.0028656600259088227,0.002749934744113336,0.002617322881363515,0.00247014604891449,0.0023233819922586774,0.002189177652576868,0.002047837919712525,0.0018861882448417688,0.0017324886208186507,0.0016069858817335803,0.0014978581531800983,0.0014229988486764156,0.0010618372899395823,0.0007476152530295765,0.00048599226300116705,0.00012580499369824194,0.00034209106894678154,5.0601488472745704e-05,0.0008564202288314227,0.0016037108901571229
0.0019953909199944275,0.001619883185123322,8.169517018100092e-05,0.0002662133018161428,0.0001071926694075076,0.00014982598699125882,0.0008858236228419525,0.0008971931916802456,0.0009786010574305837,0.0010873171050526098,0.0012288313014507946,0.0014037989180482047,0.0015754579093700816,0.001733853815775288,0.0019044255689611989,0.0020761074573768523,0.0022104973080834256,0.002315114557297493,0.00242399733302634,0.002532322428594358,0.0026191359571733352,0.0026909428373128597,0.002751869295266829,0.0027851306278290355,0.0027928239368316676,0.002795239250540038,0.002786783782909308,0.002751209510256425,0.0027012572919961064,0.002649967552092569,0.0025804610480295587,0.0024846783855994037,0.0023614229309343315,0.002248948889160607,0.002134154061673943,0.0020120551820124177,0.001875541782458634,0.0017008507439082443,0.0014904463618882202,0.0012784142685557942,0.001062282621669075,0.0008275081547174379,0.0006233851595176532,0.00044530199654702063,0.00028682597754681183,0.0001225639836103798,1.9413138680812736e-05,0.00022317709932684338,0.0004556774683310838,0.0009784881428062664,0.0010838333598874872,0.00048652034712165504,0.0024473937742419405,0.0025158850137534106,0.0021992550796207655,0.002888571609296564,0.00297547792575574,0.00215162050194298,0.002722794179752564,0.003371271435313107,0.0020999757671983227,0.0016932489295642256,0.0023312312115848777,0.00303247037030574,0.003969452250643518,0.0009385954974529542,0.0008661227741252331,0.0010620273378653677,0.0004657501102035,0.00013154030679429773,3.5541785571302498e-06,0.0002753066408703875,0.0006206452687445019,0.0006939258264435089,0.0007899281887345788,0.0009481632163195197,0.0011206768910906328,0.0012891440352483796,0.0014677498426822755,0.001655027462814651,0.0018437029328086663,0.0020378659577415803,0.0022209150078631446,0.0023620990634488637,0.002471292505870526,0.0025833805614606797,0.002694419442981655,0.0027782573847521252,0.002840108017354015,0.002893762259932764,0.002926347666959317,0.0029320041269093045,0.002929792038879442,0.0029215226347890644,0.0028891840710612016,0.0028398297900797953,0.0027936696657498983,0.002739704593792136,0.002655639405250154,0.002545019660169512,0.0024187262835484447,0.002280591994821557,0.002146844351975097,0.002029683182041886,0.0019091498103175342,0.0017728820703968307,0.0016503304161243904,0.0015617337032593492,0.001494161924838311,0.0012357001662056666,0.0009079866441848439,0.0006481272926673887,0.0003145908888302351,0.0003260940860996264,0.0003472469610899531,0.0002878926874075871,0.0016860898623314025,0.0016557535288972136
0.002343915209885805,0.0015971342998635785,0.0009455436236060211,0.0005594437550208164,0.0004148570410698049,5.392948291382815e-05,0.00043470223415620346,0.0009224646861596408,0.000955410973103199,0.0010222411037630885,0.0011282037931012456,0.0012736363656939975,0.0014217117175180372,0.0015618582176210039,0.0017184644275106686,0.001879906940445486,0.002007395720107996,0.002107431004889637,0.002213085656641689,0.0023194606705895238,0.002405600863166435,0.0024773294473403595,0.0025382231377861775,0.0025716195988356727,0.0025796618684638117,0.002582348258627909,0.002574041326837362,0.0025385741755641344,0.0024884389354612457,0.0024364836267093404,0.0023658641966914917,0.002267117937049923,0.0021391681616448333,0.0020215690533292863,0.0019021118262233516,0.0017752771513361854,0.0016329034714386292,0.0014516008489144916,0.0012349845801958859,0.0010175367626319431,0.0008333405039252506,0.0006491690018886054,0.00044760663611320695,0.00027719967217287866,0.00013278570069985562,1.0583584123202705e-05,0.0002178601848394912,0.00042638800685063094,0.0006180625870195744,0.0011674137654202332,0.0011089825344363091,0.002532991861511791,0.0027510962942683126,0.002220015804890868,0.002569758277106815,0.003034978269497876,0.0028922757549700306,0.0019932243446446063,0.0029087844497456064,0.0036460172479221807,0.0021765610947844793,0.0019097731935722312,0.002329228973951672,0.0028626775879913025,0.0036105034173643524,0.0010947751772198422,0.0009972870136993883,0.0009540874923286702,0.0012896144506643892,0.000323223191628641,0.0001428298669035044,5.8516667993169236e-05,0.0003338299733934291,0.0006335149205676793,0.0006835806663234023,0.0008007140615612363,0.0009380272451220417,0.0010778900468715324,0.0012344369217481832,0.0014061007872296916,0.0015851296258043712,0.0017735200587082334,0.0019518525964149491,0.0020883700870582,0.002194024239066672,0.002304711852366803,0.002416427352604722,0.0025026557463326826,0.002568240886052009,0.002626284243307242,0.0026632543166053013,0.0026730549641149626,0.002674586312992222,0.002669478453710905,0.002640018275957834,0.002594010171639849,0.002552270074322127,0.0025040472907243982,0.002427039300108791,0.00232474572643937,0.002208658983215872,0.00208412269259739,0.0019684912298665314,0.0018737965517223731,0.0017799432149251393,0.0016755242757839905,0.0015904772796204725,0.0015436775261810642,0.0013728325514053563,0.001036706522992925,0.0007669004261462442,0.0005575505217170207,3.102158045448222e-05,0.0005962272903729526,0.0002460911912194885,0.0005623559529292499,0.0009175595684635662,0.0016969071772783284
0.0024643816403999708,0.001266585398696951,0.001343895531870587,1.9492344264404604e-05,0.0004052593603045551,0.00017607824493598434,6.675123328492294e-05,0.0008228166144733096,0.0009625016750496318,0.0009806706415729782,0.001044255372675884,0.0011538113419294338,0.001272499909599989,0.0013890708073778235,0.0015270307412087458,0.0016743369649629969,0.0017916736237600928,0.0018844120809662357,0.001984833184222934,0.002088133091187716,0.0021732755954212424,0.0022452700196957665,0.0023070680446547476,0.0023418982043648118,0.00235161560320174,0.0023558656240733056,0.0023491350713756853,0.002315268330989162,0.0022661402073996806,0.0022141559520941767,0.002142528050888992,0.002040981908909889,0.001907843902610118,0.0017845933925199065,0.0016599275788869994,0.0015276236359306195,0.0013785888626075549,0.0011903297417432679,0.0009680662019875275,0.0008020633327621152,0.0006506786687495714,0.00046937551860937177,0.00027579593609278197,0.00011872280187802398,6.523105991362854e-06,0.00021363028033505316,0.000429216407302202,0.00043700586913719697,0.0011337951354004616,0.0011819973849529486,0.0005411939086230055,0.0025838342636430867,0.002839229006107613,0.0016962658084728466,0.0028885390839867575,0.0031497417804121353,0.0027671302206321857,0.0021608743736714273,0.003044671875964765,0.0035909530333289967,0.0022113788625780784,0.002160147526699671,0.0023426459578504005,0.0026915835866578863,0.0032581253188626313,0.0036868124687272907,0.0011557375690883498,0.0009775251310968902,0.0010494544543057094,0.000720089020604886,0.00024603754118246446,0.00011418643518046334,9.040054292253075e-05,0.00033662947459794923,0.0006279734419829541,0.0006977390340006662,0.0007921354845458195,0.0008951145141242733,0.0010215743354967666,0.0011702728363467418,0.0013328483648931133,0.0015089925132086845,0.0016766803102036265,0.0018035222244706661,0.0019016658482976512,0.002008037541990304,0.002118614952252851,0.002206292212453387,0.0022750665910563628,0.002337110197209058,0.0023782944661661087,0.002392298726436093,0.0023978568552617263,0.002396605038433197,0.0023712999537597312,0.0023305118931908897,0.0022958178877080515,0.002256978071621063,0.002191576875814061,0.0021026834635446967,0.002002293246863296,0.0018973508188252497,0.0018062297566311392,0.0017407008284843206,0.0016805338714143137,0.0016146527850025572,0.0015721125586852236,0.0014399942201059335,0.0011422693707562326,0.0008653017671444441,0.0006499622879529432,0.0002888382242338672,0.0006466188611662926,0.0005933508890597627,5.552296753363883e-06,0.0008978238022359086,0.00047427969075977683,0.0017076851053622055
0.0023433158898276407,0.001237613611580507,0.001354956468831603,0.0008092812327302468,0.0006107829177603441,0.0005727048199707929,2.1755174773152586e-05,0.00017148370397118695,0.0010080742307198576,0.0009711665349911858,0.0009855302428418145,0.0010523992196230791,0.0011349772943435865,0.0012213783834413294,0.0013345940758531794,0.0014624687690908411,0.001565102148293196,0.0016466713042013748,0.0017388607192775352,0.0018371232467785381,0.001920252782873666,0.0019922587243428325,0.002055242293618198,0.002092036231956862,0.0021040823583255985,0.0021107801667070714,0.002106689988696453,0.0020752879062336804,0.0020275296868624837,0.0019753884689879264,0.0019022182340383553,0.0017974851361692856,0.001658304663066379,0.001528568477572323,0.0013977021959089564,0.0012588666146103877,0.0011027234415593723,0.0009199335673658604,0.000759950204991533,0.0006065156175928399,0.0004590885602646644,0.0002869333180671729,0.00010775825587372445,3.0300548401585026e-05,0.0002219707924475678,0.0004372737667615034,0.0005702788834832107,0.0009916894999542625,0.001210612925597765,0.0011329634034084046,0.0028259151894011736,0.0028912383079236492,0.002728598911210467,0.002397431209930051,0.0031139053085292023,0.003199060440667492,0.002601598177167916,0.0024267972612927596,0.0031303223521775263,0.003396368700259512,0.0022892255116798224,0.0023910862909048425,0.002440295329034503,0.0025261761982408593,0.002923243634164324,0.003556332624808478,0.0012981842979752356,0.001109851835775666,0.0009712146151507617,0.0011158054541781093,0.0005647936889464078,0.00022428305093152856,9.012273547265304e-05,8.491691872219986e-05,0.0003225389808258483,0.0006173574745443888,0.0007055220483658808,0.0007630249229341191,0.0008499975353436495,0.0009659323616858506,0.0011020669090111568,0.0012562321311054836,0.0014043981096827363,0.0015138564279696398,0.0015980045495409545,0.001694880762822648,0.0018004339440598205,0.0018866776489566695,0.0019564670840377385,0.0020209941595618064,0.002065565617094145,0.0020836507383913405,0.0020939382456475197,0.002098228227774279,0.0020798096024817747,0.002048138919772291,0.0020257164832556684,0.002002598175729231,0.0019556655419089575,0.0018871996754806775,0.0018097103546533821,0.0017316685188091263,0.001672324749584675,0.0016432242541679631,0.0016236405819509692,0.0016015954972177227,0.0014292075744998245,0.0011845639179053347,0.000946278025566627,0.0007254858242938256,0.00045863263617657024,0.0005649023387788166,0.0008422442594134272,0.00044110388168605574,0.00035616760020620863,0.001982289089658029,9.98183861889157e-05,0.0016667139036848633
0.002068589252889108,0.0015336399395417533,0.0009957115534789118,0.0012253488799973955,0.0002646369807214055,0.00022711630976385289,0.0004675835231847669,1.9707979797833897e-05,0.00024166383657969748,0.0010280306453878119,0.0009873754412635938,0.0010049448316329368,0.0010442166980924594,0.0010932238552311957,0.0011749805583244344,0.0012773180613696589,0.0013595832149550513,0.0014248329705183194,0.0015044892369028284,0.00159443024454764,0.0016731298532280947,0.0017433316075922134,0.0018060823692206407,0.001843767220143011,0.0018574925797092412,0.0018663484615976111,0.0018645841665915208,0.0018349215419829479,0.0017873649450871332,0.0017336044765472458,0.0016572063558443206,0.0015479610020039392,0.0014010709709102454,0.0012633027610917669,0.0011249281117671206,0.0009790148044361846,0.000855343354438487,0.000720990681151501,0.0005616923652853045,0.0004138575483092488,0.0002774031629832474,0.00012166973460331354,3.666378989808372e-05,0.00024608367927436703,0.00044214412391141433,0.0005748370586661222,0.000946885389991825,0.001223746851606311,0.0011707142674537985,0.0014719964839232103,0.0027747280893263004,0.00300564378570628,0.0021442612971343256,0.0028794648071451545,0.003267276621591042,0.003168912955488379,0.00238542179128394,0.002630922441646602,0.0031600411307773444,0.0031635366452105323,0.002626415414193242,0.002606131021770916,0.00253302727232535,0.0024698623039624834,0.0026207822497046618,0.0030737214393461443,0.0026908837179053513,0.0013104951693466427,0.00100361832178264,0.0009839559519504992,0.001252689424361575,0.0004983292568123132,0.000195810612788061,9.268527203237786e-05,7.171022381818881e-05,0.0002930890633118244,0.0005288530052169893,0.0007006211874095447,0.0007392496794798586,0.0008120863274084789,0.000910596519717477,0.0010316749638593636,0.001149920233999402,0.0012324650756280198,0.0012940870611463096,0.0013741235928779183,0.0014684243494680338,0.0015479459718227284,0.0016145012042217965,0.0016785003342919547,0.001724679915478422,0.0017463071971338673,0.0017622334083020608,0.0017745664456055854,0.0017671022539961223,0.0017501459480434578,0.001746886994253849,0.0017470557615022475,0.0017262930922422592,0.0016860411359377325,0.0016393310195085276,0.0015958677281119882,0.0015755120043148274,0.0015892967758272536,0.0015730889911501067,0.0013560035857706487,0.001148100146023845,0.0009626627728883674,0.0007804048703848321,0.0005306168218384144,0.0004488484731387521,0.0010022951443016126,0.0007228890994391834,8.032933034379797e-05,0.0007687326054302834,0.0012946654524892687,0.00017366492705947478,0.001549282026610893
0.002224393562806043,0.0014378615956329999,0.0007779889100480719,0.001065946221658981,0.0009380396868800822,0.0002131281375370997,4.583420181414333e-05,0.000501846969792108,9.423917794615377e-05,0.0002462330981497507,0.0007677299780452507,0.0010213893587085465,0.001010362067880688,0.0010147128540656802,0.0010579379590361926,0.0011277560771568718,0.0011827348849126063,0.0012251719881657408,0.001286582887540133,0.0013632599453648475,0.001433118645715048,0.0014974850045685884,0.0015564024043153157,0.0015919394908511242,0.0016048287233527692,0.0016135347384791388,0.0016116434320427864,0.0015810288309709986,0.001530862672396549,0.001472680327380127,0.0013903733962949971,0.0012746543712217617,0.0011180517078961394,0.000970879903768318,0.0008328158893002868,0.0007417802397163276,0.0006383532794082547,0.0005051269223206312,0.0003526467776547304,0.00021785197028423298,0.00010016680990498905,3.2071047381232454e-05,0.00026785808795498633,0.0004725669280394862,0.00046885210305352976,0.000985604078746427,0.0012248047434881837,0.0011590603298211044,0.0004563741241225827,0.0033963162233276722,0.0031297836679349544,0.0028001323709359593,0.0024268930408267997,0.0032000818634594086,0.0033515427911035844,0.0030755609906406717,0.0023963816886919537,0.002766214767255408,0.0031315750673331557,0.0028929070038491538,0.0029359963680481993,0.0028081053966525077,0.0026292877357938227,0.0024606771464218136,0.002402431409860517,0.002658733550759268,0.003136597462304075,0.0015201770759689093,0.001246357843461443,0.0009927499830586495,0.0009733590557812755,0.001215230909928533,0.0004727341383344852,0.00016767020235941565,7.657187243303998e-05,6.99238774240496e-05,0.00023041826888864358,0.0003941962899920992,0.0005807888765463343,0.0007501418396360648,0.0008017603183838595,0.000880134151487022,0.0009589399043291036,0.0010053062426241821,0.001035564900647823,0.0010905065519526413,0.0011658931973907993,0.0012317765834672922,0.0012893649094231074,0.001348629593131867,0.0013937914536745755,0.0014179987315834364,0.0014404845763568153,0.0014637117773026453,0.0014717415458664895,0.0014753390248171128,0.0014978818178622566,0.0015282536536073144,0.00154056901707178,0.001535349814245024,0.0015259771444880443,0.0015230829949756663,0.0015010956940648135,0.0013642375873029744,0.0012252184973405855,0.0010682192091439613,0.0009175928786022691,0.0007860228996233731,0.0005193683009301342,0.0005098995222814762,0.0010423242395753984,0.0008829706433561291,0.00040087130245253233,0.00038378726358814785,0.0020880224488157295,0.0007670096554767414,0.00031902444043746536,0.0013375349217404076
0.002176515469464818,0.0012007290128082937,0.0010095055917714313,0.00031278717199270667,0.0009293117334303602,0.0006745836983913511,0.00031189805831560724,9.642171823198709e-06,0.0006341863513695256,0.00024849945158261777,0.0001818813987482515,0.0004867628768376875,0.0010214245376061748,0.0009742658947095029,0.0009715467052675009,0.0010010026616460443,0.0010208706047064586,0.0010331292413711668,0.00106940963837715,0.001126184781871209,0.0011807478340230548,0.0012332129602339315,0.001282858836916756,0.0013114394505365778,0.0013190211415925468,0.001323117920637773,0.001316609182160755,0.001280719727533186,0.001223960740248553,0.0011578070266284324,0.0010665956174280011,0.0009425576892830856,0.0007749231401039114,0.0006592351381997097,0.0005666770640490038,0.0004742199554304549,0.00037332664850375785,0.0002478642284877153,0.0001098049157022829,4.1315214628356856e-06,9.636474887164681e-05,0.0003140425182051043,0.0005099690658003642,0.0006059755489418728,0.0011162560776830088,0.0011923181455138487,0.0011562839217267307,0.00041623424302866807,0.0034177633625014914,0.0030798161713474215,0.0030223950191043403,0.0019827886599318723,0.0029898435150401137,0.003344998903167362,0.0033546994666962676,0.0028388386733821797,0.0026093825463229317,0.002830386362690146,0.003045291504261822,0.0027430174995278465,0.0031866693193935564,0.002999763643687252,0.002734949391612493,0.0024824938754867826,0.0023189361499398042,0.00232741391236016,0.0026413396308657133,0.003712723742102131,0.0014255568435152521,0.0011865515713680441,0.000946544088725465,0.0008989321572352438,0.0010301279456776946,0.0005536528902904125,0.00018410285523207115,5.14030719384051e-06,7.99703490485526e-05,0.0001681002186562086,0.00028076789181674666,0.0004209858581943893,0.000581630366008723,0.0007590469874679262,0.0009014174623226956,0.0009044609857747354,0.000895791045545713,0.0009177811508462863,0.0009664354250997764,0.0010114630613897169,0.0010540217187386403,0.0011039547577190723,0.0011451218735422097,0.0011707197769893485,0.0012004415378690791,0.001236894134979738,0.001263957597974097,0.0012924178041912038,0.0013455360897842716,0.0014110752040391028,0.0014612105664477681,0.001458031783955982,0.001347979151508083,0.0012320586754214213,0.0011304698819488146,0.001051388382442453,0.0009681423845375736,0.0008636079412389086,0.0007619047225180808,0.00041297814256208154,0.0007133392845823927,0.001005792081189727,0.0008778632307072098,0.0005248386458992504,0.00014910130986758863,0.0015535769981018244,0.001368104104055884,0.0004209805519805876,0.00032063481984911935,0.0012190293309133071
0.0019112156401164676,0.0012368278627695461,0.000713872451614278,0.0006357280385221875,0.00027209619622803327,0.0007199791975673886,0.0004985752346416406,0.0002616155713816015,0.0002040521729306244,0.0008486576781751576,0.0004906683587711513,0.00021877904656469882,0.0002855530570560205,0.0005206131224480548,0.0009425724202754004,0.000918765494270668,0.000895852420741583,0.0008703608442554578,0.0008738063302149435,0.0009027710363062602,0.0009342263294701003,0.0009674847049283009,0.0010012039206826473,0.001016607071453568,0.001012764600836935,0.001006129811845391,0.0009890829248990762,0.0009425212620786105,0.0008744986493978146,0.0007965015881228332,0.0006934067293347668,0.0005772989533023298,0.0004561275147951238,0.0003498825924044824,0.0002552081813393392,0.00016623578206809153,7.420282760645103e-05,3.6286034007237955e-05,0.00015267073222396954,0.0002561914241898666,0.0003691536758477776,0.0004135169570530506,0.0009306926235977397,0.001125479424674114,0.0011284728363440966,0.0011108989529934887,0.0013394804146188988,0.0032564347115181524,0.0029728278476185144,0.00301036665221055,0.0022427551456379036,0.002801457586943029,0.0032723302650763397,0.003369224062723622,0.0031882670121282375,0.002511774495783159,0.0027313361976097975,0.0028187745197235867,0.00290076212025454,0.0028127854405671764,0.0029947291200916777,0.003186317626924305,0.002857026569747678,0.002541006693667705,0.0023003751727471017,0.002184080287110368,0.002271945038512385,0.002595134655844905,0.004003328500043923,0.0013657132255151527,0.0011389381926269204,0.0008612016066951167,0.0008175594189311353,0.0009177380090470977,0.0010123628093764436,0.00022555482210950828,3.0392717956406745e-05,0.00014087731727546737,0.0001817439903237239,0.0002521898231560016,0.0003466643296095584,0.00046170455468402816,0.000568496859262857,0.0006333026023707666,0.0006756179893186998,0.0007400697529940659,0.0008234268154163615,0.0008953267468153614,0.0009572350508557093,0.0010190951681561256,0.001064317478113419,0.0010861209184742648,0.0011047163512187819,0.0011225226335183636,0.001122744931397912,0.0011162438375812989,0.0011264810319425722,0.0011398020716505974,0.001125673534540017,0.001081282463025468,0.0010197383191318243,0.0009526433333755802,0.0008993146186533352,0.0008663709032686318,0.0008246005437189119,0.000535170942561336,0.00034340899293783256,0.0008997907185845921,0.000927765916159673,0.0007536908666524456,0.0004102329716592634,0.00011976900713420169,0.0010940276511798297,0.0017662106152199764,0.0008827744727963605,0.0002705964696151364,0.00017140554442202083,0.0010924265870441013
0.0017520705392006508,0.0010496041941596562,0.0005531497210599645,0.00048111853906621094,0.00037825686357331745,5.668394539426469e-05,0.0004279999744797591,0.00033898237582463686,0.0004180493855926726,0.00032734824848457134,0.00012415043899094425,0.0008318033496108601,0.000552170295565535,0.0003152570611205108,0.00022476204655447196,0.00041305257085055835,0.0006119024448272836,0.0008129349877146197,0.0007161389816255914,0.0007086918639367945,0.0007087122612960961,0.0007148325526143973,0.0007249399275300328,0.0007195031520322859,0.0006965564393873191,0.0006717004619951061,0.0006371345766081338,0.0005737100015266727,0.000489202699928859,0.00039555545278480153,0.000332446271507969,0.0002410021457617817,0.00011204394016722796,7.808045102697392e-07,9.193887052216798e-05,0.0001718648811854795,0.0002484912960612484,0.00022512971776289525,9.747511366797745e-05,0.0005139763273516729,0.000851085702560761,0.0009592590142472601,0.001029651155840472,0.0010511795730839268,0.0005493532112171851,0.0025796166343223237,0.0024940330037071523,0.0028275280436656225,0.0027819920769720785,0.0021052434659831754,0.0026875702197783624,0.0031553898830314064,0.0032889641996680097,0.0032736486630284833,0.0029196065266041404,0.0026649182049848924,0.002755598116906406,0.0027271590289604138,0.0026742451889815583,0.002848820572177336,0.002929950021939222,0.00336816038368528,0.002996677622507396,0.002636380687905296,0.002349016102371662,0.002158810003708711,0.002064742915928758,0.0022228760808060966,0.002569500435686739,0.0037304470374772414,0.001328742934774696,0.0010853123610106985,0.0008756467462930906,0.0007732545720611772,0.0007715596258278112,0.0008922832820738025,0.0008995356839907598,0.0001559317742929056,0.00012473382523947585,0.0003036726116784072,0.0004037991367162874,0.000463945151739642,0.0005166440244394055,0.0005272526519166654,0.0005169507042768196,0.0005331292887945094,0.0005745012101389113,0.0006117379654788091,0.0006469777835964585,0.0006904058219579512,0.0007252765571700293,0.0007447069358437197,0.0007688109064403204,0.000799488352855815,0.0008193065755429108,0.0008389529051464617,0.0008815600196001028,0.000931721790630835,0.0009559422847803534,0.0009489376055873411,0.0009227130873477596,0.000888387788156364,0.0007018303107988455,0.0005001260134318564,0.0002861680266890154,0.000732158275806305,0.0007858386785751792,0.0007328686077951452,0.0005602169789864497,0.000129743013283945,0.0003133495515997564,0.0023577857708144134,0.00200660172131617,0.0011941904065034814,0.0006406565309901302,0.0003162680509091742,6.931792483937105e-05,0.0008414402000220117
0.0017289375972496523,0.0006057479866849874,0.0004293800385856833,2.034461628924733e-05,0.00024876732755702013,0.00026430030379223646,0.00027546971137693,2.622615241562598e-05,8.056326370639577e-05,0.00015467121631920766,0.0008640251045731184,6.599854866151666e-05,4.086163994759806e-05,0.0007269009872772902,0.0006459930733533903,0.00047115571278827373,0.0003113667798440578,0.0001662021279284498,0.0001379242937913916,0.0002523315458676789,0.00038999965952418725,0.0005182175294165536,0.0006374888734401729,0.0005435047093362844,0.00040280851802121376,0.0003102763602479963,0.00023391879275913574,0.00014192169943549882,8.033618048214342e-05,3.996813941231636e-05,1.0516874394461695e-05,1.486148394347353e-07,1.0806128286244832e-05,5.3598995024328744e-05,0.00023835242704772774,0.00042729968513882666,0.0005749219489056268,0.0006824449158199797,0.0008013525562641788,0.0008801973450757172,0.0009238633417139042,0.0009678565025629249,0.0003590757180250148,0.0022116313512424157,0.0021778967589828335,0.0023787001545335362,0.0025077133331623813,0.0023307924076757525,0.0017897210108047124,0.002653835735208915,0.0030739813986206954,0.003191665505950181,0.003175421345379112,0.002964018052537473,0.0025722190770988695,0.0027084589484542704,0.002687347751421841,0.0025614937074841804,0.0027808462252280897,0.0028482793788904047,0.0028695751825095345,0.0034516328403005614,0.0031414789958903247,0.002758630396927114,0.0024467363776804057,0.0022110911409378153,0.00204779419787407,0.001994410245977102,0.0022075402941789946,0.0025649052151462126,0.003047236031864048,0.0021188105460075712,0.0009988076079431585,0.0008794187019347532,0.0007431216189253131,0.0006407691732144283,0.0006940403523495453,0.00081543419573743,0.0009823697003180087,0.0006196514534896336,4.003090344956162e-05,0.00045554379064854933,0.0006395140511081809,0.000707673957798638,0.0007408737743926364,0.0007886400406705851,0.0007924789086782846,0.0007981411346713041,0.0008083991857362194,0.0008337895733791512,0.0008572695287983878,0.0008714019911260085,0.0008959149939611333,0.0009322624802955981,0.0009625149743598405,0.0009972097658338397,0.0010157126761866087,0.0010036227988368118,0.0009515721781718223,0.0008397932514088158,0.0005430356441236128,1.281612563236445e-05,0.00039977853555761556,0.0005465823057607122,0.0006502952132877993,0.0005980015179199438,0.0004658017771777545,0.00016401618201256074,0.00019218800638737266,0.0007061274120697403,0.0030397407385952813,0.0020913684186419645,0.001376364568754368,0.0008922690064072369,0.0006227491152324405,0.00051850757452232,2.156620233631501e-05,0.00046764117736687594
0.001437087152460298,0.0005161951268414511,7.607579901437733e-05,2.643244503756914e-05,0.00040338505507847566,3.433793864587864e-05,0.000193925490220348,5.2371460101591216e-05,0.0006504613754567123,0.00034866458200008554,0.00025011198239940913,0.0003652540014224548,0.0007382829653554135,0.0013734048139042998,0.00020981563461303088,0.00025894362897832535,0.00012681903623446011,0.0005012160043396108,0.0003432308238500714,0.00023065017523410392,0.00013987823693512036,6.643501980607702e-05,5.2247325046939075e-06,6.452346799928899e-05,0.00014572897897296988,0.000223576882865284,0.0002796665481580307,0.00031848479350515824,0.0003711096921854562,0.00042558915785706475,0.0004940894330290879,0.0005805999207973978,0.0006658177450228342,0.0007184646513215265,0.0007360726300479348,0.0007261660747405752,0.0007896113856151188,0.0008905599888867632,0.0006862184544887961,0.0002881730315980602,0.001533033389971017,0.0015854539132860446,0.0016991566481762421,0.0019785972298533017,0.0020540685678767656,0.0019337596464139573,0.0013427208877120345,0.0020904530945265176,0.0026642879519776785,0.002995239589130838,0.0030807520477112438,0.003050622369847933,0.0028569592544763905,0.002463989162770852,0.0026273827937538657,0.0026528711749406603,0.0025361144184762596,0.002371938413281545,0.0028278937104936775,0.002810029963103031,0.0027900795228362925,0.0030495905777466817,0.0032736854338532087,0.0028849046965410546,0.0025591431900591627,0.002307743729067474,0.002100387759254266,0.001950799741556597,0.001977762354404611,0.0022009957203797947,0.0025225404917306737,0.0029261783108530393,0.003403782570384678,0.002767985132110823,0.0007655206112558155,0.0006420591770130435,0.0005871871028413633,0.000558638261518779,0.0005228254179864278,0.0005773629785695289,0.000609328687958488,0.0006376285845060004,0.0007383425895419737,0.0007353507141616977,0.0002903196229738225,4.1957439212536585e-05,0.00028121689503618486,0.00047051930713576384,0.0006127801288595136,0.0007192015828195175,0.0007708056400317354,0.000758639239137826,0.0007033596256105223,0.0006065072781135106,0.00044897450753828005,0.0002424291364812592,6.601714300225048e-07,5.582363551631664e-05,0.00016984718214868577,0.00035172748220163585,0.00046899107428793885,0.000505652146401081,0.0005362388146391006,0.0004853124129159947,0.0003359804455614901,0.00011972808195923057,0.00014300118207138945,0.0008408108890642918,0.003634970750855948,0.0027342166791658185,0.0019746819019431094,0.0013931523768719867,0.0010097854390220262,0.0008125500835622912,0.0008008651297289199,0.000476350347839008,0.00024554493607396866,0.0003959597106708429
0.0010736944511801905,0.00042496575029418726,0.00016395001738524206,0.0003313575868663654,0.00037472701049272306,0.0007116931181034014,0.00023697397679947607,6.160271611987955e-05,0.00012446497232451725,2.3588836157190096e-05,0.0004214296398332429,0.0009174033194051523,0.0005596596094227801,0.0004370047024486734,0.0004971172167251015,0.0006130949439996924,0.0008550081590250613,0.0011498636520416716,0.0015224863380097209,0.0012321313751318674,0.0003877391051191892,2.4392277901241766e-05,4.4387900266118496e-05,3.553102118575291e-05,0.00018200474702678715,0.0002471409815982817,0.00014310668600925336,5.0065605980864625e-05,2.3659905836914685e-05,6.453082272905863e-05,4.677793653212747e-05,1.7492595812962364e-05,0.0003007769921345993,0.0009244382437257892,0.0006974741590473621,0.00013212951506730297,0.0005833680148029929,0.0008882275997773859,0.0011366068699895648,0.0013234836488590918,0.0013876308699547202,0.0014369303160042535,0.0013569968077171701,0.001001283244042056,0.0012115540900935473,0.0018839574876810816,0.0023515264021963522,0.002674474218923556,0.002838972990207078,0.0029177403977515004,0.0028915904457166297,0.002668530000278363,0.0022928670814037766,0.0024694834403827803,0.0025705276840884764,0.0024990434534874345,0.002300854689402332,0.0025670594738272517,0.002785477659935456,0.0027345285693944317,0.0026876250608126213,0.0026906081258038124,0.0032454029356526123,0.0030004027697147356,0.0026724077686009484,0.0024112173038216417,0.0021884957960944945,0.0019927870349033816,0.0018629136951493902,0.0019502611045982554,0.0021375563452678548,0.0023848506854367846,0.0026885127116523244,0.003033127790323248,0.003395533481889812,0.0037618147606391372,0.0036603053228623783,0.0004659704167890022,0.0003046744329628648,0.00027097334031220277,0.00021632560501330667,0.00015055650490272687,0.00012105007357962605,0.00016250985471116808,0.00023523200194836003,0.00027333815718583176,0.00031607481929063486,0.0003371568000473668,0.00033368777639042335,0.0002981128631507346,0.0002506051225040218,0.00019842444983164675,0.0001205905139755048,1.639488726412619e-05,9.553195219547117e-05,0.0002271859213155425,0.00037553163628439856,0.0005067499190373193,0.0005914712958201007,0.0006052295915867645,0.0005542856142344288,0.0004577061583319053,0.0003434733084828334,0.00013846806816697477,0.0016571402721542172,0.004020952052341181,0.003316150866480544,0.00265309618105819,0.002059790066174766,0.0015579084552836686,0.0011711716658513727,0.0009285257433605809,0.0008402731136972208,0.0008261880496846646,0.0006214534372400021,0.0005552529260855338,0.00040299736131819974,0.0003538471918404923
0.0006567200326204267,0.00025362217684252175,0.0001896406352095703,0.00043548305191153103,0.00042220127276057506,0.0007275733119946198,0.0009221669827272905,0.0005636121116996545,0.00018968409317277057,8.632177467920998e-05,0.00026213260412752404,0.0003079963466484925,0.00028151983736979247,0.00014901867317462791,0.00010384250305159326,0.00038740943137466344,0.0006986991201985426,0.00038975127236146045,0.00024831418208187683,0.00015599720503706171,8.795700522692962e-05,5.356565791519996e-05,1.6229435276460258e-05,3.875862067800884e-05,7.640614737366991e-05,0.00010898885383298085,0.00013574104470914783,0.00014760423195225858,0.00014799045517704945,0.00014172557158134702,0.00011841070668375253,6.978672733792823e-05,0.00021417758914746288,0.0007126585066187519,0.0007327958298658233,0.0007037679400891117,0.0006489137300106085,0.0005677314362783348,0.00032796600265566633,0.00029019945162214733,0.0007489952862976823,0.001217536100666744,0.0016142876088845737,0.0019422063041265591,0.002226928929227767,0.00242922726300826,0.0025826503586791616,0.0026771597677859166,0.0027023781036803196,0.0025929372952855217,0.0023962872888599746,0.0020608198537292455,0.0022700445919149465,0.0024013247987831887,0.0024029881556431876,0.002247031611753915,0.00229561408026991,0.002682352270771182,0.0026973689302366155,0.0026254641918466532,0.0025626614681229683,0.0025503095210636824,0.0027214669156571114,0.0031131001005322498,0.0027788475137673213,0.00251507305326662,0.0022809746275883613,0.0020650763828618246,0.0018831415302159316,0.0017768467377593106,0.001852693792212437,0.0019673873022425514,0.0021202186705366888,0.0022998283007165665,0.0024875189932298536,0.0026739100838197305,0.002846473115441339,0.0029734991906381625,0.0030251254595659027,0.0029999157492423822,0.002918011964035655,0.0028552305333529315,0.003154449720954494,0.0007856388608769582,0.00010270159877362461,0.0002694596199013799,0.00029124623152071427,0.00031846573191285366,0.0003537311340428839,0.00040018403307606754,0.00043925379289372346,0.0004724960122769184,0.0005179408478239722,0.0005641537350236647,0.0005995386218951293,0.0006364344063642946,0.0006394886966812618,0.00012059636040545607,0.001906493896944167,0.0032095941575369658,0.0029091529022186036,0.002633014618014462,0.002363889982546219,0.0020806091717048003,0.0017795870832783556,0.0014738511366759188,0.001182807734468383,0.0009290153945109014,0.0007328093433564553,0.000607456860243577,0.000567266996827076,0.0006278138340277961,0.0005243001545367221,0.00047134875751721206,0.0005390750062080618,0.0006983546858551765,0.00019644690907599793,0.0002572310356590349
0.00019596918635490096,1.9940946279932426e-05,0.0002303104534765385,0.0005313185143564908,0.0006619854933419822,0.0005919426030383812,0.0006703676451842999,0.0009190521979629551,0.0009680672629109877,0.0004723294359845892,2.034824599651819e-05,0.000324606584822168,0.0006279254715057248,0.0008954256108672232,0.001117806809395272,0.0013010327119730158,0.0013580248285467167,0.001130147036707413,0.0009244323257724396,0.0007450699373957315,0.0006079549206103596,0.0005249828625380482,0.0005002194780739933,0.0005266517163103612,0.000595070932231101,0.0007070640095781511,0.0006763682265022442,0.0006539390079867424,0.0006704862860808236,0.0007227848380310653,0.0008087478740559095,0.0008890080147844481,0.0009227450882636767,0.0010330393084994616,0.0011478720703854695,0.0012728523405526881,0.0014091449586810523,0.0015628758702712353,0.0017361380185757225,0.0018848747861480442,0.0020021857232145335,0.002120152885299903,0.0022421596450228065,0.0023505746452435056,0.0024364469703524044,0.0024663924248597147,0.002440687695955221,0.0023602332114192603,0.0021418427175356886,0.0018191689056631377,0.0019443368865127014,0.0021032004251305136,0.002198170287808998,0.0022287052584732125,0.002143549982514474,0.0021379109960555434,0.002457120690188639,0.0026886685819430597,0.0025755263959658416,0.0024937291322569303,0.0024247288927734464,0.002405334103729097,0.0024251507479758107,0.0025794788079511327,0.002926556602324236,0.002614077820757045,0.002373380840960386,0.0021348085966752944,0.0019154901180452738,0.0017291619383464352,0.0016275127012675833,0.0016285427740358321,0.001650950591118902,0.0016866457234349652,0.0017202310477914956,0.0017457711020546496,0.0017562453717252513,0.0017273082038503362,0.001635321078607671,0.001482078223954103,0.0012886705215024996,0.0010789133903260362,0.0009880513005320612,0.0010634544581309413,0.0011104892669994704,0.0011145714492862557,0.0010806550115054492,0.0010232598269669657,0.0009474039742876916,0.0008540426119921785,0.0007484409146810422,0.0006302205996300825,0.0004901215744640974,0.0003228439652915027,0.00012786657548263802,0.00010117060071762607,0.0003558592274072736,0.0005221431213540129,0.0007171670390172524,0.0009198684568134663,0.001112685534539859,0.0012174191171585858,0.0011126303689807382,0.0010117231375790237,0.0009202436562019689,0.0008289504690199012,0.0007234004840921959,0.0005869755004707794,0.00040874216918744544,0.000143799264949368,0.00023183742269899943,0.00017581834434729493,2.9940722658938768e-05,0.00020461222749594554,0.0005264829796653575,0.00024107672163787425,3.4120774735663106e-05,0.00023445682263686235
8.061698058330069e-06,0.0004309204239592024,0.0004359623160613557,0.0005105644733330375,0.0006922928970420072,0.000629273586545312,0.0006388588416964269,0.0006869943659684047,0.0007394106243419768,0.0007627329489061502,0.00022519358909461884,0.00025885606212212864,0.0007033830297285826,0.0005902589659325941,0.000418355423896552,0.00041429710591223134,0.0004088139888170361,0.00041310896777516093,0.0004298599245283752,0.00047034957816291523,0.0005537927966568768,0.0006830664391513086,0.0006822784355761252,0.0006820673770381314,0.0007067976863571607,0.0007473689017120644,0.0008010370589795618,0.0008718040478467998,0.0009576578302539634,0.0010548693576493823,0.0011691944616246397,0.0013006232131549667,0.0014461797336211973,0.001608508050539817,0.0017919036937989602,0.0020590936700501244,0.0023004424405860258,0.002346548343964888,0.002391229507165721,0.002413552027973387,0.0024057709260109916,0.0023839561571399742,0.002351075504606129,0.002228820851583685,0.0020776452063857587,0.0019020886848269275,0.0016908576114005036,0.0014408660918725225,0.0016943407863178675,0.0018862430569291308,0.0020018172056467665,0.0020429539578863537,0.0020363055196379945,0.001979511808778714,0.002086049183802393,0.002361970634202664,0.002567977218098377,0.0025258545471948755,0.00243517731001522,0.002353610509471123,0.002286929984837811,0.002267439723681061,0.0022817045756409714,0.002306797205018949,0.0023538081239032373,0.0026038328871799826,0.0025342116449188073,0.0022316487123254097,0.001928196043521499,0.0016728113115302076,0.0014289879886668216,0.0012847689373240295,0.0011939784838036344,0.0011047129983719067,0.0010041867373940389,0.0008856989271396054,0.0007519906389204384,0.0005862885451592276,0.0004337252153219784,0.0005784306589369931,0.0006764798295949975,0.0007464575745366048,0.0008053327099054319,0.0008607323796094579,0.000901783728425698,0.0009146124045202597,0.0009038921802016903,0.0008840161992680895,0.000860015685182125,0.0008323117215117276,0.0008055972074631629,0.0007794762688921875,0.0007445236670092503,0.0006947500185595645,0.0006292892654479049,0.0005420250681204691,0.0004274287795455606,0.00029584637233680267,0.00016971667436434246,6.82441855358179e-05,1.1971235370084043e-06,3.444232214956655e-05,5.618542779942115e-05,7.503540678208132e-05,8.901265894849242e-05,5.721841682468365e-05,0.0002254268492709599,2.5678891542313398e-05,0.00013678760920902977,0.0002603672332024132,0.0003366828308852543,0.0003518564969741539,0.00029521516150728816,0.0001226152694934618,0.00019032083085315787,0.00018100761191626458,0.0002242801975106956,0.00034358471456313183
0.00035865935200087365,0.0005965717314730494,0.0008178569610538221,0.0006866325794347428,0.0006330423140984698,0.0005551695823413083,0.00029861548017435374,0.00011763919859147931,6.666897337873068e-06,9.301942228082116e-05,0.00020530709716223838,0.0004373897142893948,0.0004368498211860111,0.0004482745178964395,0.00045595131877192163,0.0003989261608697073,0.0003514158870435019,0.00030146721301622936,0.00037635274638274374,0.00045734616789117055,0.0005154800687360572,0.0005512067365364692,0.0005697651937166398,0.0005710907155317135,0.0005570734375763831,0.0005355261380908527,0.0004759888852661348,0.0003068744780854171,0.0001342176110986637,3.778975787013805e-05,0.00020520034657364739,0.0003787354827501088,0.0005573019950031594,0.0007358815154183962,0.0009174440816025614,0.0011045546675376716,0.0012956729625166058,0.0014881794535638732,0.0016700898725475338,0.0020143079016592402,0.0019039251920310862,0.0017539975853217635,0.0015861643396104796,0.0013942356837560593,0.0012416123937603121,0.0014784973337376509,0.0016774575264620825,0.001824977895698264,0.001922488174827458,0.0019717383845040334,0.001962203164637303,0.001897540600913409,0.0018026239196061236,0.0021228820091113085,0.002375396512621128,0.0024506613440262257,0.0023981104487643245,0.0023366538827536733,0.0022852753480110694,0.002211674937819188,0.002153273411068462,0.0021377710839013157,0.0021488420890402246,0.0021609230390758905,0.002183371779057714,0.00223748326401349,0.002316255900326372,0.00239923906325196,0.00215737562389607,0.0017318502001300098,0.0013785171665971555,0.0010115155456742672,0.0007082517521129969,0.0004768382474281546,0.0002274919951894619,3.874745614081826e-05,0.00010575382828321989,0.0002994959761022861,0.00044478486362434927,0.000541419524181963,0.000606069447813079,0.0006562206375949203,0.0007078445417065121,0.0007687143966640109,0.0008288745325930186,0.0008747162776943512,0.0009104070357724148,0.0009499565414888972,0.0009979268582221423,0.001053589582431902,0.0011205194773807603,0.0011979402437855974,0.0012761567799154383,0.0013487005318342654,0.0014147745993080968,0.0014688457691915263,0.0015053937294424447,0.0015338052199774382,0.0015746551448589385,0.0016439467747272063,0.0017475517415291852,0.001584691172402189,0.0012499206775861277,0.0009087382729041846,0.000555580995111632,0.00019820859810373848,0.0001479037412960918,0.0004728726764462038,0.0003821166783536528,0.0002298735834502172,5.7022238544958415e-05,0.00014474748817862315,2.378392772971194e-06,0.00028284740257502466,0.0004928609783052228,0.0007568923779873622,0.0006337231476894606,0.00046943159374575674
0.0007045688673300594,0.0008922611396660314,0.0009152338464753175,0.0009541120595349985,0.0007472296260847625,0.0005145217265278487,0.00014466076283347132,0.00033110242309032124,0.0003848708227968383,0.00010726277434718393,0.00016829611017919396,0.00044310459725102266,0.0007161280737899602,0.0005108753205736762,0.00029555885327233605,0.00017286900522353252,0.0002453400121527581,0.00028079449617395,0.0002812715287865211,0.00027255043210086885,0.0002442975372704062,0.00019730213313617212,0.00013744614354692028,6.646142630222299e-05,1.3675543942538032e-05,9.669337670850306e-05,0.00017913378107156305,0.00026243120140485507,0.00034551292452691257,0.00041430790969410394,0.0004814536746498531,0.0005524713087440222,0.00062432000575861,0.0006917082356687476,0.0007554121095909375,0.0008181766000897421,0.0008781867926929698,0.000929324093998287,0.0009592012847701031,0.000947591484861593,0.0010324959541552943,0.0013940388221151886,0.0019714973165829014,0.002114552673562073,0.0021967663171004286,0.002252150425964614,0.0022467231079631358,0.002167216762584122,0.002054639537516865,0.0019124879243677118,0.0017344373623017252,0.0018657383943819737,0.0019742689324226386,0.0020690218502093074,0.0021451337140728517,0.0021857748089867133,0.0021907535142106998,0.002170955129081718,0.00212705483248702,0.002065561491098069,0.0020178993844021656,0.002007115691993593,0.0020139706595737735,0.0020102954315513637,0.0020035426443554506,0.0020142958286173676,0.0020339288044496527,0.002038468248799918,0.0020233426370541274,0.0019963802829720666,0.0019561107625136465,0.0017220885467050355,0.0011861541039932116,0.0010106923049424711,0.001025090368439372,0.0010732812505075476,0.0011056109378087056,0.0011167231403306464,0.0010909504599622526,0.0010266846455358608,0.0009377461614546168,0.0008405371342331755,0.0007504213716243852,0.0007567439333422896,0.0008256668340828159,0.0008942671031035333,0.0009658584848249926,0.0010529454011493772,0.0011594363887962346,0.0012833936755464563,0.0014262154993556243,0.001559618555326464,0.001494162896194414,0.0014191724636295235,0.0013302252439010148,0.0012256992117031136,0.0011060224694708978,0.0009762425221946057,0.0008477043449980244,0.0007326948860627812,0.0006370597400648763,0.0005581719305027578,0.00048687071816735233,0.0004114799137418107,0.00032590354345373926,0.00023599941252381434,0.0001535000277081422,8.257609203593877e-05,1.6803193220484014e-05,5.10270383194851e-05,2.565935817355411e-05,7.963764125245264e-05,0.00017227481252025077,0.000261049807823115,0.0004941023437725536,0.0006599654623232667,0.0007274505291688209,0.0006499143318829141
0.0007382372545911451,0.0012613728205609779,0.0011183194583450698,0.00092716576803893,0.0007389207558637246,0.00046713260560683756,8.421158686304497e-05,0.00022468441196020657,0.00024281815253972099,0.00023920725341066568,0.0002177346187892358,0.0001865482100700186,0.00015060102389599303,0.0002677831174205253,0.0004931698259972306,0.0003991949952996017,0.00019223927860095164,1.354340771868301e-05,0.00020759998813378588,0.0004006476559153087,0.0006044918873331778,0.0008174524510071272,0.0010324952354425904,0.001247036399223963,0.0014592963201727795,0.0016634371592479796,0.0018555282725889535,0.00203554222880397,0.0021908919896748633,0.0023303528276158968,0.0024551722484236413,0.002567747088687025,0.002378329791313482,0.002165715081288117,0.0019432218546628528,0.001720817876405125,0.0015014815371964703,0.0014811859889020326,0.0016291730521220023,0.001750494654164124,0.0018280437237011699,0.0018671931974899823,0.0019138547587946586,0.002090576330803409,0.00224011102510787,0.0023552504317890365,0.0024428540104574244,0.0021246500892332827,0.001881217126262831,0.001791125172153107,0.001812971156290236,0.0018657596774749484,0.0019101296967935508,0.0019569412085969065,0.001999911059439377,0.002021101853232136,0.002018263569982537,0.0020002821114749637,0.001965620812400329,0.0019164821877774025,0.0018785563941709665,0.0018704342642098556,0.00188925305331484,0.001912352647944952,0.0018843702692160546,0.00183348568156534,0.0017744152986603097,0.0016844977675574066,0.0015260375538238176,0.001384937062436387,0.0016813843977939499,0.0019554668737407424,0.0022084707591300563,0.0024145754078576075,0.002598056755366701,0.002692187124081029,0.0024555296224312746,0.0023228903355111546,0.0021590557764680565,0.001964027916924356,0.0017513548827199042,0.001536780553524169,0.0013275376504780709,0.001122761687568273,0.00091695994427584,0.0007043679443460328,0.000486206748812449,0.0002708355188830065,6.275280412701423e-05,0.00014249638951574842,0.000349604133416382,0.0005589759171778647,0.0007741650555399236,0.0010034226434880965,0.0012155672272386314,0.0012263364468391748,0.0011261951384790962,0.0010218654408930897,0.0009038329238907281,0.0007632199476620728,0.0005986964846328331,0.0004161645071644425,0.0002254728064785272,3.7825778497150436e-05,0.00014033410651105582,0.0003129061821062276,0.0004877510180056749,0.0006305946219755248,0.0003615395086192623,6.493199900784417e-05,0.0002583492308535079,0.0005194076814075375,0.0005092996885222752,0.0005536617525336695,0.0005824297974503234,0.0005733342325020992,0.0004919635016045268,0.00030514343717267123
0.000892057243787197,0.0011107133843736745,0.0013481591024007075,0.0009427582769654594,0.0004811072823736745,0.0003774145753848365,0.0007151502337682733,0.0009448658814378841,0.0008654636765336593,0.0005702599236392034,0.0002413700333420976,8.734001527823526e-05,1.6061670355657642e-05,0.00010665258275780604,0.0001688173555617692,0.00033933023013990593,0.000494391600527111,0.0006415185630895825,0.0008053303598157951,0.001196371497050458,0.0012900970416035301,0.0012869586256607501,0.0012893965884413355,0.0012860354925103845,0.0012766779235466874,0.0012624450138518373,0.0012261607647869183,0.0011310584519806655,0.0010258002959275675,0.0009091245103383105,0.0007782239249653627,0.0006347567218266542,0.0006561370900757119,0.0007322840746015746,0.0008145330405758822,0.0009115537730782358,0.0010247068183974195,0.0011407029776645677,0.001239553108103475,0.0012984421387385314,0.0012996428557719777,0.0012500178921742433,0.0011772230860312705,0.0011133708388751384,0.0011719503186345057,0.0013032429941400303,0.001618203249211858,0.001920624207590725,0.002206814920070889,0.0024870817941923216,0.0024718947052510543,0.0022050237319577726,0.0019364914225753968,0.0018545908817469738,0.0018674399489052376,0.001871150010490874,0.00186095829498886,0.0018435783256578473,0.0018154489282444395,0.0017748554394831733,0.0017771043015092072,0.0018786310813168235,0.001931669901243752,0.0018002242457767284,0.0015942063871364313,0.001343690443472434,0.0010635109463408461,0.0011502141651153729,0.0014005386954481155,0.0016119914223613543,0.001789994829190511,0.001932330914082632,0.002040487232423664,0.0021226811755009553,0.0021832096015294566,0.0022222924046425216,0.0022430500641381843,0.002246115086544251,0.002222960622932049,0.0021082457818312056,0.0017187770447223555,0.00151062725911065,0.0013243036589542512,0.0011583428847296573,0.0010075532345391047,0.0008658135460513083,0.0007329203650531246,0.0006156426739215431,0.0005167744857100948,0.00042971497411291304,0.000348084478172625,0.0002708962252386399,0.00019426733761755688,0.0001095476521981581,1.3451820948903737e-05,9.005811962840837e-05,0.0001973922813275908,0.0003037576835440009,0.0003985770286898116,0.0004757175958180898,0.00054316408792493,0.0006122059311121503,0.0006864473351925748,0.0006738821675477125,0.0005261072978629475,0.00040451326952725686,0.0003024617257430112,0.00022344465270218022,0.00018074670686219624,0.0001843847514666347,0.00035393929019098685,0.0006470979903848706,0.0009837362288035306,0.0009530355166384764,0.0007720102668150493,0.000600943266016455,0.00037912598011223195,3.019241077087051e-05
0.0011134557379959033,0.0010167299530420074,0.000919130508575873,0.0007943940397568405,0.0007210835402890747,0.0008462643719324286,0.0008912901868894652,0.0008469633627921219,0.0007094812938265721,0.0006559251754403583,0.0005375659098440094,0.0001194506830241443,0.0003005807375059538,0.0004310156432066753,0.0004057449131355112,0.00035157763280629917,0.00026619741453629,0.00016966283595906684,8.317379904486388e-05,1.7886479429796154e-05,1.6551147440369007e-05,1.5114554923520429e-05,1.3118327127623064e-05,5.653588118534336e-05,0.00011318635936329036,0.00016828470683563634,0.00020443248373748502,0.00025055370279075673,0.0003085541974902628,0.0003767027705293413,0.0004494741309884476,0.0005249308265275199,0.0006001989075126446,0.0006680241400890269,0.0007285846437278254,0.000792260043703294,0.0008622206124282022,0.0009255855631697535,0.0009596719661977143,0.0009412039143971845,0.0008523195131155542,0.0007016965633841465,0.0007687560135853228,0.0008484533762243424,0.0009277410929833946,0.001124764913351825,0.0013177553984379947,0.0015125584161777145,0.001709373689846659,0.0019223834934564352,0.0021631745199727354,0.002412827620461841,0.002459522225748932,0.0020797875886440532,0.001776404885982217,0.001760573825548381,0.0017393551096961304,0.0017171005267242424,0.0016884600552977223,0.0016484241507956194,0.0017640034147495681,0.0017141382127537387,0.0015126321880249809,0.0012617118154532106,0.0009345443186451405,0.0009040884861631557,0.001188864961605314,0.0014321760489313246,0.0016140375860183576,0.0017388167581616695,0.0018162497253231547,0.0018468732334566001,0.0018342975419039925,0.0017894175072178248,0.0017190108248984204,0.0016262712956855718,0.0014560978816021697,0.0012765010411549954,0.0010911119629487404,0.0008947722725553553,0.000693780792144702,0.0004991352050153913,0.0002972414683843211,9.955328361167803e-05,9.447389292713271e-05,0.0001738905961554127,0.00016048514908344191,0.0001353823788506764,9.57038186253506e-05,4.908092061778335e-05,5.4525587561138344e-06,3.736591512445986e-05,7.387444516027131e-05,9.595845917187429e-05,0.00010253039254487506,0.00010083239074283601,9.604539246234334e-05,9.170589845372557e-05,9.627772064628448e-05,0.00011226507075942638,0.00011071217275876455,7.982569442592513e-05,2.53279297409148e-05,6.020176793970766e-05,0.00017897864588270473,0.00033315894005231383,0.0005900383766324208,0.0008913933307393707,0.0011416583895124122,0.0010137891797697696,0.0009536966671091635,0.0009698871019385297,0.0010612694984940066,0.0012129472494485025,0.0011719571315744332,0.0008124700431159232,0.00040398952352468237,0.0001225188662308356
0.001355621482313038,0.0009293607517847635,0.0004825175798475814,0.0005322711721898882,0.0009694528785264972,0.0011942125243671192,0.0009286178791481914,0.0005630415632943836,0.00033249215409361654,0.000260947000138928,0.0005547620698057448,0.0007995736054515618,0.0010228641538062022,0.0010926069854678144,0.0010991762936966298,0.0010951396802522106,0.0009909701580473607,0.0009082350233422798,0.0008275534646061955,0.0007330172268235069,0.0006166583793341396,0.0004751097276735061,0.0003189735383380965,0.00016101226332088103,2.3971227534530515e-05,9.086313081696495e-05,0.00020529882310349468,0.00031506402827061186,0.0004221535131837817,0.0005249610298889429,0.0006174957600190711,0.0006975006295755759,0.0007624057447472854,0.0008053371638044871,0.0008271162245812869,0.000839851032134159,0.0008815333346539889,0.0010572886550058724,0.0012053410556841782,0.0012990704829471122,0.0013191258393183136,0.0012749365627817422,0.0012031133309886866,0.001129730944324836,0.0010534775605112873,0.0009744939971714078,0.0010412681477687813,0.0011258534011463622,0.0012329642173401073,0.0013799688893093298,0.0015810637628631136,0.0018163638525618628,0.0020583730370306794,0.0023172500660321935,0.002078172959917593,0.0016950091009724742,0.001656442850696476,0.00162103031632517,0.001581820496509347,0.0015423254434421682,0.0016626186631549956,0.0013578567287018777,0.0010501134332012024,0.0006808184792240629,0.0009327623166407589,0.0012218123361628364,0.0014701647585289787,0.0016587438063211807,0.0017657465973504871,0.0017973942609671584,0.001726519779734148,0.0015121900322157683,0.0012488985287743004,0.0009366358782162826,0.0005606570606480482,0.00016793009534377124,0.00022752300390196933,0.000611315597107781,0.0009167546216262978,0.0005004248571175984,0.0001820032379547254,9.843813108165178e-05,0.000344238764532101,0.0005494748520666337,0.0006949484776317683,0.000787562105303119,0.0008262779376868035,0.0008355226748624212,0.0008091423287094057,0.0008663264829620876,0.0009989010911911345,0.0010986600732368346,0.0011627878272589542,0.001181410638711522,0.0011470762945850477,0.0010549742231592274,0.0009178377955972872,0.000720780955269007,0.00047114552298457846,0.00016376826798458755,0.00023179870540632197,0.0007132705474783008,0.000787706466922139,0.0006991488609993934,0.000648224600626135,0.000623744416169747,0.0006241166456587149,0.0006603231566036233,0.0007770328502995361,0.0010086766232918487,0.0013286003122324197,0.0016015635452511084,0.0014419325396101412,0.0014047738808011523,0.001424145961000975,0.001222171058983916,0.0005995554964798588,0.00012896450692911204
0.0015907546119294236,0.0008213769592733539,0.0004336703421781024,0.0006273407319895702,0.0007103060813439949,0.0006651850933271503,0.0006016206080404762,0.0008792008965315401,0.0010492090061127723,0.001109491107910504,0.0010918404346126898,0.0010341533101650424,0.0007074708097367377,0.00039183806378856323,0.00011290344897676996,0.00011492847796193417,0.00029384693914139004,0.00044992290040868355,0.0006134228538544617,0.000798330906368494,0.00011779769241024307,0.0009936011072805562,0.0010558244778925974,0.0010058730357079548,0.0009855812346729609,0.0009462954487017561,0.0008963390380491987,0.0008512836647218136,0.000802825425699677,0.0007480587392916238,0.000704694331886746,0.0006803594746758179,0.0006152539653706268,0.0002763462222065971,0.0010795234026141354,0.0022083222670089553,0.0022918239225040715,0.00235715399704306,0.002379635283648901,0.0023313891186458324,0.0021934771923398377,0.0019918736282586447,0.0017688519465421382,0.0015430532543811715,0.00131864865897241,0.0010974719577011016,0.000898771479663163,0.0008515476895820939,0.0008637048259137053,0.0009313029345095342,0.001063604506782348,0.001243245433217674,0.0014873791388709673,0.0017671999279811126,0.0020998876219110382,0.0019328397128587152,0.0016005949006576842,0.0015432961480184894,0.0014827888454777916,0.001463495410769497,0.001381388000808479,0.0009669294469043209,0.0005407317630608949,0.0008841430235295572,0.0012196106444934476,0.0014765878602196886,0.0016780239738823227,0.001801237550372578,0.0016568878875671683,0.0014130323847122428,0.0010352748466416345,0.0005745875349624507,5.7764856544323395e-05,0.0004974052080428393,0.0003525930169565872,0.0001921984857188308,0.000607267543773965,0.0008878535593759285,0.001120394504530664,0.0012263803267303641,0.0011853302945080413,0.0010446551828335315,0.0009122573842026138,0.000772510342243321,0.0006108821421543509,0.0004650726960852558,0.00033793641098461835,0.00023730572119845528,0.00016577618082336265,8.581403516388919e-05,0.0003254755946868748,0.0005415679149370634,0.0007364840000848027,0.0006887786402819118,0.0006071506546841965,0.0005005587764880248,0.00036435397525794166,0.00019766715901908816,1.4172093621728221e-05,0.00015091237506481558,0.0003100164687424578,0.00039368662853905834,0.0003032540479512569,6.547382938262847e-05,0.0002801053370266593,0.0007838569304899345,0.0014613164211201013,0.00126983913114867,0.0010667555512629823,0.0009801075161716966,0.0009988689190550543,0.00117802474823539,0.001575801195906279,0.001887597766281987,0.0016349421522228735,0.001459001022415099,0.0009715182050044346,9.947135186143263e-06
0.001800026956504927,0.0008466811299820132,0.0008020047237677908,0.0006689191493500779,0.0003865047043925124,0.00038689460956153887,0.000476544234708387,0.00038479611557215576,0.0001254601005576672,0.00026738387171290623,0.0007500434100096431,0.0015143546959419107,0.002327466956264984,0.0009836248783056112,0.0010852591011375756,0.0011608961812995533,0.0011342640455010988,0.0010942448876487265,0.0010160276280611613,0.0009035931573322387,0.0007516620295545673,0.0005431729513661332,0.00038819037737175544,0.0002630610253822052,0.00015472982813957703,5.220884261913916e-05,3.679133923722988e-05,9.857743012481324e-05,0.0001423062797017427,0.00017118156901702042,0.00016887451704256096,0.00012905768526050299,8.542415041951079e-05,3.230587468222579e-05,3.454504082117671e-05,8.06457368368596e-05,9.111479624474006e-05,8.825136800916233e-05,9.609795527487641e-05,0.00010661535516712228,4.817938470150218e-05,0.0034278022537961583,0.0030056636842907547,0.0025648273993622572,0.0021286663098692704,0.0017040684376994908,0.001315844079600198,0.0009855940968033217,0.0008112631002345772,0.0007644154469416964,0.0008183201280553831,0.0009491116366328323,0.0011054817685973023,0.001292431584862655,0.0015947729057690999,0.001998697852560037,0.001613822000606946,0.0014733045115921974,0.0013817016329402106,0.001365066500225976,0.0010622564584697042,0.0005276631973287343,0.0007063116713144774,0.0011322238826862174,0.00143855312265595,0.0016524012528563309,0.0016770915271509396,0.0015032653368548532,0.0011274455867006788,0.0006263002248248772,3.752749242938447e-05,0.00034124966208723406,0.00041641476460657634,0.0008847356432702125,0.0011567222553282852,0.0010600859674523844,0.0007318531840984355,0.000551501231739554,0.00046749284724215134,0.0002751890827680237,3.0375491901241114e-05,0.0001250637378490682,0.00013422679753757882,0.00037285198481673554,0.0008714404766340111,0.0003856529378065132,0.00019581844198068854,0.0001355313807851477,0.00014420052815655726,0.00016615775236805685,0.00020963189855294218,0.0002740588836601665,0.0003594545583043285,0.0004787043801484092,0.0006708695370500894,0.00040997616067511844,0.00030768480934328934,0.0004463410951601743,0.0009271969575350703,0.0019968580959819904,0.0030244033996361386,0.0023777070325499416,0.0017658073380671102,0.0012531207733989247,0.0007734982609234886,0.00042040230342579865,0.00022159749375530446,0.0004276973642582671,0.0009602095645198927,0.001531683094860209,0.0012357897098999593,0.0011597224369571668,0.001261166588152507,0.0014917675491094295,0.0019267329227121988,0.0016241815592810266,0.001181351428275329,0.00027573159148751303
0.0019504407599579,0.00144464589463493,0.0010926335339291326,0.0006206799952932635,0.0006087366308233366,0.0005365881311872323,0.00025262698632833036,0.00025149708994440245,0.0009515970805467067,0.0018052400976568683,0.0004108575802855008,0.0010225486155127084,0.0011789352019425658,0.001274002504470656,0.0012732321355001797,0.001184687454511446,0.0010036578523368034,0.000821643667583638,0.0005842846147338099,0.0002937065128770233,0.00011306675294092683,0.000517192482195894,0.000799412720331738,0.0009544948477697157,0.0010724938974603915,0.0011313571628497332,0.001138954730834918,0.001108470921047544,0.0010297161483610595,0.000900077268608912,0.0007350208726986662,0.0005374467674549299,0.0002896431951253109,0.00011577225628045529,0.0005845829513964063,0.0005485421820079495,0.00040461595047486254,0.0003290828341500074,0.0002327052750629166,0.00013408386936758498,9.998165962554761e-05,6.143491985149963e-05,6.881638544348201e-05,0.00017352132158188205,0.002241916800034993,0.002453150819516664,0.0018542200136001663,0.0013318165142509886,0.0009029578885616507,0.0006517644217094165,0.0006056001515133969,0.0006667588476941683,0.0007874374728679273,0.0009523292623550283,0.0011819363405519562,0.001546354996583274,0.0018267283020044003,0.0014085227530672532,0.0012762157450480075,0.001232761283160598,0.0006980009317340587,0.00042997549159942,0.0009141505095598829,0.0013138535412899888,0.0015803813577965758,0.0015799535283846505,0.0013653531243514316,0.0009369382447585728,0.00036869881019568895,0.000415519601847103,0.0004766580404615417,0.0010538066002844237,0.001097815960379861,0.0009781688490955176,0.000887968475883516,0.0006129233496595388,0.0010445798115381044,0.0010536935990964613,9.705328383091683e-05,0.00022090956371584314,0.00044338484543421375,0.0003476947452074053,0.0002663775285341452,0.00019334015733685206,0.00010627050889328027,1.8311989282704388e-06,0.00010333652967497997,0.0001911539061293932,0.000254391616802907,0.0002990397212538354,0.00033375989555400887,0.0003583075386498491,0.00037256630057003193,0.0003888083679856047,0.00041908824887526563,0.000462333368668133,0.0005166255389409402,0.000586713956087892,0.0006058480907294994,0.0006318599996998353,0.0007266656882702893,0.00041544856829783816,8.95522047684727e-05,9.208954802053526e-06,0.0015906606811518786,0.002728666486727843,0.0018182901908721794,0.0011385921843633795,0.0006403029564263085,0.0005671394611261593,0.0011940694521554163,0.0015920363436818519,0.0013003543583211263,0.0012801704397888691,0.0014308970475309518,0.0017499843809817145,0.0012373604073347283,0.0004263039658775475
0.002560120064811891,0.001914548460610746,0.0012370547839796187,0.001090835908324872,0.0009075557560326852,0.00048344364598112977,0.00019195700005480987,0.0011184735948897573,0.0009065202003822048,0.001107529554133263,0.0013302439342562367,0.001501792463582341,0.001521570514807391,0.0014389370788036593,0.0011833656839804196,0.0008698386927058488,0.0008236238644576122,0.0013469466160171417,0.001545398205072268,0.0015869952594713688,0.0016232980965097954,0.0016266714356409362,0.001595834984989164,0.001514131990992984,0.0014493758708427618,0.0013808402681610432,0.0013158637548048024,0.0012662148362880266,0.0012215351379862294,0.0011786803402799584,0.0011514935115781721,0.0011420991442871453,0.001117872869154879,0.001064557324037041,0.001010358514011933,0.0009277505586331447,0.0007359616190920626,0.0003145859300696108,0.00030867260772282634,0.0006054179157868878,0.00036690800519573186,0.00018669052318864843,7.858736207422279e-05,0.0001547430117948001,0.000256230197945434,0.0003295981010799365,0.0013417032448051758,0.0018274643718255157,0.001207860615270312,0.0007378189632477605,0.00046810118313328486,0.0004404074201855013,0.0005004575806870359,0.0006352204868186884,0.0008470693964933718,0.0011125420903748198,0.0015603444673836855,0.0013522218874435915,0.0011675306495737637,0.0010653309565606707,0.00029277098660696055,0.0006116607217588818,0.001068560780968321,0.0014304894358123793,0.0015310431942348185,0.001293393970249454,0.0008291469779902472,0.00022003885183552452,0.00015805347073349907,0.0007559862965449693,0.0010296544525468243,0.0012199596438151605,0.0011277324683600098,0.001238100519727725,0.001462842297184408,0.00042087727866696456,0.0002986026938613384,0.00025208038986673786,0.00019385079658784665,0.00012447839434465147,2.6926680190775265e-05,0.00012445898214080708,0.00036371319416050873,0.00036306737644770104,0.0002422359530970808,0.00018168254823502927,0.0001963257782754413,0.00021791654771846636,0.00027071513001125647,0.0003247433703945646,0.00038032257266873426,0.0004368759922110943,0.0004932257026986075,0.000560836186150715,0.0006882621950405343,0.0008618544925786953,0.0010921024676839308,0.0011259244661634416,0.0009162443254900343,0.0007034923891516276,0.0006504779259589033,0.000772042432215847,0.0009352359024044632,0.0011145136068290706,0.0011539007129467982,0.0002578649777746911,3.141279861529345e-05,0.002061860785177755,0.002348641371241439,0.0015092968598045542,0.0009914126329401696,0.0010331195084736233,0.0018922734310320988,0.0013615405367205513,0.0012051220374420801,0.0012714207809166045,0.0014286769764905172,0.0003332402127189521
0.0031719574423803437,0.0021943344180655466,0.0017168035043445273,0.0014571875335803175,0.0009360268549301332,0.0001372561424345109,0.000443352237217004,0.0013805188169032923,0.0014453360796661818,0.0017471689827900927,0.001777638788070468,0.001688562566820595,0.0015097235087105365,0.00107450470650855,0.0015403837622729455,0.0016406413121273222,0.00173028179417134,0.001679655212511455,0.0016030969587986221,0.001569815972553401,0.001543093058343381,0.0014813732233648902,0.0013998411818841316,0.0013345991513228905,0.001282602762346985,0.001222665630651043,0.0011618786987937502,0.0011112800057744843,0.001059633705480012,0.0010032847325178729,0.0009558972030799251,0.0009196032434444223,0.0008897974439684431,0.000873753046063297,0.0008670194827054001,0.0008448609026294185,0.0008043831406932545,0.0007725177829094321,0.0006782759766278956,0.0005306008060042,0.000276804713847556,0.00044336999161581625,0.0003468563466028085,0.00018696802067807994,0.00014841471501275683,0.00019927678732789555,0.00033674987210585705,0.0004969174074356819,0.002299801376064975,0.0010329979388236932,0.0005829073929262685,0.00031373796700942536,0.000284325755620235,0.00036228265917741254,0.0005477731357936971,0.00078170370101667,0.001169253250691421,0.001323268871198071,0.0010587152536751607,0.0007963192607156402,0.0003428703461288776,0.0007605052781634522,0.0011760079440025356,0.0014855947567434663,0.0013008676861215873,0.0008154432601868433,0.00017432379309770263,0.00027100874146873677,0.0007383164292752153,0.0012818256255380245,0.0013857210142712573,0.0012371670512593969,0.0016231271212015508,0.00048522555661645317,0.0002416650867111958,0.00020187878148530958,0.00012048444221307575,9.398316994313483e-06,0.000315895101915431,0.0002040188960416578,1.0921012006837039e-05,4.598608518258107e-05,0.00017541857700870134,0.00029041293471659957,0.0004132679597403932,0.0005465746413285677,0.0006753343276705848,0.0007845356962735694,0.0008685537951630407,0.0009338033755376118,0.0009894369486179166,0.0010348120959126628,0.0010680796935259584,0.0010999087999791768,0.0011412240249396577,0.0011848810054496672,0.001158874197936588,0.0011417688695560257,0.001133349433298958,0.001118514607389598,0.001161229106492967,0.001346149332187685,0.0011346841901150873,0.0009301224857025114,0.000979390251829304,0.001216723910034967,0.0015246929706316248,0.0006214128872764069,3.827363411701423e-05,0.0024835288895769803,0.0020995378892989525,0.0014864986502157451,0.001201124471541637,0.002003383339960668,0.0012677417998909757,0.0010122672953041534,0.0009040021365073619,0.0004883567444267933
0.0035920889669883993,0.002506613066772828,0.0021249211540583512,0.001532955507756839,0.0006454392892837058,0.0013564018595385585,0.0017026742066268974,0.001813866962400712,0.001964404882289217,0.0019945314418292615,0.001848849327231672,0.0013031657286793341,0.0017041296073342926,0.0019120322199154827,0.001862659159947544,0.0017941765053037795,0.001751274559700089,0.0017178615799683938,0.0017196021834846031,0.001737824332040283,0.0017460216047697208,0.0017186027373142787,0.0016689265573565093,0.0016308014488669031,0.0015996438092695242,0.0015540100312842475,0.001500971374224891,0.0014508319877326592,0.00139144867709462,0.0013188962105410429,0.0012469427375191855,0.0011777550714439644,0.0011071852973761898,0.0010440838133890518,0.0009864263950613017,0.0009116040933893621,0.0008174622863930114,0.0007301953954368945,0.0006645203134528765,0.0006235778957960347,0.0006194592443211633,0.0005320676879206343,0.0003054135406759806,0.00047108008146473646,0.00029680324856495854,0.00013797737488785433,0.00010054119060659561,0.0002867328050857598,0.000411996825689126,0.0023910506005518084,0.0008908476533687482,0.0004733056680644443,0.0002137646655476777,0.00016982347761597405,0.00029935971656273874,0.0004970945630704132,0.0008055324594663932,0.0011816792972917309,0.0009554499106756171,0.0004999467457480825,0.0005108064468007864,0.0008766499277722689,0.0012347645162161247,0.0013205468681736776,0.0009132241680713665,0.00023832036522047906,0.0007564355497575448,0.0004740150082475081,0.0013948769746567058,0.0014624368092346074,0.001936884534749772,0.0004220796147456629,3.057613001683501e-05,0.00021623942030396526,0.0001822370096234982,2.6429484967227523e-07,0.0003171332586449638,2.0339703271643472e-07,7.662663338592335e-05,0.00021400265931459383,0.0003701713081677993,0.0005255387317474325,0.000655111596579383,0.0007674771580281625,0.0008847155718056388,0.0010098092491064858,0.0011295041444870924,0.0012305034800553782,0.0013078379101302273,0.0013682131454421098,0.0014210765208423903,0.0014654435409650057,0.0014985652964139562,0.0015303772977717234,0.0015544471233799873,0.0015223810295408313,0.0014926992372553682,0.0014668431642467783,0.0014430661417987878,0.0014233958957324266,0.0014074876361620525,0.0014426032601769778,0.0014963058871680923,0.0015422814625110082,0.0013832701882429133,0.0011352449110291207,0.0010716566300040253,0.0013901964311592852,0.0018062683540851499,0.0005057449718269824,0.0008179496272345266,0.0020863478612289654,0.0018622273152343605,0.0014506493834542666,0.0018228143241402484,0.0010064581996130917,0.0006028098535739712,0.00018506872767018456
0.0038150457674938076,0.002983573444127502,0.0022651997290167314,0.001307662483581079,0.0013603069744446972,0.0018490632936825069,0.00207927902978583,0.0021191264629285556,0.0021124445450584894,0.001699617511333018,0.00169250648007796,0.001962699955583902,0.001996644006853343,0.0020222774136792188,0.002009058247549378,0.001987705706761267,0.0019933134729644975,0.002052113768393371,0.002119269277896907,0.002112098737057866,0.0020541336817561096,0.0019730201584868268,0.0018807892670460458,0.0018089303205346408,0.0017516923768789994,0.0016880839865822117,0.0016253843568654336,0.0015730862030903792,0.0015183911563924068,0.0014574146536170396,0.0014039178813949338,0.0013597952060334095,0.001321107073425809,0.0012978831827540338,0.0012898069732392714,0.0012754734305450155,0.001124913947945061,0.0009729423112284086,0.000839071953543935,0.000727009568241288,0.0006502691897831148,0.0006028346289846387,0.0005512381649485087,0.0003811450103539671,3.718702888494407e-05,0.0003476129795828564,0.00014458287724683494,0.00010003278084874667,0.00023179968301254017,0.0003668802362126744,0.0019323919641915377,0.0007918207463838145,0.0003877814102537791,0.0001526732771300332,0.0001265036260380964,0.0002686531536241765,0.00048226467887196173,0.0008312785198999403,0.0008632446616964867,0.00038657659911449545,0.000657935423578962,0.000955804922924755,0.0012398210009604005,0.0010692126938844776,0.0004180717725792149,0.0005283093873261202,4.8577138789224206e-05,0.0013241786289529545,0.0015048561185051768,0.001998573218282146,0.0005440138961639307,0.00010849585702316089,0.00019899702219700055,0.00011998318774181227,0.00035725374391537557,1.9966799663873047e-05,0.0001321295153854929,0.0003051701394005124,0.00045229562584564453,0.0005945359658384719,0.0007518003996730971,0.0009048953993254227,0.0010298123929308733,0.001135893562659529,0.0012452692134544696,0.0013615136813617812,0.0014731060268766694,0.0015682682623224808,0.0016424775673974934,0.00170255171904804,0.001758024922926149,0.0018073853928138872,0.0018468628006191867,0.0018575258346077428,0.0018264776783091241,0.0018002794091688812,0.001772073798878726,0.0017422953161200794,0.0017085088690209083,0.0016764351564502178,0.0016509046232607294,0.0016546760755337675,0.0016700138828954492,0.0016711300513301275,0.0016942632393089352,0.001785979758481604,0.0014828547200375075,0.0012071912265123608,0.001286701580133498,0.0017692930824745878,0.0009368927123444282,0.0005297682981971752,0.00201793626018143,0.0018639243555141904,0.0017047271176252599,0.0013541508688042214,0.00047412803532861925,0.0001875834385581393
0.004232202739156199,0.00323526820099429,0.002144236131942978,0.0007816806897857631,0.0018377755274294194,0.0021464266995658843,0.0021669259291078324,0.0021914527595828792,0.0015157757307181496,0.0018552378994033392,0.002032345655567147,0.0020902347963683288,0.002171883826504406,0.0022496362304675332,0.002292347277940532,0.0023287108238863596,0.00230714546517119,0.00227412854612824,0.002241849874510482,0.0022190607224107928,0.0021967476425387433,0.0021490406287955066,0.0020868980115354985,0.0020400327524279227,0.0020017084496245507,0.0019512576570229756,0.0018962611459499845,0.0018456523252849966,0.0017860882886435725,0.0017138113305906755,0.0016426965858928888,0.0015743321171963753,0.0015048449920869178,0.0014452086310731138,0.0013961887418256769,0.001336872510561249,0.0012653634008360504,0.0012076202422350302,0.0011782845099847505,0.001019294274389515,0.0008662094930668718,0.0007414694022774837,0.0006144705073229395,0.0004915698130622537,0.00042590978796103185,0.00015364714124482814,0.0004878228666130302,0.000154815367215011,7.20967318983412e-05,0.00021421087979850428,0.0003866947846994928,0.0012611872846989836,0.0006886703573194541,0.00031527655176849523,0.0001380618648360865,9.324427858169171e-05,0.00019858040654470444,0.0005037194756760399,0.0007823395754248189,0.0005959362192701784,0.0007834188644381332,0.0009981984021812662,0.0011695882276967912,0.0007005827299669254,0.00016112590647113234,0.0010230276102846103,0.0010409842020958904,0.001484574505345504,0.0018300616999799568,0.0005575016792790377,7.266484857604283e-05,0.00016228328953726834,4.524886727880206e-05,0.00013467412944589974,8.121435175145741e-05,0.00025401062348240355,0.0004438615330395468,0.0006237790940631371,0.0007743875244144993,0.0009169082052196686,0.001071461655338446,0.0012193608221216512,0.001337678111016427,0.0014366209709143485,0.0015385496620460293,0.0016476172391971522,0.0017537391668640545,0.001846382511309863,0.0019213302055103298,0.0019853117489045946,0.0020477269041730972,0.002106451520256125,0.0021180546848392767,0.0020894763208522127,0.002069761821925309,0.002051381944737418,0.0020262810793142405,0.001994720845416187,0.00195419212930964,0.0019096500362014712,0.0018845745438167971,0.0018627239048601418,0.001846041824944189,0.0018136932956458462,0.0018116698637382078,0.0018523658004563903,0.001925401127919557,0.0018709771139041598,0.0013602265793776214,0.001278128975295334,0.0018062673479609104,0.0011112532061402502,0.000775462354925871,0.0018393601518676972,0.0018200724858104533,0.0021646075518518826,0.0006216165075703106,0.00040172981554795206
0.0046566915838412715,0.003275017471897318,0.001783703624055638,0.0017416063773999513,0.002058430776730902,0.002202925283026236,0.0022047265416256234,0.0014922896383915973,0.0019236320343374302,0.002086529290395045,0.002189550077032587,0.0022997117961511826,0.0024375589381396834,0.0025743371691350214,0.0024982822006382466,0.0024231189577063605,0.002412300246291854,0.002419243475865085,0.0024235921067681243,0.002434556078396044,0.002443502055340274,0.002424472555421775,0.002387615778627561,0.002361480540374883,0.002338799843260242,0.002299296860823974,0.0022509373248754683,0.00220239456129645,0.0021399849102439195,0.0020600219549439247,0.0019763754379126253,0.0018901994900526464,0.001797329694073424,0.0017090273565576464,0.0016264986609879628,0.001529060092491541,0.0014151282467246284,0.001311130507469671,0.0012317651736943325,0.0011800212627214868,0.0011699483828098711,0.0010226013382821364,0.0008189303483809862,0.00062090661140074,0.00048220329017512054,0.00042138305586714164,0.00017199225002861862,0.00047944168923635955,0.00010665218051619796,2.2614245988261672e-05,0.00022457448473603425,0.001126680008971842,0.001093688572293583,0.0005621668377198963,0.00025562491303651735,9.626472597087932e-05,3.578656802681601e-05,0.00018910507743252758,0.0007062407399248752,0.0007905298643997895,0.0008852793393446731,0.001003442183565753,0.0009464752146177702,0.0002443097265965033,0.0008859671007676317,0.0001983431955137338,0.0013404197160402087,0.0011979355273177283,0.0003810651672316867,4.643697042377992e-05,0.0001115745412358371,0.00013269377867181076,6.970136044942565e-05,0.0001634440696401951,0.0003346457678127801,0.0005153309991720034,0.0007103243716716223,0.0008930293939566902,0.0010439556457713106,0.0011844365268663948,0.0013348901371786903,0.001477102090787774,0.0015890832204724648,0.001682052039705062,0.0017788404998658747,0.0018839743908808382,0.001988310024445328,0.002082298286396056,0.0021619336377491916,0.002233619932497821,0.0023063638353891802,0.0023291416557399414,0.0023140839454727224,0.0022994915308035546,0.0022910062277597953,0.0022798942903895503,0.0022577369029569416,0.0022251977690215252,0.0021798664205882057,0.0021257767028955987,0.0020889119313463045,0.0020625309403451975,0.002021413321304011,0.0019781373755193288,0.0019370975880145247,0.0019336870466111211,0.0019573910969862274,0.0020024382173261523,0.002108742118494933,0.001447643974795354,0.0013364355727797927,0.001918770582984286,0.0009093937395375784,0.0018483902736153024,0.0016031359027065817,0.0019544768106962984,0.0010429093656205424,0.00045265222192797383
0.004922110890546588,0.0031271208687188023,0.0008198157772018322,0.0018905784356237076,0.0021562485698772837,0.002117402323075279,0.0016777499341270596,0.0019035616006140565,0.0020935919110030565,0.002242593475907384,0.00239913311463108,0.002566760698422932,0.0026648296673970617,0.0026076213544446447,0.002563345235845671,0.0025558165935148924,0.002582403772496633,0.0026224563984572624,0.002656212505075417,0.002693697226679337,0.002726572331306687,0.002728841571824181,0.0027104252685937746,0.0026993231267039564,0.0026879141078097746,0.002656364429907132,0.002613264153948469,0.002567208239470875,0.0025041561041894145,0.0024204948846230367,0.0023300895066988847,0.0022334088828567245,0.0021255562037277853,0.0020176940488630946,0.0019111811339402873,0.0017853943245167425,0.0016390488716068186,0.0014988972174010406,0.0013791006080475787,0.0012814532300794435,0.0012197720430979775,0.0011935607642483692,0.0011254117809517683,0.0008527348711079297,0.0006395940643701414,0.0005051046865269804,0.000428775377464774,0.00015340339430902628,0.00029530806754046734,4.336680389827041e-05,7.522015000438476e-05,0.00016542856079859725,0.00157390233811322,0.0008697462947677981,0.00041794351806079266,0.00013676838340867525,0.00013631763625282511,7.991739956438731e-05,0.0002905310248629174,0.0009608886637096203,0.0009538916832500452,0.000964539164319142,0.0006712901126369464,0.00027425080996429374,0.001282014528845521,0.0009750481069924766,0.0013441010324802827,0.0014650788563992934,0.00025906235020412005,5.888545562937608e-05,0.00010884011021550233,0.00012443198993361548,0.0002083038552000982,0.00038821775484215726,0.0005671318632594624,0.0007519639761860986,0.0009491305520453186,0.0011324614868801763,0.0012823379943043278,0.0014204164584092904,0.0015674290093791177,0.0017053334710701584,0.001812970072231801,0.0019027464933748517,0.001997936324020566,0.0021030873253402582,0.0022096969399671984,0.0023090330834134587,0.002397053400363225,0.0024795197209575015,0.0025081732518277278,0.0025142005456101346,0.0025141032258011453,0.002512100381376725,0.0025128507052001314,0.002507227393197198,0.0024870423706587763,0.0024535903632073586,0.0024044996309394717,0.0023427967420344142,0.002293482648958567,0.002269752575883577,0.0022302884794969113,0.0021588946351038807,0.002085397584140891,0.002044719437803988,0.002025472981743215,0.002021051298147336,0.0020713410220223882,0.002208622284443129,0.0014744874496572802,0.0014381172615602345,0.002157838458549277,0.0006534085253825372,0.0019055167119832184,0.001499713453228274,0.001793350990668685,0.000265076537556308
0.005061465498908346,0.0028360252627353255,0.0016756955211335578,0.002013930531484631,0.0020764865305519242,0.001858293626699259,0.0017798072539247367,0.0020712993562517767,0.002229563748333774,0.0024306837072194387,0.0026439441610950354,0.0026897290995964163,0.002660616805392868,0.0026707828568001135,0.0026959112919121564,0.0027221146607381286,0.002777618832790707,0.002841993623203476,0.002896584093192378,0.002952203999400216,0.0030006829181550287,0.003016398367280626,0.00300970829090641,0.0030082884962217005,0.003004057808402738,0.002977720119588523,0.002938700518337223,0.0028954915368257783,0.00283361023786477,0.0027496201696634026,0.002657404230264282,0.0025564743566236503,0.0024409475803661707,0.002321873432913457,0.0022007728292885442,0.0020570242540409733,0.0018896167407898012,0.001725366121815619,0.001577046063709009,0.0014441823238291462,0.001339724953639987,0.001264626252072909,0.0011958053523574708,0.0011444598665702466,0.0008688335674869596,0.0006601206809980775,0.0005099190484680882,0.0004445116069332067,5.7956235001876966e-05,0.0001749456575785846,8.776860691173116e-06,8.154140448898839e-05,0.0019099615285356197,0.0012132771840495937,0.0006043453164619184,0.00018985792896906994,0.00020560249480780501,0.0002659933424868921,0.0002533177823460901,0.0010924105345080752,0.0009783208615690084,0.0008735837779821481,0.0003395063540606591,0.0005126753108562476,0.00045024355247830217,0.0012142938938589642,0.0009802542585928276,0.000976774674161296,1.1579853017584796e-06,1.2660624569338363e-05,0.00030844870938129265,0.00024032227673581597,0.0004169554921565344,0.0006060155065548689,0.000789854308669069,0.0009769702524285995,0.001175251922798659,0.0013586887017347227,0.0015077185307014185,0.0016445063674423999,0.0017898931198904178,0.0019259005169306453,0.002032338188978078,0.0021226251071109203,0.0022199831626170674,0.0023287901597236482,0.0024412475167994163,0.002549204016791262,0.0026481071969187697,0.0026788407389652935,0.0026982969985740457,0.0027188065559153873,0.00273104150375314,0.002738304193289798,0.002745070573608732,0.00274236384579174,0.002722513950567884,0.002687492672635905,0.0026348671845851657,0.0025667002590811228,0.0025072097599423415,0.0024898010437089946,0.002453442143778961,0.0023592979652031776,0.002259457708140067,0.0021878857325181023,0.0021317381926940215,0.002083291528034825,0.0020823340884836283,0.0021618082511538628,0.0021297580267949923,0.0014541696807541804,0.0017013560964635466,0.0016261145460842452,0.0012888642161507646,0.0013703494143548212,0.0016450499941406682,9.699209824554078e-05
0.005118007295645571,0.0024486628947082145,0.0017541253215995478,0.0020097558808123694,0.0019342961146998627,0.001535019438129892,0.0020231481861910927,0.0021877749293372495,0.0023947529228978692,0.002650491011534084,0.002721959514834227,0.002689239667005794,0.0027186116833336493,0.00280124063191467,0.002856557780073321,0.002908282284057151,0.002984476247456014,0.0030652782536146894,0.0031331680855536392,0.003199667260641248,0.0032570070187569744,0.0032803613805376663,0.0032806493926577085,0.0032850790531498975,0.0032851034276546454,0.0032620971664104603,0.0032263267819303554,0.003186105774246273,0.003126511708477997,0.003044277370365611,0.002953205418329552,0.002851805913759997,0.0027332997738915843,0.0026087723433088073,0.002480111110851224,0.0023269125239073762,0.002148348186189031,0.001970672714507904,0.0018044560624485007,0.0016464761204220135,0.001508643465469528,0.0013930097093355354,0.0012782389214804901,0.001176894072617174,0.001144311897329553,0.0008740426696429715,0.0006494781996198018,0.00051033482807189,0.0004011808926607241,0.00045347195442380084,5.1320487995720754e-05,8.417444252728501e-06,3.976418398746184e-05,0.0015726380074364554,0.0007983383279403511,0.00024149817854184075,0.0002777717676874236,0.0004701983497065604,0.0003351963808942912,0.00117536389174612,0.0009509263346744803,0.0007249553227803851,1.585019724356651e-05,0.0006263936370226597,0.00041187423941072,0.0012188089678885905,0.001210145136246954,0.0001937239013543035,1.4427202001399131e-05,0.0004912673700834813,0.0002467061473709342,0.00042293727873543574,0.0006102648261483434,0.0008062288046751798,0.0009937068972437069,0.001182741611009508,0.0013822491297811323,0.0015663029215206015,0.001715600648276805,0.0018527231426981317,0.001998500479911458,0.0021352529414594423,0.0022437993658361854,0.0023380293876755776,0.002440662372059421,0.0025559785677066182,0.0026768783128403584,0.0027953254999499855,0.0028356237366014003,0.002863090187925743,0.0028956093601182342,0.002927124202717235,0.0029474318221736073,0.0029597506525331774,0.0029688683279565087,0.002966175522300163,0.0029446552298135753,0.0029069247004654963,0.002850408420343009,0.002776363206825616,0.002724541032241845,0.002698616036652668,0.002658736122628569,0.002555947557473792,0.002435173123035428,0.002338271295269312,0.002250778915774909,0.0021639812069574327,0.0021173295502209255,0.0021438009139055914,0.0022410616625380686,0.0017639035306786788,0.0014019558767358054,0.0020833941702976255,0.0007515377165687731,0.001620444219223971,0.0011932196278581775,0.0002752990169182512
0.005129733336916881,0.001402658416972541,0.0018149522058010514,0.0019009150301174116,0.0015991387875322616,0.0018587587310673892,0.0021152909255220953,0.0023237307496832282,0.0025822450807788666,0.0027388759990546463,0.002717712399079364,0.0027348610409293483,0.002842026964363642,0.0029524003857033243,0.0030308740517995814,0.003101490429554543,0.0031922082404605145,0.003283688391628292,0.0033595611519321444,0.0034322760676561703,0.0034947618503856637,0.003522911958841468,0.003527774726912569,0.0035359176245637336,0.0035385674787214993,0.003517900730143131,0.003484899325411406,0.0034476736078138392,0.0033909047875254616,0.003311306485031973,0.0032224253772595857,0.003121989693143923,0.00300270402882441,0.0028759084533114265,0.0027440632533962672,0.0025871279222733357,0.0024040990711502452,0.002219980995305293,0.0020429308809025715,0.0018673523343615273,0.0017042725129846614,0.0015563664004811795,0.0014032700244706042,0.0012581464365645223,0.0011767991580601822,0.0011297314675065007,0.0008314559300967583,0.0006170853391865849,0.0005512789604775747,0.00030214288853036564,0.00022188907184084172,5.897163780926862e-05,0.00011315332172173731,0.0019379868745966755,0.0009927754652002685,0.00028597870891011734,0.0003642919158725194,0.0005965042696096032,0.00042035636942211116,0.0012004845768703205,0.0008634249425944415,0.0005117035957248328,3.993181337702545e-06,0.0008238437204899918,0.0008869914583696514,0.0010348384107202457,0.0004973597661893092,7.433660102168504e-05,0.00013617605701238267,0.00023909309505965037,0.0004059579430998883,0.0005939844885080592,0.0007897141352285475,0.0009911360093796118,0.0011817157943645462,0.0013727034616236589,0.0015738109587428717,0.0017592636025621777,0.0019100483002767454,0.002049127807458362,0.0021974314361514757,0.002337590742669149,0.0024510913670371393,0.0025519619469617227,0.0026624171807404506,0.0027865850052658514,0.0029176134366798445,0.0029717961976103435,0.0030139202322424508,0.0030531526560833022,0.003095197556845508,0.0031334043774929876,0.003157481013009056,0.003171044105033105,0.003179304360210855,0.003174071007579826,0.003149024230135411,0.003107374697404075,0.0030464285959563853,0.0029786778050678864,0.0029263663592177247,0.002888766704161494,0.002835639871163753,0.0027409375895857124,0.0026033748294370662,0.0024856804424858714,0.0023718976542798087,0.002252405272526292,0.002165918880265294,0.002144631376240269,0.0021861494460165276,0.0023077012052919454,0.0015265786091671618,0.0016719034817313516,0.001495807679522232,0.002459709077256622,0.0010392413964474823,0.00042335875718774174
0.005125840976876073,0.0015945614845117306,0.0018432608645173598,0.0017781064712852346,0.0014999718845978838,0.001992553305148914,0.0022075917457029526,0.0024629173093233536,0.0027271611568758236,0.0027136892529771584,0.0027331019437388804,0.0028351527658021514,0.0029687955202957195,0.0031007174100651236,0.003197142446573875,0.0032822188645427186,0.0033833310551767415,0.0034816252786884494,0.0035622252077120997,0.0036388017238677683,0.0037049278598214608,0.003736821591853401,0.0037452830362056933,0.00375624649836237,0.003760934771373514,0.0037423215848888525,0.0037119148417495973,0.0036775902907021374,0.00362367666975838,0.003546736918508153,0.003460004958148799,0.003360781940888624,0.0032417545172543916,0.0031147148317567375,0.002982589988923756,0.0028254397587086366,0.0026417248635749457,0.00245504381224404,0.002271492342552306,0.0020836023869567066,0.0019015918569527113,0.0017284594459410219,0.0015444061536258324,0.001362462714263768,0.0012377820304035891,0.0011911060731306655,0.0010323557053547039,0.000741999205775945,0.0006001426305349278,0.0005252727634539878,0.0004849209927453857,4.5361962432266534e-05,0.00011986839855357423,0.0025151485796145734,0.0011825266850696015,0.00032067615402206484,0.00046808557728381106,0.0004144991133076606,0.0005549683269680979,0.0010605789798818627,0.000709882891170445,0.0003722679588614025,2.8572496597517594e-05,0.0011125774798123322,0.0010206439024526837,0.0006159745753878121,0.0003011410029889472,0.00010768970898217267,0.0005948050176928232,0.00034961852523968107,0.0005704334338271222,0.0007676450320525108,0.0009698626417460887,0.0011755729496406575,0.001368713908744934,0.0015615965007980126,0.0017646708267112787,0.0019522901941093629,0.002105815671131883,0.0022488132135702887,0.0024022889353469967,0.0025487181285226423,0.0026698626596105557,0.0027799716977879863,0.0029008101838102762,0.0030358707902016224,0.003098716022139958,0.003159159184106808,0.003212557248688963,0.0032604426652229623,0.0033081869007458575,0.0033492699283890204,0.0033737462496402637,0.003385685333830768,0.0033906990084602295,0.0033810117750886493,0.003350933988773952,0.003304269855845088,0.0032458858119556178,0.0031836200372141743,0.003122120375184223,0.0030741973206480644,0.003009543625258515,0.002903185563517985,0.002773732799580375,0.002638759396747292,0.0025031032186907387,0.0023560368597296266,0.002235085380134838,0.0021710240380762857,0.002160753376432456,0.002222412634075077,0.0018500465892375972,0.0013932729319151016,0.0021820786096778955,0.0008207789320929804,0.0010394263010358173,0.0007176706273822886
0.005125009395641367,0.0015804310291533397,0.001693598029348209,0.001635172465293877,0.0017583377233619246,0.0020436365374936205,0.0022980074340379075,0.0026022819530527874,0.0026782219228941306,0.0027001380627873495,0.0028076988841923,0.0029356725019251684,0.0030897926096195016,0.0032383095944252815,0.003348790408236324,0.0034450513202883837,0.0035536579323185435,0.003656414986381362,0.0037401633539480006,0.003819689218616973,0.0038888768740960034,0.0039240583850849164,0.003935807203157005,0.003949510976447246,0.003956363365894333,0.003939953949560371,0.003912084882399358,0.0038803006455858657,0.0038286715946824756,0.003753778164764965,0.0036687519922433687,0.003570793769922309,0.003452851179486016,0.003327069141601302,0.0031964308406475794,0.003040848871595059,0.0028583804296641313,0.0026715079482774184,0.0024845372801702847,0.002288387611765308,0.0020926191365847613,0.0019004656730056135,0.0016923698293958012,0.0014806131350554308,0.0013186955630363206,0.0012262741498117458,0.0011882746801800126,0.0008799373577420555,0.0006614774796105949,0.0006236028167913577,0.0002495912057584593,0.00018504975458699668,0.00011369919784082194,0.0001409936616678098,0.0013537349761232886,0.00033705406590459064,0.0005895547409183743,0.0002725524546206212,0.000650249224344774,0.000791758799510496,0.0004952895451723477,0.0004519831895347104,0.00010266319703519655,0.0007749562266701204,0.0009916006337115923,0.0006617012467192152,0.00010934256321420976,0.00016383621499987955,0.0003451141585261719,0.0004992285790050843,0.0007303865688650935,0.000934518377069038,0.001141604881338798,0.0013506189161452964,0.0015459641210706643,0.0017408902929492154,0.0019464698182729556,0.0021372859054766824,0.0022953242630978643,0.0024447968650964658,0.00260645020124739,0.0027622036386240056,0.002893985685124667,0.0030162500375229273,0.0031499474856292453,0.003215345869684527,0.0032884355377769126,0.0033603296441756525,0.0034223980958774103,0.0034757285341522337,0.003525996945794696,0.003567190829203648,0.0035897219717537787,0.0035980449299536366,0.003598194672161381,0.0035827656075183567,0.0035465897758457654,0.0034973240337190514,0.003448687529120864,0.00337819619467028,0.003307806075067643,0.0032499150770340934,0.0031742471416568163,0.0030559644278860265,0.002922886950632586,0.002788146912382161,0.002634201271114689,0.002463715105029629,0.002312652559264494,0.002210107409146289,0.002152042409494348,0.0021574050111855536,0.002274071788558041,0.0014713384852369504,0.0018377176428920894,0.0009060629162268574,0.0012701111218316463,0.000523142956952799
0.005135513862423058,0.0015353816376753038,0.0016826690765079366,0.001195770691304554,0.001925331997053581,0.0020967294770444234,0.002393148975282755,0.0026577877977586595,0.0026473294790562707,0.002752151952231663,0.002890742413483971,0.003038980970016092,0.0032087189660030546,0.0033697842258213484,0.0034908549373852127,0.0035954794176167315,0.003709642249751899,0.003815892996619219,0.0039025698366097483,0.0039851260214601725,0.004057425282176785,0.004095964078287384,0.0041112793264728165,0.004128158629401968,0.004137540730847489,0.004123481806995177,0.004097966446766743,0.004068111946180175,0.00401788613639209,0.003944316220485411,0.003860778211383198,0.003764404914652908,0.003648180005082935,0.0035242468705527497,0.0033954397958707583,0.003241767064283363,0.00306133600537406,0.0028756716655509162,0.0026873149047730305,0.0024859615570644866,0.0022809662686084087,0.002075655098728091,0.0018501771607103423,0.0016156311943460455,0.0014232490857033486,0.0012906330966170332,0.001202983873990815,0.0010399268481337542,0.0007467645683624791,0.0006370437961165099,0.000518293375298351,0.0003875419503139299,0.00011691970412430752,0.00031422153291565946,0.0014913216698978216,0.00032652839144178825,0.0007309534460417932,0.00017332439836150598,0.0007083219573863556,0.00048158804371689276,0.00025950853091439435,0.000499125027297917,0.00019884877574846693,0.00024930119185206934,0.0009067535817223749,0.0003091711444590528,0.00013287416741614155,0.0004294938119467906,0.00035354202955451,0.0006273101970342143,0.0008662055569785276,0.0010752904589136913,0.0012859953804159607,0.0014978534810206057,0.001695539869541074,0.0018929394137658928,0.002101824820190834,0.0022973737941799355,0.002462230337804905,0.0026208666867734154,0.002793500242184832,0.0029615186904733415,0.003106916012913241,0.003243656397222905,0.003308448052259605,0.003387958510874256,0.0034733045733911228,0.003554422028092752,0.0036224691283688326,0.003678719401392083,0.0037294246223903427,0.0037690301355350897,0.003788220930968089,0.0037918528714826483,0.0037863905365230766,0.00376472026345942,0.0037221448637296817,0.0036850887246948627,0.003628287427596799,0.003549701675006678,0.003470339447218529,0.0034022538985649664,0.0033154923843001782,0.0031856611149755354,0.0030405482908568704,0.002908015080771431,0.00274837593438082,0.0025576944723685324,0.002380031667581717,0.002242840680360625,0.00214119463447604,0.0020946825045371487,0.002174286788015234,0.0016223436614067888,0.001527538507430759,0.0014649571747964996,0.0016688070013325118,0.00029752756105552725
0.004065183727135407,0.0014826038324338986,0.0015905117226335808,0.0015956742631844656,0.0019445194305383606,0.0021468676072483595,0.0024864198655374925,0.002603360710360214,0.0026664322895293413,0.002813934315540112,0.0029734656708907403,0.0031374386341469496,0.0033189463119307483,0.0034891277159003753,0.003617915614908207,0.0037289953412226184,0.003847826613091465,0.003957426211226522,0.004047334873597097,0.004133417650363458,0.004209366227279299,0.00425189317774699,0.004271514595768133,0.004292163267356819,0.0043042737979250845,0.004292408358746447,0.004268848032803807,0.0042403272792241875,0.004190952429517059,0.0041186145367339,0.004037008961351951,0.003942767008009329,0.0038284486428961095,0.0037061283037779225,0.003578775487543484,0.003426864418506481,0.0032487315516842585,0.0030649178320646397,0.0028763803582775305,0.002672173418085899,0.0024618418977502277,0.0022485316881649675,0.0020116418609037456,0.0017609221816757836,0.0015449986863376175,0.0013785920143806196,0.0012464925390773263,0.001188675119914051,0.0008543602014132179,0.0006746772208439666,0.000663689080296459,0.00033890580543260995,3.8478182718626464e-05,0.0003295654055392727,0.0015963616911017775,0.00029451224667498277,0.0006364744644884457,0.00010916272701810836,0.0007394759196483226,0.0001414424912965402,0.0004055061181737901,0.0005235043184836502,0.0003035720393855801,0.00017706247435861355,0.000742499473535857,0.0004064463853489242,0.00015603011989923088,0.0006911338546513046,0.00045777842215355413,0.0007410842339221069,0.0009854588981093593,0.0011979300862053344,0.001411599089566562,0.001626375526462831,0.0018267506030392733,0.0020271480172068257,0.002240419401606464,0.0024425237755403284,0.0026164156642120018,0.002786476556689954,0.0029724431661365402,0.003155191237123156,0.003316173523350452,0.0033852454499087026,0.003466748334540859,0.0035598960835014903,0.003655265753146786,0.003743066265365247,0.003814853098922044,0.0038723108463715183,0.00392216402175094,0.003959238822919597,0.0039745442485285,0.003973341663232488,0.003962434006887228,0.003934931604263836,0.003903583746809325,0.003859240473169767,0.0037948708004498233,0.003708419544123487,0.0036199483929274523,0.0035414700549576406,0.003443723184540115,0.0033029245656561734,0.003146840184740207,0.0030025159655715505,0.002847990753288676,0.002646995099906735,0.0024457609487517074,0.0022775561663197497,0.002136681391486206,0.0020632606976073165,0.0020958699915178958,0.0019919084160017198,0.0013254098660635538,0.002134884362498257,0.002270837679647253,0.00019024981920473527
0.001823921598423428,0.0015649308474885437,0.0014561184109864178,0.001761849430340634,0.0019500559229330139,0.002184854023245919,0.0025670375913336985,0.002578407220585055,0.0026973115326992536,0.0028678704011882994,0.0030442780533418423,0.0032206121148115052,0.003411027960618651,0.0035879053256706595,0.003722782193969376,0.0038396451188497105,0.003963033393980742,0.0040759512106774975,0.004169056459079279,0.004258795883088973,0.004338796299352077,0.004385933985198043,0.004410500200565437,0.00443530398459091,0.004450140747211284,0.004440148270478561,0.004418063408752948,0.004390476502261542,0.004341970333492817,0.004271426161074232,0.004192457821227347,0.00410061467433398,0.00398794584328932,0.0038668863155939537,0.003740888680033305,0.0035908707989373845,0.0034153057497202655,0.0032338967830271015,0.0030463642649138922,0.002841432653743592,0.002628896157513383,0.002411529144319413,0.002167812617023923,0.001906162364573638,0.0016725185003563237,0.0014782283879273272,0.0013069310752203966,0.0012007572457902183,0.0009725506348104984,0.0007258377728666665,0.0007415605824816485,0.00026957540409638936,4.8070077136530553e-05,0.00033204997228555855,0.00168738301691293,0.0002606651850033115,0.00048774883589058904,6.410558840809488e-05,0.0007595121273426819,0.000215376647429686,0.0006869363489780955,0.0005320222160718896,0.0004264084632701892,0.000455270498636251,0.0005199223548002507,5.450571886322919e-05,0.00018883696762739266,0.0004235303737106233,0.0005633096987243125,0.0008538580078654157,0.001101992557416609,0.0013169580451385388,0.0015334428206066342,0.0017513591391895567,0.001954850196699498,0.002159076735657517,0.0023780923289815625,0.0025884161437145226,0.0027730693337375545,0.0029563652081796565,0.0031575724476756717,0.0033566728796348144,0.0034510265366356485,0.0035378058768931187,0.003634208648210957,0.0037382864149465567,0.0038407930972720328,0.003932821621598803,0.004006503717513765,0.004063767293939424,0.004111709043989165,0.004145658610557379,0.004157035682679777,0.004151397228197684,0.00413575524793619,0.004116460546185197,0.004082127177728823,0.0040306358053945335,0.003959363908098257,0.0038652992617081994,0.0037678275274720674,0.003679313519361793,0.003571407162874074,0.0034208300066370656,0.0032551040696383593,0.0031004279532106382,0.002933450988198194,0.0027365719324377036,0.0025213555206186067,0.0023253388750004156,0.0021692410705044796,0.0020610552966157103,0.0020469891885248614,0.002151519303845828,0.001350483772727784,0.0018606621374511745,0.001040754758026785,0.00019674229711075242
0.0014936868337716291,0.0015578403841468025,0.001282037186110807,0.0018745434542538075,0.001944125151926157,0.002212162548987928,0.0025011965786880253,0.0025794312258810015,0.002724363939188179,0.0029145450282186403,0.0031049835776114643,0.003291468645950313,0.003489161601626267,0.0036716927854316683,0.0038122273795823114,0.003934951475580317,0.004063164606138647,0.004179474703857933,0.00427555100561694,0.004368662287018044,0.004452604912084657,0.004504382789412897,0.004533912237471238,0.004562832973005859,0.004580302357523602,0.004571987868785099,0.00455112332502261,0.0045243912040098255,0.004477038805814182,0.004408735481338355,0.004332543247998255,0.0042427514822611645,0.004131256154834895,0.004011279185194838,0.0038867593620175445,0.0037388428291020848,0.003566171806347551,0.0033878382309028288,0.0032024100352322504,0.002998253426879427,0.002785464866687737,0.002566491084842526,0.0023188565355207746,0.0020497256887999082,0.0018025212735073293,0.0015850323580783865,0.001379129017385683,0.001228578659451307,0.001096158691638649,0.0007859917504791647,0.0007467920166354114,0.0006670042028199541,0.00012464434154429993,0.0003324011944147165,0.0017862735856676026,0.0002465329151163653,0.000344555121720741,2.2762351354704835e-05,0.0007823505863478672,0.0004030477964585451,0.0007333627759141675,0.0005343549494047778,0.0005554812774220819,0.0005732340815512993,0.0002307794009119013,8.905723952290501e-05,0.00023959722596939015,0.00032231384656178363,0.0006567950859676097,0.0009528744214678531,0.0012038462099452918,0.001421010411121637,0.001640306408301373,0.001861681034261764,0.0020691742735582386,0.0022785743540028047,0.0025047424477473434,0.0027246243317075036,0.0029214728635353904,0.0031195222718591875,0.0033371826722610187,0.0034712286558299388,0.0035828961678282534,0.003685404393405256,0.003793780082381293,0.0039056263432744043,0.004012481618156816,0.004106529351225907,0.004180384993435982,0.004236120104436192,0.004281249993604352,0.004311706427229667,0.004319296349145851,0.004309734596290027,0.004299585570813891,0.004281607484531769,0.004240723770993382,0.0041829724255221246,0.004105291019050106,0.004003980521759876,0.0038981695793743887,0.0038007498378551663,0.003684120259616619,0.0035252056188835867,0.003351081975416781,0.0031870975451749883,0.0030086537571396565,0.002796624739903719,0.0025805883224735426,0.0023894645365316602,0.002209379708266901,0.002065688231524032,0.0020097691899013115,0.0020665383101057255,0.0014223107469780172,0.001623779816160853,0.0007393559196807176,0.0002191295593089726
0.0015044160169112586,0.0014710759615706448,0.0010475617756506295,0.0019011784576468682,0.001926730777159269,0.002233070159588846,0.002473117113189316,0.0025789019827975324,0.0027471478006629857,0.002954592453459859,0.0031571274979972364,0.0033523744046006776,0.0035566360372486505,0.003744636433969273,0.0038909221461507215,0.0040198474534320905,0.004153452462830387,0.004273697381243391,0.004372985115429495,0.004469336986816397,0.004556777146774382,0.004612541659915093,0.004646367672251683,0.004678929978705337,0.004698820289059991,0.004692327686324105,0.004673076838085155,0.004647608432431394,0.0046015614192506105,0.004535297048065767,0.004461377336010597,0.0043730266808473806,0.00426228871204648,0.004143250123138986,0.004020203142326206,0.0038744330238053015,0.00370479133056667,0.0035297247020826816,0.003346517107334579,0.003143237462196913,0.00293057590182888,0.002710845885134372,0.002460657877316974,0.0021860852603341474,0.0019282346599449607,0.0016912227319016981,0.0014547684421197804,0.00126389000281113,0.0012089689291427397,0.0008465030530820927,0.0007535188263307901,0.0008352472737409022,0.00026300609851920287,0.00031494878022039763,0.0019068290297548363,0.0002660225840022401,0.00019633003809543803,2.505477634376363e-05,0.0008174583618407588,0.00035761967879423956,0.0007928057569622227,0.0005362996883497978,0.000665000090692619,0.0006442892537894818,0.0002384064738739089,9.726323786496405e-05,0.0003648561731134925,0.00038107563199352157,0.0007240828228937124,0.0010245794089318583,0.0012779892551255112,0.001497280110725363,0.0017195601569494068,0.0019451567870358843,0.002158018628793168,0.0023740297045330427,0.002608555038518201,0.002839205289445812,0.0030495667882942668,0.0032633361954900186,0.003417815789020673,0.0035673911939071434,0.003695053598805287,0.0038103567209206712,0.003927656488243336,0.00404462110895254,0.004153623262828199,0.004247802762589514,0.0043203064451974305,0.004373493223773117,0.004415311519617271,0.004442203343375639,0.004446267515939462,0.004439511436438726,0.004434267573481643,0.004410274817437054,0.004363661720831691,0.004300259713975962,0.004216660379038895,0.004108858651869274,0.003995955552197561,0.00389114071007024,0.0037671223476687388,0.003600787225887192,0.0034187801617548974,0.003245711909043658,0.0030559754006173057,0.002829405258865214,0.0026174107591401263,0.002424742433223659,0.002233442289152232,0.002058618761764719,0.001965818406876707,0.0019800748620245057,0.0015213732241946554,0.0014055844577267051,0.000966695648771998,0.0002781652575765958
0.001465173999839503,0.0013500574620018413,0.001422347166960547,0.0018411133999735596,0.0018884413682541124,0.0022826402095815768,0.002435413160300548,0.0025666788756518732,0.002756160495993365,0.002978847430957776,0.003191720535915543,0.0033945767804571814,0.003604875515385575,0.0037981719520714385,0.003950294432805368,0.004085847007122334,0.0042255680768266135,0.004350555596267847,0.00445366925601931,0.0045533680716682845,0.00464372720525652,0.004702442351837144,0.004739551465841263,0.004775357448628337,0.004797768891909637,0.004793443569500289,0.004776497044506001,0.004753052173683492,0.00470859759496145,0.004643892713117492,0.004571340910448307,0.00448387040888687,0.004373684798188893,0.004255574361168746,0.004134129465696801,0.003990560657756159,0.0038236820604126143,0.003651237711652877,0.0034693957391150887,0.00326619016170393,0.0030531273130044445,0.0028325351672547905,0.0025802487947772512,0.002301417487367674,0.002034958497645345,0.0017813320627062534,0.001517942946595574,0.0012905385313726203,0.001191898522732382,0.0008894322980695368,0.0007428151142113149,0.0008830310981819411,0.00042660965036261933,0.00026012747058784536,0.00189154100727712,0.0003203855634522079,4.244655571120082e-05,8.132250186557166e-05,0.0007368195821147415,0.00030990076659733953,0.0008629780908172152,0.0005194579404089322,0.0007663296328608016,0.0007022431583687816,0.0005905331378693868,0.00011259946225605777,0.000548136154102763,0.00042690277747198246,0.0007766361579102932,0.0010804922061224964,0.0013358784392357714,0.0015573663356936995,0.00178333240338302,0.0020143761327640064,0.0022339246263263224,0.0024576985325446277,0.002701721261155088,0.0029443341470225537,0.0031690202831742287,0.003321326895943111,0.0034884113297308783,0.003653614631062174,0.0037940107275392654,0.003918870563912824,0.0040424644569612145,0.004162545717617427,0.0042720228874582045,0.004364896273205909,0.004434996647120215,0.004485051202280932,0.004523356298903103,0.004546761104662123,0.004551068799173996,0.004551967784082622,0.004540961865931559,0.004511505143246164,0.004459642185016488,0.004391059384944884,0.004302240796858259,0.004189039465148592,0.004070352686216583,0.0039592599018208885,0.0038284862950348497,0.0036548526124494662,0.003464698875825345,0.003282138760608677,0.0030838622687314743,0.002866310574930697,0.0026409749097284774,0.0024307458436766405,0.002227045567402386,0.0020466391231139247,0.0019221707322877313,0.0018993861593398775,0.0016838665839953304,0.0012125104459776992,0.0012789191768211583,0.0003677726059808095
0.0013801889034083248,0.0011988814200868947,0.001557537730758507,0.0017586134265123454,0.0018754055143833659,0.0023079147585939874,0.002386209829689512,0.0025410143699426957,0.0027495775084928065,0.0029854045225410353,0.003206976257167482,0.0034164173836322975,0.0036321488096796584,0.0038303766587086674,0.003988222757854265,0.00413056261899436,0.00427675470218325,0.004406919821613009,0.0045141966621708995,0.0046172067898699876,0.004709913726976156,0.004770656122310202,0.004810652983237351,0.004849127163253031,0.004873841571047199,0.0048721904522417425,0.004858364660016989,0.004837475870432373,0.004794631873070276,0.004731333412695382,0.004660173486191632,0.004573214118855362,0.004463363435961987,0.004346426182811003,0.004226867899551956,0.004085326825461921,0.003920381134249196,0.00374948969240374,0.0035682324911857632,0.003364717212189894,0.0031511423046884923,0.002929853940887739,0.002675974879354892,0.0023937679192077566,0.0021201791686220606,0.001852350611172171,0.0015653202802832222,0.0013049091903030163,0.0011654156423157036,0.0009108242676566514,0.0007111347322167894,0.0008948872689227283,0.00025739121220164085,0.00017023272285754398,5.1718822737939485e-05,0.00039650142357594564,0.00010565345185627184,0.0001372834321016203,0.0009084744323082927,0.00026894184479141214,0.0009362238499406456,0.0006304403599705355,0.0008630334402134621,0.0007245772277890694,0.0011705795778076955,0.00012131378300705986,0.000602783949575969,0.00047344206259147814,0.000827752273836746,0.0011336108056413385,0.001390443054414492,0.0016145532171272237,0.0018453534613928069,0.0020831284826388075,0.002310493581971995,0.002543207771481426,0.002797990086846891,0.0030533629621430913,0.0032178873722735757,0.003379052646846792,0.0035609741677259388,0.0037382606364085857,0.0038877978873422814,0.004019191825441859,0.004146784997687392,0.004268239393014683,0.004376890756180418,0.004467612775887031,0.004534840608852231,0.004581505745758996,0.004616174861648115,0.004637122995358678,0.00465104646012271,0.004646168526999395,0.004629733814400683,0.004595168368580094,0.004538440026364943,0.0044652281568290375,0.0043720080716600496,0.004254332096733537,0.004130582992512233,0.004013558996189159,0.0038760228377079375,0.003694789476595073,0.003496014567412442,0.0033109708516086966,0.003121064958810371,0.0028937192401696787,0.0026566842363444643,0.002431965755120502,0.0022100151035554516,0.0020086443868154724,0.0018795117867703715,0.0018340464010652147,0.0018832621215166268,0.0010627731370675408,0.0016611154686648755,0.00043077530460206015
0.0012646730495410041,0.0010027065340975638,0.0015881843180348132,0.001698975787287782,0.0018577404319736202,0.00223671639775036,0.002334931612721469,0.002510965665807552,0.0027362993683848202,0.0029835433645144516,0.0032127374002667297,0.0034280643474094985,0.0036487668242550786,0.0038516091339922953,0.004014803609879269,0.0041634413536121295,0.0043156938630734,0.004450810461115284,0.004562090646673234,0.004668209477821206,0.004762990254048138,0.004825832634919647,0.004868029611304725,0.004909099595960198,0.004936672634860417,0.00493834001887028,0.004927968966909724,0.004909647853405086,0.004868290152772015,0.004806224245154089,0.0047362725259246785,0.00465006301728399,0.004540473686810542,0.0044248813016553035,0.0043070217110989795,0.004166676003070413,0.004002484078237778,0.0038323426105857372,0.003651630105175774,0.0034482755731156667,0.003234829957623586,0.0030136241237860295,0.002759091307906303,0.0024746312281000993,0.002195557088350175,0.001916130124874571,0.0016089629889917134,0.001319470621067853,0.0011429786640888562,0.0009257671413270274,0.0006756406469714538,0.0008904850534275366,7.001168809861458e-05,7.285170091764215e-05,0.0003662213041598916,0.0005165932640487925,0.00023190643528513133,0.00018013879362420437,0.0010728503973583062,0.00024095028303747212,0.0010078002364810046,0.0008057730078295522,0.0009527306310906369,0.0007157636314805149,0.0005780996565573071,0.0001252295904062839,0.0004359655132731288,0.0005180180924259647,0.0008746280557558883,0.0011813804809526207,0.0014396692924795174,0.001667266448591831,0.0019041239991023362,0.0021499003700238273,0.0023864603025967046,0.0026295632173476413,0.002896068482958203,0.0030925220895507977,0.003261809878906785,0.0034364741156039935,0.003629548660883941,0.003815235483585866,0.003970727207876279,0.004106060588506821,0.00423557547124398,0.004356898698231304,0.004463890048817198,0.0045521772329364385,0.0046165250425938,0.004659880503973812,0.004691007734982655,0.004721779291347539,0.004729608966097976,0.004719082114767348,0.004697492714996532,0.004658245422118568,0.004597230703167421,0.004520072082989768,0.004423045917719692,0.004301191332215404,0.004172363458962214,0.004049222206742975,0.0039046397659822096,0.0037154451153397217,0.003520645530455946,0.003340390284205741,0.003143020670099972,0.0029074324848590294,0.0026608846091671357,0.0024247360405125207,0.0021886264060970717,0.001969658290551901,0.0018190835220247004,0.001760304802315038,0.0017988391204825649,0.0009985114899014325,0.00155866224765433,0.0004781555343541244
0.0011280029537751313,0.0007913235479656833,0.0015633409006414745,0.0016520339741702417,0.0018300186626891146,0.002164179587164583,0.0022827412902078903,0.0024772994250713554,0.002717250832001916,0.002974609579124654,0.0032106407869814113,0.003431287657589488,0.0036566216416750175,0.0038637899923142927,0.004031692183337876,0.004185605031883144,0.004342908357765407,0.004482223415049669,0.004596998070650504,0.0047060230037628825,0.004803221983904482,0.0048682966368037706,0.004913027130381331,0.004957252515921162,0.004988302289500202,0.004993625871847929,0.004986665716026684,0.004970757983784879,0.0049308065958264535,0.004869929313270349,0.004801223365941576,0.00471596629390203,0.004607176138342606,0.004492375808391347,0.0043753831723470915,0.004235167040812171,0.004070951854069804,0.0039014683402003314,0.0037218503287599347,0.003519413576900776,0.003306746250907988,0.0030862818069081754,0.002832045826839713,0.0025467724377220557,0.002264365864888873,0.001976421412746898,0.0016530973842088237,0.0013391953020869263,0.0011307938266540418,0.0009422058606637362,0.0006468279425863033,0.000852290098727837,0.00023273176343657775,2.558536146696211e-05,0.0003619195870809555,0.000630227321674226,0.00032840969171793466,0.0002048314357869091,0.0012103352849708836,0.00022744866231182506,0.0010770699738130995,0.000973363357964413,0.0010474462128020057,0.0007047405113762284,0.00014698905994747768,0.00012786866317987533,0.0003294532897398228,0.0005573949545088497,0.0009146649786712646,0.0012221846028316885,0.0014828130978749021,0.001715181268385435,0.001959527914395909,0.0022149621037815814,0.0024624549697924714,0.002717139662779089,0.002926330976757985,0.0031238931529624647,0.0033051567541164673,0.0034896345256771877,0.003690210180911757,0.0038812107467257606,0.004040141763435479,0.004177309047240674,0.004307135233465931,0.004427395767997222,0.004532397232859253,0.00461826247440611,0.004679951549854899,0.004720393293644154,0.0047597294381320765,0.004785759079328655,0.0047877178153454825,0.004771809260483373,0.004745482409274415,0.004702121072290288,0.004637429221377998,0.004556739241298957,0.004455908531545649,0.004329501429315763,0.004195108511452883,0.004065423533446522,0.003914193290136869,0.0037351850043788604,0.00354008339591827,0.0033535319104549544,0.0031497293872734256,0.0029073618501191945,0.0026535398738322113,0.002409288871538351,0.0021633249694751333,0.0019317572358323876,0.001765389486467539,0.0016869606344818155,0.0017002916226185327,0.0009383782288543419,0.0013143233333243742,0.0005007271122564605
0.0009712632117052644,0.0005960162061743324,0.001541697911668527,0.0015923115676056976,0.0017869992978256644,0.002087077851667618,0.002222794567719566,0.002433113408461529,0.0026856223823576997,0.0029516014041103267,0.0031933855807640965,0.003418640566623332,0.00364816669571677,0.003859182288001861,0.004030968994285233,0.004189007738009676,0.004350137694788203,0.004492535595328029,0.004609942274211298,0.0047215389373620464,0.00482166109588833,0.004889682534308326,0.004937950963321058,0.0049860449499467,0.005020909929794537,0.0050299657341988935,0.00502640548105604,0.0050129102144554905,0.00497437714401372,0.004914786152205974,0.004847631694484211,0.004763686783628374,0.004655661560264868,0.004541110562258921,0.00442410786987657,0.004283490200061579,0.004119306378170706,0.003950991067867116,0.003773129988075108,0.0035721026274511125,0.0033604352816608563,0.003140951888508048,0.0028876864194982144,0.0026029019257859387,0.002319151609926906,0.002025533642572075,0.0016899355474985223,0.0013565112816672498,0.001121842890589031,0.0009539929151929916,0.0006204543353089398,0.0007924534392843574,0.0003460660251484171,0.0001273929016900599,0.0003072310983411597,0.0006986433247352652,0.00039715645287430323,0.00041825557955488257,0.0013227124030988635,0.00022648404028203367,0.0011459338685416987,0.0011343465857824864,0.001129027704949076,0.0006932271824133529,6.249166616434376e-05,0.00013081636069695035,0.0002685740113627655,0.0005914514504451462,0.0009487708658266203,0.0012578471007767544,0.001522302438495493,0.0017612298956867223,0.0020151132487313816,0.0022823092077505214,0.0025422510406033494,0.0027416979336577496,0.0029494799875792177,0.003158016277754694,0.0033477776943663384,0.0035385518343862277,0.0037436802940207237,0.003937668232307234,0.004098117810978463,0.00423560821618596,0.004364822313706274,0.004483650846139886,0.004586594606195815,0.004670121810768646,0.00472941754400491,0.004775833039907473,0.004813282393669072,0.004833742266341923,0.004830388311216183,0.004809656765302983,0.004779110204038539,0.004732009598378606,0.0046637204075792305,0.004579180597605315,0.00447390208398224,0.004342192163976799,0.004201554088518855,0.004072849736802664,0.003931233492169839,0.003746704847416127,0.0035459397469460585,0.0033538198844135225,0.003144601987807638,0.0028971085753858317,0.0026386803604656617,0.0023900019141464,0.0021386299657268903,0.0018996230485697208,0.0017233225667458996,0.0016313735907118598,0.0015898913583821117,0.0008540363648383287,0.0011014709528996969,0.0004981573854356547
0.0007977826046832448,0.0005072925996538746,0.001497004982717376,0.001521579837535203,0.001729763550991692,0.002006037507165437,0.002155644184869132,0.0023790619187616935,0.0026419968818635065,0.002914965940495229,0.0031614404918928196,0.0033906441110757024,0.003623789824168666,0.00383796801285774,0.004012771389031111,0.004173860523507322,0.004337576751409222,0.004481782526954636,0.00460076723294045,0.004714518581532379,0.004817978366292941,0.004890157921282445,0.004943102828932289,0.0049955981604320465,0.005034335557579039,0.005047102915796242,0.005046971156082214,0.005035872356303983,0.004998721477832202,0.004940513645356748,0.004875135637649741,0.004792583527749472,0.0046849918542984925,0.004570153668973287,0.004452621520531386,0.004311586201069639,0.004147859859201075,0.003981203276012035,0.0038053507784945317,0.003605743027448982,0.0033950781530808216,0.0031768151375829445,0.002925055228494289,0.0026415287940100285,0.002357568230907936,0.0020602176057293864,0.0017155494725147324,0.0013672419229977528,0.0011122901644643468,0.0009581063782022059,0.0005948491092028774,0.0007404711973930111,0.00041679466373378826,0.0002035914580595377,0.0002601748237867352,0.000724892920492437,0.0004419235857477666,0.0007109398237603454,0.001412678123740043,0.0002343935839925794,0.0012171717436320062,0.0012903562378401845,0.0011285758370565835,0.0006856397038754458,0.000187577900210123,0.00014292704396373646,0.00022178820675250455,0.000612398017918625,0.0009698363637105634,0.0012816230902998327,0.0015517147408096177,0.0017994988878918816,0.0020653558143102213,0.0023461740902140926,0.0025531320831398974,0.0027505013321217353,0.0029691534496325556,0.0031855594081272587,0.0033805894398610814,0.0035748982263577034,0.003782389716026735,0.003977571517862488,0.004138119719385935,0.00427501217120263,0.0044031577749005235,0.00452036992626903,0.00462124136833042,0.004702587994953267,0.004765392187556894,0.0048125767716948875,0.004844924652583016,0.004860506809945431,0.00485266888169833,0.004827863276370192,0.004793506911067058,0.004742553019432827,0.004670043266502222,0.004580760399379491,0.004470145326886055,0.00433303988235334,0.004200836237819305,0.004074517058058391,0.003927793503970989,0.0037381457335259327,0.0035323915778537884,0.0033355773502443675,0.0031222842423934694,0.0028718428092538995,0.00261190958277846,0.0023626742354575514,0.002110477661483312,0.0018693161956241378,0.0016886958449475742,0.0015565817380602254,0.001443460895037385,0.0007671609086604692,0.0009120494325781103,0.0005088159953810789
0.0007262217586747055,0.00042337651532459164,0.0014324910997891016,0.0014428018099512663,0.0016610304286847621,0.0019239412160547698,0.002084340437744081,0.0023181761871392537,0.002589515585968205,0.002868356424092333,0.0031190618720686736,0.00335180073938246,0.003587918438429316,0.0038045146764149607,0.003981535755368415,0.004144684589764358,0.004309843675199487,0.0044548372017583215,0.004574800085153319,0.004690742012053328,0.004798099266571376,0.004875353386473824,0.004933573794550394,0.004990549145171608,0.00503294520044717,0.005049160567315303,0.005052218432011424,0.005043367274356836,0.005007595694329514,0.004950817462427981,0.004887148091921478,0.00480575681130313,0.004698257060195443,0.00458290694121688,0.004464704515384832,0.0043234172650945535,0.004160408889987588,0.00399539232684909,0.0038211766239906186,0.003622602812778708,0.0034128909419810505,0.0031961248612255577,0.0029461957593208687,0.0026641679460379653,0.0023804465077188475,0.0020806244447718614,0.0017295503004002288,0.0013708472666842386,0.0011020744373377855,0.000955392730902449,0.0005718583746387451,0.0006987659527348811,0.000447335466651988,0.00025213923055972254,0.0002224576544112844,0.0007246445090337561,0.00046523110972045145,0.0010314126322118755,0.0014813254812795322,0.00024959613424005433,0.001291218180949863,0.0014408251794851001,0.0009462252000628224,0.0006834129672831923,0.00024924355061511916,0.00016946009533802542,0.00018385405506116115,0.0006154124074422285,0.0009731994980693437,0.0012889899294487583,0.001566832277696939,0.001825930872853987,0.002105749936075707,0.0023349535398488053,0.0025410838382993184,0.0027501539135244,0.0029768414975607227,0.0031981750219524097,0.003395981736668885,0.0035918462200503765,0.003800034727643231,0.003995020056630216,0.004154683079790056,0.004290396424794118,0.004417127920421371,0.004532531520841765,0.004631337966078286,0.0047133860958124,0.00477946235473814,0.004821922073171336,0.004849749055069075,0.004861244925751351,0.004849785764355019,0.004821564031522896,0.00478355583837653,0.004728300451172673,0.004650729854036473,0.004555821167261387,0.004448153425275825,0.00431911574387267,0.004182250468579896,0.004050986376789245,0.0038994275724716365,0.003705170994722784,0.0034951520028563277,0.003294818556208834,0.0030793368850066116,0.0028286049934539426,0.002570539068689537,0.002324810652265641,0.002076452066063106,0.001838030482157027,0.001628624012221025,0.0014321983130153315,0.0013043001332919135,0.0006701251723271739,0.0007380364386671001,0.00048341522719119734
0.0006451763993617354,0.0003411339273761138,0.0013440398188452884,0.0013518027557922196,0.001576746547542529,0.0018369298600712236,0.0020049303081683956,0.002246469883263824,0.0025244700320761204,0.002808473382900134,0.0030631598157063733,0.0032990026702530706,0.0035374018627357673,0.0037556998717670487,0.003934197344454993,0.004098531460265176,0.004264332978510921,0.00440980222536258,0.004531066352290503,0.004649858532743356,0.004761502537564244,0.004843872474326272,0.004907015950958993,0.004967961558384415,0.005013436230868362,0.0050324603040141636,0.0050382370808931265,0.00503161906839289,0.00499756158557596,0.004942474053402757,0.004880507370586873,0.00480017760584317,0.004692777121841574,0.004577222169075412,0.004458754059369352,0.004317661564464226,0.004155469731127459,0.00399166937160611,0.0038184774752770823,0.00362057033352281,0.0034117357611644916,0.0031964538154001243,0.002948274438454246,0.0026676724883263336,0.0023844012552168836,0.002083116618942338,0.0017281015350263385,0.0013634789705744277,0.0010875340406665268,0.0009423718508694279,0.000548210268271232,0.0006640226694144546,0.0004335260409438213,0.00027737132728500313,0.00018885197661980269,0.0007748911184994878,0.00047003528041635045,0.0013255281950199926,0.0015285206642238654,0.00022696677928417397,0.0013655658184889424,0.0015827236248103782,0.0007424324608330535,0.0006329333524564551,0.00028014606616855176,0.00020184969899117444,0.00017036282324395247,0.0006092801033193984,0.0009676051692991683,0.001288855953906931,0.0015766380506375688,0.0018489848591468627,0.0020764921098972433,0.0023070616387190768,0.002526492230676136,0.0027445131627438224,0.0029763816561844125,0.0032002702821760654,0.0033990250056127325,0.003594944242622522,0.0038025858172467952,0.003996443423263996,0.004154559400442737,0.004288605731302297,0.004413599978861371,0.0045270351251001095,0.004623706918382986,0.004710747068463084,0.004772201659389519,0.0048104012201650725,0.004834376458924705,0.004842496303789079,0.004827984656464945,0.004796604428315421,0.004754814357560311,0.004694825555040527,0.004616330627983056,0.004528358368445007,0.004420527285888709,0.004286944184838215,0.004145206920884825,0.004009130827295149,0.0038530432615320187,0.003654631243898976,0.0034412195875807017,0.0032389517042112903,0.003023615489916587,0.00277558417558188,0.0025230141092691394,0.0022849469980692483,0.002044673772465866,0.0017860296231859696,0.0015172291502343338,0.0013159443126800618,0.0011753785194226207,0.0005645451340624552,0.0005813100957514639,0.00038272540823228174
0.0005464307185354678,0.00026039332283051,0.001230906237182805,0.0012478915310798477,0.0014762240617136602,0.001744098503621505,0.0019163032461871898,0.002162906830669553,0.0024459004801397066,0.002734088758064024,0.002992076641789798,0.0032304104466711614,0.003470470175882978,0.0036897882357035394,0.003869009093378395,0.004033902584489879,0.004200217167631304,0.00434671123253938,0.00447019454871278,0.004592465397961765,0.0047081295727854355,0.004794757777337844,0.004861752977925571,0.004925743829608309,0.004973505835816017,0.004994641290568036,0.005002778152531029,0.004998621480765464,0.004966932147428382,0.004914183232253788,0.004854322946720502,0.004775325972476985,0.004668494392088496,0.004553535352345595,0.004435749892890417,0.004295516551862333,0.004134124208416079,0.003971045883383928,0.0037984751610461442,0.0036011323926942174,0.0033930987063682805,0.003179048047810884,0.0029323095788923448,0.00265293671847755,0.0023702016951713256,0.00206830637019495,0.0017117383202868153,0.0013456939165321646,0.0010691587743405506,0.0009191806306058647,0.0005234362357216527,0.0006349693564695613,0.00037289090697384397,0.00028302051511885917,0.00015461632176838602,0.0008210106750302371,0.0005588174041182836,0.0015925701287751587,0.0015533734236115627,0.00012009427611647111,0.0014379849752465534,0.0017137788429216344,0.0005203937632270172,0.0004331957612631887,0.0002755778889295679,0.0002324235893646498,0.0001713033129142616,0.0006011029132940715,0.0009600827162433712,0.0012881059737087641,0.0015873282152581991,0.0018041796705217106,0.0020351592328993195,0.002280476519212815,0.002510508254328858,0.002734704281913025,0.0029694696693789435,0.003194183159204722,0.0033924430967582353,0.003587202001523515,0.003793462654120172,0.003985673631371034,0.004141783128023602,0.004273722551273007,0.004396683862250783,0.004507936560858572,0.004607827224797023,0.004690175850723954,0.004747093048223738,0.004781406479220096,0.004801979640145282,0.00480705471942755,0.004789574762572246,0.004754837520288047,0.0047113529771376506,0.004657595481228016,0.004582027139335865,0.00448999729554278,0.0043775182437207905,0.004239014682153708,0.004092384770562729,0.003951677150671351,0.003791399257898509,0.0035895616864354274,0.003374122161082238,0.0031719615236688314,0.0029594468521381145,0.0027174049976740333,0.0024740611471766316,0.002247358449360748,0.00199343121168416,0.0016785156500125353,0.0014118626428353265,0.001207033456864015,0.0010552017960727134,0.00044840673871038295,0.0004395335995843741,0.00020851550947059705
0.0004365681916894959,0.00018745986792451097,0.0011000321277248593,0.0011377303146001827,0.0013657399787108115,0.0016512484347867007,0.0018240415712137414,0.002072913795864162,0.0023589349351743616,0.002649925788873686,0.002910283391003299,0.0031505066024181128,0.0033917018387695785,0.003611391035329592,0.003790725451712107,0.003956068547656066,0.004123538312518327,0.004272109425503046,0.004398564288470297,0.004524267381177394,0.004643012138706881,0.004732679282079544,0.004802350448011472,0.00486851168450253,0.004917996177795758,0.00494087459441106,0.00495119170227698,0.0049496483134081615,0.0049208679220758,0.004871177745885968,0.004814047154307777,0.004736916378233036,0.004631716783944029,0.00451811210252584,0.004401945145731889,0.004262990063344851,0.00410225730666669,0.003939595642656335,0.0037674888823090447,0.003570621374344163,0.003363160940929144,0.0031499796034143435,0.002904323814787113,0.0026259200749610967,0.0023437727284046916,0.00204220294896984,0.0016866725631277113,0.001323935302964041,0.0010534811754233098,0.0008921521750001049,0.0005031135148091392,0.000616197630016635,0.00026950353005550376,0.0002670649581623663,0.0001215838188188545,0.0008601692314611498,0.0006833784481403704,0.0018291863852332446,0.0015540361773158234,2.2664770768589942e-05,0.0015068847101259858,0.0018328798238554517,0.00028230587816743813,0.00033037092683674274,0.00023516056978101219,0.0002608562418645599,0.000199860036530497,0.0005899499530193641,0.0009494164434252217,0.0012846461415140231,0.0015220767175522232,0.0017442998095043016,0.0019899343923043267,0.002247110985128642,0.0024849614193757086,0.0027131139639375856,0.0029491753773226437,0.0031734701418932865,0.003370139580006315,0.003562867067404163,0.00376722111259864,0.003957471198437146,0.00411123932877433,0.004240668946158599,0.0043611872439475174,0.004471131967663244,0.004569248760943223,0.004646347384943628,0.004698918540545605,0.004729564063522318,0.00474678497274772,0.004748687597722956,0.004729688423589229,0.00470082138076644,0.0046621817574742375,0.004605879737219709,0.0045268634625730275,0.004430494300830978,0.004313125402803597,0.004169639585885898,0.004018243484093964,0.0038732458328135655,0.0037095397482517223,0.0035056523409109364,0.0032901600393830943,0.003090607387546518,0.002883943784808829,0.002651315308419444,0.002420540670991733,0.0021841552633806716,0.001876311882858528,0.0015684767320165438,0.0013045957319362533,0.001096871120611853,0.0009350530028828796,0.0003134490489679065,0.0003042278524477138,4.0193911686442485e-05
0.0003182818705291246,0.0001246852861164216,0.0009533397319615999,0.0010226362544501488,0.0012460845249578356,0.0015587219816219355,0.0017280109853433645,0.0019756929802510204,0.0022621992277814806,0.0025543905716977067,0.002816200265730373,0.0030576804642546973,0.0032994192484839813,0.0035189987359576236,0.0036983702085788828,0.003864710939172733,0.004034313644451837,0.004185748970009895,0.004315217318383691,0.004443630883033234,0.004564406671396681,0.004655921868146784,0.004727497044353712,0.004795434851313285,0.004846532689026017,0.004871069359345115,0.004883389879841493,0.004884364198928348,0.004858648081424222,0.004812364327699381,0.0047584299826282095,0.0046841226349415566,0.0045812856150603265,0.004469894085318726,0.004355880691139347,0.004218443534623195,0.004058551138461208,0.0038965240788454425,0.003724992873377686,0.0035284368215716677,0.003321118737028117,0.0031082651831865205,0.0028632024367701847,0.002585508709228135,0.0023042884430870547,0.0020045680934455135,0.0016533200539536885,0.001299025807052212,0.0010413147558819835,0.0008617450646269953,0.0004870502436074009,0.0006068751781316273,0.00012232072600554256,0.00023136336235390909,8.833107676950447e-05,0.0008903900827021971,0.0007617640683547922,0.002033377991170371,0.0015285406745223322,6.276382783586623e-05,0.0015693536779069067,0.001938388575153882,3.0606536334659706e-05,0.0003919586708405476,0.0002878889519245531,0.0002803390170889042,0.00026136643200203036,0.0005818990267145718,0.0009394238908293495,0.0012034200895748026,0.0014478692214133781,0.0016827497771070288,0.0019396355755939565,0.002205554356046302,0.002448838694069422,0.002679268136971946,0.0029154307447586403,0.0031384387142779913,0.0033328801800207586,0.0035230975621411975,0.0037251961906213937,0.003913227576273326,0.004064365311134299,0.004190838591750845,0.004308352375561153,0.004416569493962852,0.004508917988572336,0.0045810636353040834,0.0046296317455225555,0.0046566756276127386,0.004672816862833384,0.004678973393187347,0.004664774617325951,0.004634556667238332,0.004593795240026455,0.004534602461092052,0.004451981012592698,0.004351385997421353,0.004229399594188221,0.004081199410790992,0.003925385566939998,0.003776859905930574,0.0036111234522221425,0.003407158177873737,0.0031940568541884984,0.0030000330892413496,0.0028024787010327845,0.002582385669903875,0.0023428398558537067,0.0020544304959796422,0.001757341173413307,0.0014565565772082234,0.001195353175619862,0.0009852318288187667,0.0008149484917646665,0.00015967763227814347,0.00017696443193288003,0.00036199517646523516
0.0001916028434026107,7.168953989400428e-05,0.0007893240231836574,0.0009005536308904771,0.0011148743052790677,0.0014637423316448128,0.0016248348166918447,0.0018671066177032847,0.002150928917222017,0.002442321083807819,0.002704343086696648,0.0029461642948668265,0.003187856242383047,0.003407307741835064,0.003587280650022562,0.003755414832004811,0.003927686671425956,0.004081897773880017,0.004213633300843345,0.0043436868187377575,0.004465797500145752,0.004558367586203205,0.0046316149638030435,0.00470143889713015,0.004754248529168392,0.004780381233873587,0.004794560568202599,0.004797959987042133,0.004775245790780369,0.0047323264311026625,0.004682096147391013,0.0046112182873068175,0.004511221842461888,0.004402545525117096,0.004291070816022979,0.004155769583380264,0.0039976132064316605,0.0038370813164604334,0.0036666693831487462,0.003470568829113785,0.003263177175195975,0.0030502333605976206,0.002805421462094726,0.0025285129036124454,0.002249156253757878,0.001953602184703973,0.0016105985403714884,0.0012701218838808703,0.0010314030979102218,0.0008259751494951728,0.00047255307885119,0.0006038591608585331,7.192162475339048e-05,0.0001799720159624263,5.1081623354182204e-05,0.0009112204046427819,0.000794365363108604,0.0022053783532721,0.001476416364956351,0.00014831103266910173,0.0016236598373959854,0.0020306440756827637,0.00023337079274757255,0.0004631687156627651,0.0005447350865871448,0.0002802164449582367,0.000364850867488109,0.0005769446804530509,0.00085700888947432,0.0011269703119664576,0.001379998218971723,0.0016235410158556007,0.0018880726138383874,0.0021599718412815827,0.002406788834833029,0.002638203475222256,0.0028736192793513693,0.0030948648550757074,0.0032868098511864563,0.003474271260399675,0.0036738619548156715,0.003859435264369715,0.004007622138328615,0.004130671252552398,0.004244733405368906,0.0043472024559255695,0.004433917028476175,0.004502496623243091,0.004551179312215159,0.0045806428931599585,0.004598540968557274,0.00460332925026985,0.004587736588644642,0.0045556780318462,0.004512310911829576,0.00444986876866571,0.00436362274268931,0.0042591575886522515,0.004133073130352272,0.0039807073110395,0.0038212582999198608,0.0036705352143659997,0.0035047113523176687,0.0033031031895386365,0.0030952604087738367,0.002909942407530952,0.0027245284728111274,0.002494291994933562,0.0022038843458058732,0.0019284087549141793,0.0016415803510319016,0.001347107568418604,0.0010882762548601321,0.0008763764774951666,0.0006993094561638658,8.958256866475889e-06,6.198746354080242e-05,0.0007154659457373758
6.290526873570235e-05,3.467756064640115e-05,0.0006151406961092398,0.0007783666663291888,0.000978936082780213,0.0013728109432005753,0.0015207857540925351,0.0017531190509479933,0.002030656128865216,0.002318713695379171,0.002579274111327745,0.0028204585489531864,0.003061878297302867,0.0032816636789542164,0.0034629153661994705,0.0036331525248983754,0.0038077748494591557,0.0039639025945953366,0.004096777882018676,0.004227489177223043,0.004350501958022335,0.0044447108848852945,0.004519800503106186,0.004591376888082421,0.004645767090562303,0.00467332273333354,0.0046893197144382,0.00469518080136988,0.004675625253349747,0.0046363388216953405,0.0045896485522486374,0.004521979098513151,0.004424864906942938,0.004318956056490464,0.004210404209786689,0.0040781064645331044,0.0039227722054020475,0.0037646949744282177,0.0035961240995223687,0.003400970217770305,0.0031937745798593653,0.0029809146332716585,0.0027366854018723297,0.002461334100723467,0.002185434337313441,0.0018969033471718522,0.0015663790526607713,0.001244956013815579,0.0010309623345763907,0.0007915360806394212,0.00046561249529264437,0.0005976049781082904,0.00030736057712510423,0.0001284428777032498,5.929790721156958e-05,0.00092142599455039,0.0007810169761392066,0.002344826712190773,0.0013991738583618747,0.000262327080034111,0.0016723524258356187,0.0021144809431209582,0.0005056791478890155,0.0005477973057361196,0.0007104116602823507,0.00026084394591635585,0.0004921514101950963,0.0005078275080210304,0.0007838447599206044,0.001055073892321401,0.0013119468408886448,0.0015599550224711933,0.0018288248435417431,0.002104385295608857,0.002353277473650328,0.0025848659961312803,0.0028191639506419675,0.0030384866481111272,0.0032277709564288992,0.0034122474432628502,0.0036090882312314054,0.0037919298240300936,0.003936802074417711,0.0040560720230674585,0.004166547195678882,0.004265968216558558,0.004349660494500918,0.004417124720764054,0.004464541303367153,0.004492556122275171,0.004508591677498397,0.004511392977852302,0.0044937363496747595,0.004459164954631056,0.0044126959929228216,0.00434686537834128,0.004257219941386059,0.004149352632637604,0.004019853589282363,0.0038643598090044584,0.003702804655507874,0.0035519205172959145,0.00338852851588467,0.003192249822400517,0.002992880921544372,0.002819226384366713,0.0026209436368642702,0.0023408570262907213,0.002063751365131705,0.0018002709008136941,0.0015224367482813417,0.0012333558556482105,0.0009767741891762993,0.0007638750467049427,0.0005817458580083534,0.00019855017870068492,4.674926162956394e-05,0.0010537933814491751
6.393753326824902e-05,1.7618032714661336e-05,0.00039130069635162634,0.0006622276963931806,0.00084477173112113,0.001292535117712157,0.0014227618315159063,0.0016407429838299903,0.0019082548800593013,0.002190261461886611,0.002447772928753311,0.002687720006820049,0.002928970780993523,0.003149452008136544,0.0033320691583698103,0.0035039388270435845,0.0036800171770758894,0.0038370465906575335,0.003970223159017849,0.004101263070116601,0.004225515900540877,0.004322001312861534,0.004399557993518766,0.004472938138893268,0.004528281172042625,0.004556857769386857,0.004574550270702971,0.004582934190086374,0.004566377529961585,0.004530347545849467,0.004486906138456481,0.004422091246651716,0.004327391755327703,0.004223954676299879,0.004118409019178038,0.003989511438667215,0.003837483914712725,0.0036823028537462665,0.0035159684420678072,0.0033221154866837077,0.0031154722011521585,0.002903207857760659,0.0026603901269866004,0.0023878726287362984,0.0021173959425093702,0.0018388211840028035,0.0015246802015673744,0.001226939198090471,0.0010427636310529342,0.0007606793512980325,0.00046760973302267805,0.0005473808724622553,0.0006658366391035231,9.428175404257999e-05,0.0005630743327546817,0.0009228147420433097,0.0007756689922727295,0.0024536461285516176,0.0013000192725895442,0.000370733188989808,0.0017192792802152579,0.0021955627973858083,0.0007979643459167518,0.0006501559008114388,0.0007183860794836572,0.00026353703022408137,0.00037367820253919604,0.00044647844638656675,0.000712829115326219,0.0009797243514579335,0.0012355366627219144,0.0014840458620803965,0.001754249723180168,0.002031453238158787,0.002281334525569889,0.002512687964422833,0.0027457689205625524,0.0029630809951856074,0.003149504924195523,0.0033307111583096294,0.003524479532931557,0.003704224256912747,0.003845401985746455,0.003960636558600017,0.0040674969960869944,0.004163947997435802,0.004245129442651874,0.004310502799590887,0.004356094181266146,0.004382098700900228,0.004395739082621142,0.004395950787637215,0.004375536469267471,0.0043378643704643505,0.004288086129084379,0.004219109903176865,0.004126603340038559,0.004016103658955439,0.0038843931985258484,0.0037276138555142335,0.003566373612382878,0.0034181548298964914,0.003260364366721391,0.003072777326792675,0.002884905300968743,0.0026943923264086678,0.002447997936115942,0.0021804586343855403,0.0019154039861577488,0.0016622696665707926,0.0013919620840647795,0.0011075045474325806,0.0008533109771809433,0.000640438363433915,0.00045524232754834415,0.0003742608226842692,0.00015553669793116898,0.0014246940463415736
0.00019860250900349818,3.164803192678978e-05,8.601718633294286e-05,0.000544293656681516,0.0007057015100497832,0.001156289707728464,0.0013257109119027,0.0015252732001893587,0.0017792330605636009,0.002052758659737086,0.0023060100923602,0.0025443435184790975,0.00278530924181164,0.0030061966356171865,0.003189550160806909,0.003362167185332443,0.0035387922271024053,0.0036960788998564587,0.0038294663209768043,0.003961380753919497,0.004087657115239063,0.004186760103889298,0.004266407417121476,0.004340880566854999,0.004396766697351895,0.004426009921934204,0.004444928459889419,0.004455292714208414,0.004441423954840373,0.0044084956658696495,0.004368135905437498,0.004305992621068566,0.00421351890546251,0.004112329426902428,0.004009546514535223,0.0038838576940476432,0.0037350511320062285,0.0035827982006029213,0.0034188147500319177,0.0032263956938297644,0.0030204803459893403,0.002809199300625287,0.0025685709223455255,0.0023001522710913713,0.0020369495380450076,0.001770850602244245,0.0014762279403514045,0.0012058019466956171,0.0010554239598582482,0.0007207574627898228,0.0004644214043535433,0.00048062227906142674,0.0005168079909706469,7.598785345286352e-05,0.0023518320060320896,0.0009250995002361428,0.000993131227093949,0.0025399369157934337,0.0011838389402119287,0.00047697488840281466,0.0017662527525651173,0.0022768387593087164,0.0010959585785207948,0.0007547978680650103,0.0004931801358510346,0.00030706751652537223,0.00014937431027817194,0.000398470455414468,0.0006488120656757412,0.0009056081698605167,0.0011556292502602483,0.0014009223767179613,0.0016696644772408176,0.0019466755355354026,0.0021965762611469986,0.0024272504970235254,0.0026588745717947004,0.002873989950857303,0.0030573268243387908,0.003234920158445287,0.0034251784147615316,0.0036013692955620957,0.003738426092435909,0.0038492850269608025,0.003952321861694141,0.004045638691459574,0.004124011177697895,0.004186812456375977,0.004230036198028975,0.004253510251239545,0.004264208495078137,0.004261237956653674,0.004237569266747898,0.0041965946639547225,0.004143677576276539,0.004072040479522809,0.003977452873122678,0.0038655522506527706,0.0037335259744655236,0.003578050690610901,0.0034202335431687825,0.0032781013818159455,0.003129409063359123,0.002953609337722818,0.002744030804774922,0.002508572371532569,0.002273509697481191,0.002016864057038159,0.0017618921369980667,0.001517274098032928,0.0012531377886892958,0.0009727131540210876,0.0007212967040207685,0.0005098968776336421,0.0003241785838605238,0.0005310764194786377,0.0002592829196763624,0.0016455106835202016
0.0005457484214925756,9.616396738842958e-05,0.00039777631959908577,0.0004154449561182827,0.0005545380074114536,0.0009730599851954791,0.0012249613898345224,0.0014027496812686335,0.0016403029638806244,0.0019034189318086758,0.0021513174085856512,0.00238741622028138,0.002627548707812677,0.002848148837165998,0.0030314501819924677,0.00320410870830079,0.0033808410980339376,0.003538442473023262,0.003672720638298821,0.0038064418238312747,0.003935155417346681,0.004036401250019028,0.0041172484518940955,0.004192184836336876,0.004248353911199043,0.004278057263949253,0.004297863525681955,0.004309743738339922,0.004297985320889874,0.004267600545856731,0.004230098260225246,0.004170876045484495,0.004081060338672393,0.003982320995410293,0.0038821613640583896,0.0037593864974065916,0.0036135813962555607,0.0034642359341511275,0.003302777891692421,0.00311208887683434,0.0029073028019512837,0.0026976077325391312,0.002460076834024938,0.0021969967527921686,0.0019426593001775627,0.0016910646870934576,0.001418492767371271,0.0011783154401385776,0.0010647111068164405,0.0006662527088895365,0.0004488826870167606,0.00038833934717885654,0.0003782582871114104,9.116481243270913e-05,0.003040186877970086,0.0009401981695333073,0.0012045168392467998,0.0023328178478949912,0.0010555376722737528,0.0005836753290731217,0.0018137217548663404,0.0023595022609648603,0.0014101879323849542,0.0008648918962443075,0.00013788862129004986,0.0003203448013574528,7.644324070565922e-05,0.00035994252159582407,0.0005978972055397103,0.0008389846526326572,0.0010785703323338836,0.0013169527397091096,0.0015814313449072914,0.0018563040505965578,0.0021049728454932692,0.0023341561594187876,0.002563798175572951,0.0027763849750607195,0.0029563109037887836,0.003129820620228374,0.0033159958848817395,0.0034880711862103064,0.0036204858093462633,0.003726519886474766,0.0038254162319715235,0.003915354239713564,0.003990592362425938,0.00405037447493839,0.004090717949718381,0.004111074506932155,0.004118177646166843,0.004111497299793099,0.004084391033834622,0.004040264830171392,0.003984553318753914,0.003910815919123012,0.0038151418313973062,0.003703471975934014,0.00357346310343154,0.0034222775151057094,0.0032713643079378407,0.0031389540608269817,0.003002581795565784,0.0027996545049016053,0.002550161840705001,0.002325310596765773,0.0020998137405556783,0.001851858067646428,0.0016048037123250758,0.001366870148723387,0.001107679718382104,0.0008309843761297175,0.0005831647166616993,0.00037518582701717706,0.00017908645181219374,0.0006257595248247982,0.00018750132983280654,0.0017345512289638487
0.001125724675948736,0.00017681921339662843,0.0003621821528042579,0.00026816821287350967,0.00039309681944460495,0.0007780745716153836,0.001124545016224665,0.0012782112038107751,0.0014973208849150543,0.0017484473972679826,0.00198974323303025,0.0022226602235474457,0.002461293717649027,0.002681123637742311,0.002864034877163024,0.00303665528063235,0.0032138735795025353,0.00337271105589132,0.003509008926919188,0.003645141245369299,0.003775917176328192,0.0038783555423285154,0.003959703725149422,0.004035006217432913,0.004091703395577628,0.004122113018803608,0.00414284718350022,0.004155892550209206,0.004145495193882964,0.004116881980537612,0.004081917010354319,0.004025862918108802,0.003939250320043497,0.0038434462604607367,0.0037461015197584047,0.0036261138034876517,0.0034830460641149807,0.00333645325582399,0.003177637090633567,0.002989146615084426,0.002786356156794789,0.0025794854100733566,0.00234655008069129,0.002090462070992394,0.001846834043907064,0.0016119954906318457,0.0013643297897183437,0.001157655317020334,0.0010191273824697311,0.0006101630009582304,0.0004330142060424147,0.0002342202655762904,0.0002454282380553452,0.00013663110909520326,0.0029033951416396198,0.000973323802336945,0.0014131301723288858,0.0020458401899664524,0.0009157824691260787,0.0006889185876783541,0.0018586637940376655,0.002432841802758906,0.0017222342644618305,0.0009546272635685416,0.0008832873979269518,0.0002953551051859682,0.00025400064489894403,0.0003130263069041628,0.0005362633467357325,0.0007800474551193926,0.0010047377896948984,0.001232262149612473,0.0014892897828890916,0.0017595390079704343,0.0020051467612973717,0.0022315808022134176,0.00245840574893863,0.0026678638187659365,0.00284380784780347,0.0030125603904700426,0.0031939092122850177,0.003361188292860917,0.0034884474692251644,0.0035893553553087987,0.00368399082879034,0.0037704609051767424,0.0038423258270708915,0.0038986550381284735,0.00393556606993295,0.003952210388222688,0.003955193585811756,0.003944545422435164,0.003914104710583954,0.003867165252668725,0.0038091507632753707,0.0037341524249754343,0.003638828502475766,0.003529452494817953,0.003404089033567592,0.0032603918904435814,0.0031199801170302965,0.0030006867150849104,0.002831106549322948,0.002595102283977413,0.002356510268903933,0.0021408186542166696,0.001922964055106946,0.00168172302566727,0.0014407173214887603,0.0012079087960792378,0.0009528759128526465,0.0006802788327135989,0.00043756105827041925,0.00023554083026638972,0.00020698460581464184,0.000715344018024755,1.2175132584613113e-05,0.0019095777491825727
0.0018547631251573382,0.0002929287728694052,0.00026831807526206397,1.3835403224193854e-05,0.00022012362494983062,0.0005705000443144703,0.001024129694088105,0.0011520172666156236,0.0013507981366503996,0.0015880540842329038,0.0018210774637186233,0.0020495361393448874,0.002285902434833176,0.0025046965272792487,0.0026873617352815016,0.002860495688711273,0.0030392498776828925,0.0032006580324153155,0.003339879798315737,0.0034783014260187928,0.003610262927223218,0.003713131951618376,0.0037948545254536947,0.003870882152559041,0.003928599067875238,0.003960102018266021,0.003981857333530403,0.0039957840510110865,0.003986257007185023,0.003958978735624563,0.0039262812315684625,0.0038733327170042964,0.0037901504798305563,0.003697759866526096,0.00360368755449747,0.003486644337847178,0.003346140158200339,0.0032020172703031147,0.003045784741502966,0.0028599329752954095,0.002660149726838812,0.002457592376333251,0.0022311318937233704,0.001984304153249239,0.001754121262601993,0.001539402573732196,0.0013206697499984488,0.0011517078261277791,0.0009165933761463574,0.0005610407374949666,0.0004246262250749422,0.0001034308380653548,0.00018722132007026326,0.00020771294706226073,0.002776790300494464,0.001022424714047565,0.0016144954766739578,0.0019964331139411817,0.0008052202014385175,0.0007840291157296883,0.0017287050704113543,0.002471660241756296,0.0018658561088362169,0.0010143792443364774,0.00033079726519311126,0.00022529808539373253,0.0003050002538590446,0.00036714242469032543,0.00048212648574369465,0.0007000827003248444,0.0009288824642391669,0.0011535493409912112,0.0013993816087158883,0.0016618335815392626,0.0019018871149182326,0.0021237679176067115,0.002346475892744837,0.002551818097365377,0.002722955756360723,0.002886128145727196,0.003061810168706103,0.003223650766540853,0.0033455018399249914,0.0034413538358341045,0.003531899215097556,0.0036149588344024375,0.0036832433057207847,0.0037356585906062056,0.003768642843307912,0.003781275492241276,0.0037800799996488,0.003765600400728819,0.003732157892435417,0.003682975420619239,0.0036235684031046267,0.0035487479944186218,0.00345584950581157,0.0033513834365217487,0.0032336869752782604,0.003100794711895394,0.002974120702405325,0.0028145108266575125,0.0026200632833411897,0.002395900183528532,0.0021671032889600816,0.001959045367634138,0.0017473305266867412,0.001511494224287313,0.001275410637243013,0.0010470069968537832,0.0007963242280217275,0.0005291904727506291,0.00029397130190278453,0.00010138005318027776,0.0005261708770957219,0.0007870803790203107,0.0005280271345126097,0.0020329591040678663
8.366040062970925e-05,0.000522739811248174,0.00029521481685390594,0.0003219416854091106,3.387263399257101e-05,0.0003483973694514142,0.0008250967083952565,0.0010221111067755806,0.00119787575317587,0.0014183655384821803,0.0016405890428186076,0.0018625803973497668,0.0020952967764695796,0.002312426904030218,0.0024948959658290804,0.0026690926362241685,0.0028502311415521397,0.0030148746948960303,0.003156885938766285,0.003296668683568482,0.00342887014686144,0.003531872541175707,0.003614250934316221,0.003691431626446695,0.003750450439163111,0.003783058159800179,0.003805615021252984,0.0038202386969728996,0.0038116409975959,0.0037858350186970036,0.0037553543896227115,0.003705366003011634,0.0036257144312434875,0.0035372208518493764,0.003447103901030535,0.0033335943846672933,0.0031959702653358013,0.0030544554060517592,0.0029011022194516123,0.002718603328562552,0.0025229446579412285,0.0023261789299933167,0.0021082273084952474,0.0018735200712195477,0.0016605655426826793,0.001470585330283214,0.0012858883842192248,0.0011593933044550808,0.0008171069647313067,0.0005169382803044686,0.00038590704738428183,0.0005687438905869202,0.00014554531311045116,0.00030747389714491646,0.0026524287032414773,0.0010794334828555519,0.0017989627659440316,0.0020636679336682034,0.0007455041898344408,0.0008467047227034945,0.0014932564957499533,0.002484699881748903,0.0019958911113254485,0.0009368475871738002,0.00014544903920241103,0.0008286531153993137,0.0002372969926625612,0.00019419120092700748,0.0004580431458189316,0.0006449474335704086,0.0008491092202818629,0.0010665216912607023,0.0013197216060831796,0.0015706023841181027,0.0018019997198762683,0.0020169673982123326,0.0022338188047671403,0.002433793098731596,0.0025991875579532975,0.0027559486891897134,0.0029252603686162892,0.003081346715991251,0.0031979407994505715,0.0032890901281790175,0.0033757925756575657,0.003455427500840713,0.003519822550756113,0.003567876379465984,0.003596680339334024,0.0036054208590792225,0.003600393885884179,0.003582504795036412,0.003546663865549138,0.0034962221283156847,0.0034368843310058628,0.003364231984252064,0.0032763056820215297,0.003179757984307363,0.003072934827469731,0.002953802633280378,0.00277824612916866,0.0026024944406729533,0.0024205499197529345,0.0022070238124132224,0.0019865662823326247,0.001784798700939505,0.0015781839382954521,0.0013470658083649667,0.001115601511681219,0.0008919283880626239,0.0006469280423416213,0.00038775076416897036,0.00016363845779321373,1.4708140189445551e-05,0.0008377892548335764,0.0008262347456821639,0.0004390869877383685,0.0021149486331779044
0.0005902783388802568,0.0007604874758040114,0.00031335920728720046,0.0007909094732254096,0.00015006163887820723,0.00012726023226644623,0.0005605104040019571,0.0009025780743833756,0.0010515990787922647,0.0012513449896582873,0.0014591202496004874,0.0016715232837313243,0.0018982398544666879,0.0021122644260764822,0.0022938397692241486,0.0024688485869543975,0.0026521686087246366,0.002819364973466021,0.002962817851907884,0.003102521048828355,0.0032342223565648975,0.0033374544760962355,0.0034208925005868585,0.003499415243334525,0.003559558300590182,0.003592872293953997,0.0036159316606187986,0.0036313308455231397,0.003624048390560297,0.0036000379261192927,0.0035718176534030865,0.0035247250461123425,0.0034487253875218338,0.0033645350042402766,0.0032789798871833975,0.0031697080194016403,0.0030357260255674534,0.0028976736488181,0.002748238258747482,0.0025704003217330573,0.002380482356449165,0.0021915104871231827,0.001984695371079037,0.0017656876170236702,0.0015746223187944608,0.0014148325835553477,0.0012696754246486752,0.0011227546675886546,0.0007294124242306355,0.00048488911981908744,0.00022772432067175163,0.0002611912763265112,0.00011455178137675937,0.0004388604455730083,0.0025138260462571616,0.0011288812943562043,0.0019508143439620346,0.002090191749764797,0.0007970593578667563,0.0008685635802859609,0.0013625487649599755,0.002459279932008604,0.0020810840887169335,0.00067437346933788,0.0005601481456151691,0.001332183705758494,0.0001259406470184854,4.309888507730841e-05,0.0004582182177971794,0.0006085407800491827,0.0007825152974554328,0.0009753648418428518,0.0012109803757804904,0.001471615720275432,0.0016966844121042435,0.0019020777610234685,0.0021111487801235285,0.002304384087301381,0.0024630318681941876,0.002612637745631363,0.0027752027851176697,0.0029256524698777486,0.0030374242968809195,0.0031242455975005745,0.00320718076837323,0.0032831599060628713,0.0033432850042576234,0.0033867241976942575,0.00341143500431762,0.0034166576404639493,0.003408298728254544,0.003387667814890416,0.0033504593905625546,0.003300231329915304,0.003242844605607198,0.0031746720454300936,0.003094468340756107,0.0030088083593582393,0.0029155363539652424,0.002737719854335352,0.002554737990296152,0.00239152977258672,0.002220466535341359,0.0020158126211862193,0.0018021591225303446,0.0016054960747801106,0.0014031948161662422,0.0011764624820377323,0.0009498745317374491,0.0007320820792606764,0.0004951720349802291,0.0002477897359548509,3.992928005469576e-05,8.408227437417537e-05,0.0010677281394587124,0.00083615920940322,0.0009609851165144345,0.0021702080624639297
0.00012907874830672683,0.001143709172857471,0.0003792733266532733,0.0005212528992050713,0.0003608043231331237,7.274974557386349e-05,0.00031453670076331264,0.0007840657628129799,0.0009299029900762257,0.0011042053171846922,0.0012928406168893902,0.0014914950219252487,0.0017089746977306808,0.0019175589394849757,0.002096576668392136,0.0022711405707874777,0.0024553791857068186,0.0026235030851357033,0.002766610136209491,0.002904949989187222,0.0030357628357768895,0.0031394352792067926,0.0032241130079159186,0.00330375690772744,0.003364534930114238,0.003398205549695943,0.003421798028121259,0.0034382551082663415,0.0034325447678780208,0.0034104222083259916,0.0033844135168027423,0.003340097590922686,0.003267614234095273,0.0031876029476274326,0.003106573307324223,0.0030017938656065057,0.0028721759265013524,0.002738690404746613,0.0025944723724047325,0.002422868477763185,0.0022408118719945413,0.0020624279396187495,0.0018702596887324452,0.0016713819877485214,0.0015076426304118096,0.001383942539489702,0.0012835178021218807,0.0009915764992471376,0.0006621693844531262,0.0004715673501073936,2.6785376847249243e-05,0.00011652967317715701,0.00021063584949548853,0.0007519661348605322,0.002343080657912472,0.0011502507055732025,0.0020229061540612964,0.0020606402829105724,0.001102052204682697,0.0008374220670942165,0.0012441725148201674,0.002382070913469203,0.0021157693878455786,0.0006069898315402555,0.0008391305967977436,0.0010363720183065306,2.5111130343813404e-05,0.0002411323681204558,0.00048327804065628754,0.0005841659441442881,0.0007220463559403645,0.0008845001099851979,0.00109474354762934,0.0013351218640704765,0.0015647550099829877,0.0017696766118081575,0.0019687841326602173,0.0021536040687208935,0.002304308181596104,0.002446085375902407,0.0026018047132929656,0.0027469852394061967,0.002854419343248038,0.0029371350809783703,0.0030161485313592307,0.0030881452247372154,0.003143826134920924,0.0031828095291196457,0.003203857503422558,0.003206141971296095,0.0031952316902169597,0.0031730128376097344,0.00313602393853718,0.0030879587215553173,0.003034816037026933,0.0029737869810205764,0.0029041437550484384,0.002831812739208295,0.0026692733531588075,0.00249261977168036,0.0023216076696140897,0.0021690257396063117,0.0020068328218836307,0.0018092765773781716,0.001601014664194933,0.001408449331228967,0.001209896013768752,0.0009875461670718622,0.0007666812002430357,0.0005568763701503388,0.0003317704338980376,0.00010150681713394505,8.368330240471344e-05,0.0006203291573944614,0.0011009677158568265,0.0007993978163458593,0.001652486453734503,0.002098537322012678
0.00029086069679259974,0.0019971202527076515,0.00045317426807994776,0.00030211511340816344,0.0007010768585625216,0.00025422103390360107,8.445748571861422e-05,0.000502103221609429,0.0008302193812469438,0.0009740099310731609,0.001138105826385849,0.0013181919372990958,0.001522536175399436,0.001722581535765766,0.001896597650519083,0.0020687193158817063,0.002252012438183737,0.0024192736353012556,0.002560641245726969,0.0026968872182653314,0.002826576837004713,0.0029304987455039955,0.0030159589864164893,0.003096111002329871,0.0031571515980900466,0.0031912594549389217,0.0032156968713747958,0.0032334164931787646,0.0032293117759751855,0.0032090645904576665,0.003185223540490112,0.0031434667079217604,0.0030739790945595313,0.0029974039323070745,0.0029203179474948104,0.0028200450900631724,0.0026954338785132315,0.002567451043770541,0.002429555336549316,0.00226576332940831,0.002093927203643431,0.001929359890761817,0.0017560484848267999,0.0015826002668559713,0.0014522080309556928,0.0013702479846429139,0.001260329594124976,0.0008680873016438384,0.0006006428596467828,0.00043010743832222476,0.0003627556921501629,4.438831909953089e-05,0.000357867976141818,0.004143721878644285,0.0021272863867249914,0.0011155864120725723,0.0022002411828982438,0.0019674739132481966,0.0013440298661939326,0.0008591202495072982,0.0010604432694967247,0.002197075791799924,0.0020987446083611805,0.0010736206095846301,0.0010508584995322923,0.0005238104717236458,0.00014818694881341132,0.00017228429720328453,0.00014489475048523603,0.0005864261309046492,0.0006822214948712935,0.0008081671637892862,0.0009872499152502878,0.001202350706996702,0.0014124431938361548,0.0016168045850226687,0.0018191868067616301,0.001993311644592377,0.0021345314083883737,0.00226772491281535,0.002416517671247176,0.002556735655210418,0.0026601107138449764,0.002738663171503286,0.0028134452972470303,0.0028812997415755826,0.0029327956315459147,0.0029679099945287835,0.002986054817470385,0.002986414963547346,0.0029743826914582217,0.002952410524025062,0.0029177920819264402,0.002874381426597683,0.00282835364825762,0.002777493973218803,0.002712209139186239,0.0025688455214799566,0.0024164412850599115,0.002250403204200002,0.002088957344039022,0.0019446766336523869,0.001789373854207632,0.0015973106155123817,0.0013932767406559243,0.001204151418556565,0.0010092564952122185,0.0007919908557670885,0.000578742122942677,0.0003803814984653098,0.0001721779705290416,3.4674281798263706e-05,0.00019054939654439274,0.0009920407224258687,0.001078711233472751,0.00013217107786933635,0.001991446763907334,0.0019076043302042323
0.0006545435938138389,0.0029811785951272263,0.0006392395306787368,0.0002739894351950767,0.0007412656476528112,0.00042994697020770634,0.00014150947077395948,0.0002219174670197721,0.0006534791305352061,0.0008516930248783638,0.0009860789568156836,0.0011427474020732076,0.0013296707384159445,0.00151748507603644,0.0016833991608901089,0.001850430424378935,0.002030532090285919,0.0021952788528932787,0.002333951899241793,0.0024675831057264785,0.0025956107863795985,0.0026989427645970343,0.0027842046997768044,0.0028642701063221754,0.002925678248781427,0.0029606902015186787,0.002986259929847246,0.0030052859880980165,0.0030028530825596533,0.002984608894773144,0.0029629215682401844,0.00292341646067118,0.002856314314760855,0.002782502468309578,0.002709138172591219,0.002613887345228938,0.0024952246102444287,0.002373778457905096,0.002243577512042849,0.0020897131565199567,0.0019310303522499517,0.001784146914227236,0.0016348056865046479,0.0014928829778265706,0.0014016798036529665,0.0013654418737082397,0.00106578509350147,0.0007376881596733997,0.0005269397261559172,0.00017772990244957487,3.527846251605293e-05,8.449191609372075e-05,0.000538438146293424,0.004454535894321071,0.001876210632888231,0.0010679418139716845,0.0023837705527603725,0.0018168852496097954,0.001525385298919029,0.001253948401750648,0.0008113209300514151,0.0018305978389000083,0.002022498816229984,0.001419780988777125,0.0010770707811674773,0.00029451072779193566,0.0009849557674744824,4.58609159534884e-05,0.00010022790251307256,0.0006316638973733468,0.0006797574363093806,0.0007634208534109677,0.0009059424080581358,0.001090812618373349,0.0012767065647496523,0.0014615687132015776,0.001659286132186133,0.0018381335026318446,0.0019678508098582848,0.0020913270912813475,0.002232746060240487,0.002367832159668959,0.0024668287632125807,0.0025406687806521777,0.0026108019440900243,0.002674601949369415,0.0027224837793294876,0.002754569312357291,0.0027709454505273623,0.0027710001281909813,0.0027599426383999592,0.002740631879735722,0.0027111104244251782,0.002675475211493694,0.00263986389190507,0.002583295101918903,0.00245538538855794,0.002323315417023575,0.0021806320833129833,0.002022685066740082,0.0018682516314870723,0.0017300483825640756,0.0015797992004819017,0.0013918578227728462,0.0011912651806514907,0.0010054672135059173,0.0008149431664379314,0.0006045562244288982,0.00040206763127920153,0.00021977979750426035,3.431190570285514e-05,0.00014293994890285378,0.0005313883585289503,0.0012463059734021953,0.001004389650726245,0.0013327797637474048,0.002159476826294582,0.0020104671325897605
0.0009779944434618881,0.002064219755066876,0.0009765089112968028,0.0003183910456000527,0.00027553229099419596,0.0008004092130257101,0.0003578617171983156,4.912743932350416e-05,0.000326027688715147,0.0007476741863515213,0.0008486554163076865,0.0009776582071330253,0.001142616924772355,0.0013137645105320006,0.0014675585744083897,0.0016260556280190963,0.0018003150840990578,0.001960808430661043,0.0020956893372813257,0.002225788041631871,0.0023511487149272536,0.0024528540095213325,0.002537189976543286,0.002617110381161636,0.002679390296913331,0.002715808352240723,0.0027426938310405324,0.0027631238040748407,0.0027625586232328248,0.002746374197802881,0.002726547154966341,0.0026888218337983716,0.002623786075587331,0.0025528467452083925,0.0024839052227680902,0.0023948686813217712,0.0022835879000694392,0.0021704286100844294,0.002050392117193156,0.0019098424074825981,0.0017685916495489007,0.0016447066940363797,0.0015256139799628698,0.0014213880392644485,0.001373669793845178,0.0012000715165443876,0.0008783838177555126,0.000609464143750349,0.00043879921354261775,0.00031981260961622127,8.341915226584007e-05,0.0001692253537189936,0.0006869860523563975,0.0037579004120890935,0.0016141126532362715,0.0010167350797899988,0.002259719078922376,0.001624334511581213,0.0016573008790688251,0.0013466269108308067,0.0005710935795639124,0.001331194266451688,0.0018872458677647724,0.0016351535035130094,0.0008887863264963325,0.0007877582946905493,0.0011512723249610946,0.00032743662853074174,0.00015685525631203845,0.0002078813316703787,0.0007115932506078226,0.0007478729866379208,0.0008486472860349537,0.0009979208266776562,0.0011541975109203295,0.001314499642207978,0.0014919913632512882,0.001664200924661019,0.0017982039094206481,0.001910102203625197,0.0020428778000159964,0.002171689113426245,0.002265046814905025,0.002333075917552274,0.0023980668246378345,0.002457999993398241,0.002502924369246262,0.002533051675416065,0.0025492647251397216,0.0025511364744570386,0.0025435560489445175,0.0025297975830625985,0.0025087154786587185,0.0024843903552008717,0.0024337423674141156,0.002324161459226315,0.0022078426867995216,0.002085793641740885,0.0019508063552496901,0.0017989028802063434,0.0016496631099786052,0.0015159257506762724,0.0013694167931813661,0.0011847669996578603,0.0009874131709426415,0.0008055686034558196,0.0006211348173065234,0.0004205814953748277,0.00023303976894251122,7.207744125919957e-05,8.495166022692846e-05,0.00022732923015678086,0.0009992569439162824,0.0011748320492590003,0.0008353452570917241,0.0016387125781894274,0.0021474841569245062,0.0025538535543437046
0.0012795705772138677,0.0020575592300203227,0.0020784596780362985,0.0004238387620664752,0.0002160540866452676,0.0006289370276356676,0.0005723985341246629,0.0002982161366046343,2.041793591078811e-05,0.0003910545153664735,0.0007437095965990848,0.0008412712941918143,0.0009791138226670215,0.0011278758844581738,0.0012641831978467133,0.0014097149908929296,0.0015747429489780806,0.0017283980770621543,0.0018573732054146808,0.001982095996172939,0.0021032684755282194,0.002202390348848393,0.0022855630310315567,0.0023656146666316547,0.002429114912174013,0.002467143384799253,0.002495555341130107,0.0025177094890220797,0.002519199246864501,0.0025048641953011597,0.002486449997615159,0.0024503300838960573,0.002387868805304505,0.00232101109204752,0.002258136482675255,0.0021772246981931476,0.002075696464730048,0.0019740068574894964,0.0018682596747294777,0.0017460500186171624,0.0016281936817206244,0.0015340102113031717,0.0014516109059574123,0.0013896903112737835,0.0012529225494082308,0.0009744963574783716,0.0007123407518937475,0.0004968791841313824,0.00010009396005555837,0.00023039705161753687,0.00012800303419685521,0.0003432848384290199,0.0017323605549542098,0.003069878744610788,0.0013554937143447077,0.000982638937345695,0.001992395380049028,0.0015325254643035122,0.0017471265537402636,0.0013936484908770481,0.0008186930602943482,0.000768256749479293,0.0016879627141066778,0.0017472236463940138,0.0006694008011432495,0.001005856595063609,0.00016635460439004546,0.0006699807325785678,0.00013090443642432836,7.458099131829599e-05,0.0005745971345592071,0.0007600420474708214,0.0008136707875122107,0.0009213096567715073,0.0010418964714600243,0.0011720799351693234,0.0013244311039716239,0.0014759057260921304,0.0016033560924364476,0.0017173572361571798,0.0018391122669988436,0.001959389005452783,0.0020451166287507316,0.0021060546309772388,0.002165489670285292,0.0022218355127597844,0.0022646901430875,0.0022944078793960543,0.002312569839849732,0.0023187499781480714,0.0023175468117814235,0.0023127606678204904,0.002303801555943341,0.002256056353199587,0.002162286092674437,0.002064649342913616,0.0019590820324575375,0.0018456005880693738,0.0017169019011145092,0.0015698432102849713,0.001424719013110587,0.0012945420784472583,0.0011512022845439063,0.0009697507962214136,0.0007762582542432117,0.0006000292649828154,0.00042455836439680983,0.0002379056497123222,7.041290249115706e-05,6.366714333233547e-05,0.00018718390660510398,0.0007219762116668638,0.0013015685038841873,0.0010540450653399591,0.0007067241191145435,0.0020686603461829156,0.0019577056875605403,0.003002620495679509
0.001577883070449787,0.00208516442551801,0.0033698093264764306,0.0007429743309933512,0.00027433468681631323,0.0001438418477726633,0.0010460336755654942,0.0005222590722550047,0.000258761812711783,5.581557553874239e-05,0.00039107311411390455,0.0007392467626163857,0.0008440217215777146,0.000963409315566266,0.0010755214415459902,0.0012023434995789284,0.0013531416680643282,0.0014953790552575397,0.0016143495304676847,0.0017302526592535283,0.0018445749404317757,0.001939392703844689,0.002020553768268152,0.0021002860205094898,0.0021645981659713653,0.002204059962384153,0.002234284829376154,0.0022586259167035605,0.0022623860287773745,0.0022499713390807807,0.002233441784833756,0.0022002246166602513,0.0021424815928104968,0.0020824274122772657,0.002028684643525569,0.0019594152359654338,0.001871973456239795,0.001787061093551534,0.0017017143531417034,0.0016046013385335733,0.0015173175920085713,0.0014595359234413352,0.001418536158899475,0.0012537129425777005,0.0009920995931737564,0.0007723764524198429,0.000564802342852444,0.00025637613953793936,4.635429202665131e-05,0.0003621135616350135,7.935642818679423e-05,0.0005504102514649334,0.003968859593458468,0.0024091966747621096,0.0011122973397660885,0.0009762751986438223,0.0017320398829710065,0.0016101050489053387,0.0018401370066474972,0.0014320628091281963,0.0008850973985765204,0.0003798067165669411,0.0013194226608358728,0.0016654532222281082,0.0011826401863008762,0.0009774576261284973,0.0006591312571902763,0.0012041986103835667,0.0004943031780264562,4.4693108113835756e-06,7.67796979799229e-05,0.0008159468970421191,0.0008169567346377193,0.0008767618368683006,0.0009553354873075848,0.0010493919360759496,0.0011709922311638477,0.00129655239255011,0.0014024306056115154,0.0015121841318794793,0.0016320722057935333,0.0017409092841689233,0.001816890102059876,0.001869655994055086,0.00192335413375877,0.0019767104850925143,0.0020189144865603303,0.002050312168813684,0.002072886146763042,0.002086216023275078,0.002094770839790705,0.002102595134039986,0.0020622169064485885,0.0019810633233640074,0.0018999405878267206,0.0018135267477950023,0.0017173754116441842,0.0016112267999383034,0.0014877921826206286,0.0013445214086801327,0.0012024892255703135,0.0010751966098254684,0.0009348760394808364,0.000757223111149008,0.0005693649288169289,0.0004018743184137086,0.00023962865261650812,7.20830758912383e-05,6.958436232512577e-05,0.0001714278235044886,0.0004461161004736258,0.0011909726897353923,0.0011787117868629626,0.0007431669376958827,0.0021610115586601086,0.0022186350277372813,0.001463862371582192,0.003258016314351464
0.0018904598161389452,0.002136166480145474,0.0025889980930511314,0.002024692529862926,0.0004629972636308599,0.00017218485019271368,0.0002636473363466507,0.0009505808123980719,0.0005015336161753314,0.0002424467135055952,3.61799799660778e-05,0.0003350545654917658,0.0006635916445259515,0.0008314467644754409,0.0009122488049135291,0.0010133494353804506,0.0011428888809643656,0.0012668024015060064,0.0013694868800626647,0.0014712154052500814,0.0015742581706080783,0.0016612507735509485,0.0017377174105389637,0.0018151119309663954,0.001878885403932884,0.0019192592951583487,0.0019514551047784545,0.001978374356462198,0.0019849515579393184,0.0019756576303074924,0.0019633215849178542,0.0019363625214257052,0.0018874000147590664,0.0018387158030790385,0.001799211220328556,0.001747385597579365,0.001680622214090044,0.0016197716411759933,0.0015625347184723415,0.0014982143009945603,0.001448340559130068,0.0014316541306109154,0.0012113626703745828,0.0009642646318644421,0.0007598611083891038,0.0005939975807012221,0.0003772466095250948,0.00010676816697408054,0.00044893662551548363,0.00032225244737549286,0.00018915145695630464,0.0009602122047845663,0.002937968326164858,0.0018541773977883425,0.0010120922600749538,0.001067537062633378,0.0015490522679655339,0.0017241232255749694,0.0017700450073236916,0.0013937161520251127,0.0007615426075834944,0.0005597518527492851,0.0008214844017254835,0.0014520821644687376,0.0014356572895871944,0.0005265028522379034,0.0009462358511037883,8.035501845166104e-06,0.0008548349869187954,0.00040269290962352544,5.517519712033847e-05,0.0001520729099135365,0.000873018440534945,0.00087929508371698,0.0009096972523754965,0.0009612942364509158,0.0010458569225135772,0.001139450348873583,0.0012182172436726035,0.0013056940012841078,0.0014259967722536349,0.0015266723982052532,0.00159069090456454,0.0016340899924195407,0.0016818334397031842,0.0017329387795249618,0.0017760318302459943,0.001811112549618188,0.0018404429103263675,0.0018637762702363725,0.0018852755215627015,0.0018539171965198387,0.0017882899669507957,0.0017202714800486074,0.001650715635520772,0.0015738069006592248,0.001485315817418953,0.0013849752123876735,0.001265365876776392,0.0011244735263025163,0.0009844503847710184,0.0008596050140738942,0.0007227682554727943,0.0005507282021446347,0.00037202224776883286,0.0002182408639495037,7.50457876530497e-05,6.726161299297484e-05,0.00017741901788276282,0.0003002254732463183,0.0010522385418234026,0.001231213730927716,0.0009833404823709757,0.0012897768223934514,0.00210275818008257,0.002090809181721137,0.002215903566175348,0.003355498640415483
0.0022368225685797383,0.002235347254705533,0.0024200963794628327,0.003663898991435599,0.0012359544461318372,0.00034273210339225146,0.00013622701586379904,0.000318972783482252,0.0009248254934089983,0.00048311180323334924,0.000261570546743195,2.1615100209870786e-05,0.0002475362037434037,0.0005218053978066073,0.0007836024045368983,0.00087196472582729,0.0009726458534211613,0.0010705786357326774,0.0011498859165501862,0.001231124022033181,0.0013172293407401892,0.001391311751745894,0.0014587180126115484,0.0015304306353789432,0.0015915443351013359,0.0016317763254686257,0.0016655526016171596,0.0016951900123416408,0.0017056468082001786,0.001701896384911028,0.0016974556432993726,0.0016813055616639039,0.0016462995346175902,0.0016148461684344362,0.001596128158562471,0.0015688238673232657,0.0015301911262772805,0.0015010447812186523,0.0014792603734969378,0.001453844363659751,0.0013120791188340197,0.001110428479679182,0.0009122989363748446,0.0007200718250278682,0.0005740504165328009,0.00039829845237948636,0.0001331248332768764,0.0004986507821801434,0.00044245538045878385,0.0001097967765075758,0.0003911571364894617,0.0032028459184491875,0.0022459603729817756,0.001554578908470855,0.0010639643579322955,0.0010502173663158865,0.0013848599355799351,0.0018299000115544542,0.0016473993299087678,0.0012122935266102829,0.0006570206718699914,0.000630524333932056,0.0004618980864316419,0.0011154333755246104,0.001440522424268953,0.0009416124353509581,0.0008649275578864191,0.0008164374038236444,0.0004584153976852079,0.00047916714718326814,0.00038457415551446106,3.11052337665374e-05,0.00017741133427445765,0.0008649425709186809,0.0009148027070063347,0.0009177158131714602,0.0009585456864112385,0.001013392990344475,0.0010586346514325218,0.0011181477094412418,0.0012160218485852692,0.0013221690085430948,0.001371129535206017,0.0014030374614513175,0.0014437908611806272,0.0014925066304506407,0.0015368822031558427,0.0015764658609495052,0.0016139336966369822,0.0016490346512108012,0.0016235739506930136,0.001573018203285148,0.0015196668374496403,0.0014627802484782348,0.001402283824555206,0.0013324344493310658,0.0012494349597279575,0.0011529534179096634,0.0010355219968812834,0.0008959782360528079,0.0007578076873705486,0.0006363207448704666,0.0005053337632583976,0.00034307683414408485,0.00017931555465761084,4.6023156358321327e-05,7.109401534327597e-05,0.00018173728196951844,0.00040416320701935904,0.0010253081586535928,0.0012158256487046493,0.001022538742382062,2.5881271965511043e-05,0.0021503153411059073,0.0022385591866924126,0.0015667415590746303,0.0027337192868021054,0.0033015801358024788
0.002641397933374423,0.0024118913216586713,0.002346571564447064,0.002566977217393962,0.002855594806706996,0.0008184198235149376,0.00029714511806144817,0.00013443017836350935,0.0002693228035481332,0.0009643459083212846,0.0005000758105268011,0.0003049925407268561,9.550254678608594e-05,0.00011985953102910951,0.0003258073093068137,0.0005464982741748559,0.0007887186980719552,0.0009413279652984996,0.00099159420666739,0.0010467952503200317,0.0011104333632467323,0.001166205596966563,0.0012197261718361885,0.0012819630509436353,0.0013377131469699544,0.0013759052498636404,0.001410059533624608,0.0014422730248914162,0.0014579807549897073,0.0014626126641655857,0.0014698861958294396,0.0014690245555160075,0.001453186025078268,0.0014449373212540584,0.001453437200366281,0.0014571466094495666,0.001452894284459827,0.001453512036866833,0.0013016209074500074,0.001132723889189946,0.0009660035252475052,0.0008175227648642425,0.0006700185336691589,0.0005528355318456524,0.00029775353187277975,2.237704760676973e-05,0.0005141657122337273,0.0005087936363700751,0.0003909576012773308,9.582707882427322e-06,0.0021017585472380973,0.002279668390380657,0.0016921741294775583,0.0013427369745344364,0.0011735649376566626,0.0008227576082710381,0.0012529271999002362,0.0018243387012890633,0.0015217111351431434,0.000825158550094688,0.0004718163199221373,0.000585888606593421,0.0005613569162419979,0.0006437029097969699,0.0012033976063527685,0.001285771746669745,0.00045837823042779724,0.0009230949994772919,0.0006101769433499438,0.0008278217307614022,0.0003156915545363126,0.00045394345598132047,7.319315076276256e-05,0.00015873118651743567,0.0005516021688469208,0.0009431641392239065,0.0009337467120862364,0.0009430008063567863,0.0009480693434112397,0.0009733540165591248,0.0010429812121434123,0.0011278032262420634,0.0011784728511953224,0.0011954782230584882,0.0012266768588689025,0.0012709324389688081,0.0013148922046400946,0.001357892702075758,0.0014029784680507085,0.0013823034138472634,0.0013407311284523438,0.0012997170337043507,0.001255382990410725,0.0012061088056182223,0.0011514096814044805,0.0010859646358255537,0.0010063869121961777,0.0009122320155620645,0.0007962748477052806,0.0006585357079331167,0.0005239381616519712,0.0004090048208883479,0.00028887733717003483,0.00014307639137950412,1.8454490529062895e-06,0.00010322169581961083,0.00018699059457349954,0.0006131699480015906,0.0011069425661341947,0.001161949614408575,0.0009809430351627735,8.465218069936276e-05,0.002381705756718866,0.0022356538398028425,0.0019418761587846056,0.002121685571969484,0.0029233889003495717,0.0030885397030489536
0.0025772845724257865,0.002691136261666366,0.0023985144909745293,0.0023642818816182187,0.002618434100151168,0.002631321109846263,0.0007927386894365507,0.0003245614936369101,0.00015785778004206996,0.00013347166644178676,0.0006692525605366817,0.0006886957239838343,0.0003396574812816189,0.00018048162350287056,2.9089610500243612e-05,0.00013958500689570386,0.00033252092107943776,0.0005139779323082294,0.0006678068979721341,0.0008149762711534558,0.0009594534881279815,0.0010419409502955834,0.0010777922467810619,0.0011273169359890534,0.0011748960654495155,0.0012086742827935315,0.0012416520709405687,0.001276203701559675,0.0012983386403476183,0.00131356718636777,0.0013354539029707402,0.0013534737485507153,0.0013611498371299269,0.0013776225395790709,0.0013176899655190644,0.0012418785875616956,0.0011461126742352556,0.0010497461238689332,0.0009487112708764789,0.0008294052269439689,0.000709635108851081,0.0006080431462573421,0.0004489424231020611,0.00010248759402098351,0.000179312268977605,0.0005194336891902185,0.0006169490397300859,0.0005134516312685355,0.00022035401699382895,0.0003882109429760583,0.002052115225888468,0.0015332398629615274,0.0012787204262356966,0.0012320803198157537,0.0013519126047666502,0.0010325762315876452,0.0011633767971801767,0.0014103612995458453,0.001231086051424057,0.0007444786199031737,0.0002557149826131963,0.0004294903669603417,0.000638450170063587,0.0005442492393605697,0.0007751028574942698,0.001218944988854359,0.0011145315981367088,0.0004629653238573672,0.0008352285259872749,0.00045962659512482906,0.0005780267047002519,0.00048351203068464077,0.0006547395227005648,0.00031155524484005603,0.000107311488255879,0.000323118383783072,0.0007236255603574326,0.0009568686432616103,0.0009157593595570668,0.0009005797002548666,0.0009356700162964082,0.000991646916665645,0.0010305954376915727,0.001038114937423229,0.0010556133633480846,0.0010914516310729927,0.0011315229162757734,0.0011750203297696271,0.0011540406057379826,0.001116436026405765,0.0010796205309056561,0.0010432823007905934,0.0010032388255520885,0.0009574416543884356,0.000905248084887178,0.0008418275109278728,0.0007641709323161217,0.0006718060139940252,0.0005579695799105,0.00042401198897673575,0.0002963857075644616,0.00019298492811503642,9.024643974614444e-05,3.154534399368858e-05,0.00014244350270736783,0.00034089502171841257,0.0008290002612962311,0.00116163640416167,0.001063669093102404,0.0008847534400064361,0.00011381120035708348,0.002323110787575078,0.0021562701353712854,0.0020281060406801554,0.0016862924582943806,0.0026601179211910575,0.0028686052666866135,0.0032720349983742514
0.002196980682268715,0.0030864614784684163,0.00259302701278874,0.002330225883703435,0.0023273257757704113,0.0025505597943744074,0.002793455177633908,0.0011696367794438167,0.0004239745129903105,0.0002494977825555633,0.00022185125197793365,0.0003373528072257992,0.0008437864539344586,0.0005582237298732418,0.0002549191965555697,9.545571752017645e-05,5.374959249193623e-05,0.00019347090408694534,0.00030710602755096295,0.00041552907772385295,0.0005239334070104573,0.0006186904296482942,0.0007073274486622538,0.0008010267394200077,0.0008834614830128262,0.0009421803393740991,0.0009902315287572128,0.0010303779912422262,0.0010488102007747968,0.001051011673397273,0.001050664759578046,0.0010375600888647973,0.001005442301760917,0.0009765409618587295,0.0009585783828366945,0.0009276705673028629,0.0008775882834137771,0.0008254062582139787,0.0007655756601317454,0.0006839061180602402,0.0004626610490289784,0.00018721033984719915,4.518756023202952e-05,0.00032278145469327724,0.0005615387054370147,0.0006447838058275535,0.0005219972736861533,0.00029098289297346813,0.00035608481518242807,0.0016297208710333022,0.0011612230761895992,0.0009670989885356973,0.001002693555456402,0.0012274579988427459,0.0014098779726541555,0.0012775214322071488,0.0009018172286506879,0.0009839514603062864,0.0008712744545993929,0.0006516533120292153,0.00020110615169303958,0.0001763501636588144,0.0005878897422388202,0.0006451117409425194,0.000530308672415325,0.0008553217973732707,0.0012434379234508575,0.0010566041925325342,0.0003875602842331183,0.0006982346048152177,0.00043800153541473374,0.0005521935956749879,0.0007511863314760281,0.00031358308233003784,0.0006328951705019681,0.000343491888289027,0.00018082295270793747,0.00033783904236861506,0.0005605067073257697,0.000906542011401168,0.0008994833476978492,0.0009213839473882213,0.0009316932056796512,0.0009362679973133892,0.0009348304864403856,0.0009573061990154619,0.000989037160581463,0.0009555326152814181,0.0009125398466414691,0.0008729275787268675,0.000834663804278879,0.0007970046486773796,0.0007560214792794451,0.0007095506955693276,0.0006567791974338433,0.0005932445647384155,0.0005163455061094613,0.0004257343657743107,0.0003152587205729751,0.0001877649500519607,7.135329889706998e-05,1.4883222770434301e-05,4.792288147609236e-05,0.00038909347633325764,0.0007838695155089614,0.0010522930229679428,0.000998525460981503,0.0009077637219790935,0.0006843261577008652,0.0011231871089318335,0.001976179480438073,0.002093351265420179,0.0019474884956841576,0.0014980759222923135,0.0024819372174384458,0.0027540722005022222,0.002639414306372989,0.003579803692354361
0.0019012651847498674,0.0027124650424106417,0.002936734334432506,0.0024745965024581817,0.0022431807732281595,0.0022111839841176817,0.0023501577740313306,0.0034979582071963666,0.0019075144093785301,0.0006906398294822536,0.0004117572910614653,0.00034409957375730604,0.00033746046487231895,0.0003984360907101081,0.0007030327947274984,0.0006312332175638091,0.00023112610516989873,2.2543918961004383e-05,0.0002297281012977881,0.0003081920438846031,0.0003878470299830683,0.0004572746832299246,0.0005250521115373608,0.0006023808642511286,0.000672948369300097,0.0007244930423302431,0.0007701567993994018,0.0008128004794458743,0.0008387712487959442,0.0008536329233889695,0.0008712270474006134,0.0008816584927119342,0.0008785869663489043,0.0008832186450495327,0.0009013862600333877,0.0009066852854801577,0.0008177534454840152,0.0006557857643563758,0.00043369631875422865,6.33863213700403e-05,3.778517381414215e-05,0.00017802017980272922,0.00041153033137963924,0.0005250095705669477,0.0005337935627764412,0.0004389601084784367,0.00029933505905291313,0.0016493319334700274,0.0010263257314961638,0.0006293468841216121,0.00048169747812340513,0.0005706969586579957,0.0008630139470106463,0.0013250040576504724,0.0014235654763681271,0.0014635423895239807,0.0008604732335504017,0.0004123459026613742,0.0005354031957681329,0.0005481946337899547,0.0003408097088976568,3.426017391713193e-05,0.0004332213165379184,0.0007271134972510335,0.0006003583440763322,0.0005381743144037138,0.0009746647718911483,0.001337489324215152,0.0011322448484237246,0.0003329462497827784,0.000540009533108482,0.00048380757351057513,5.895261512978145e-05,1.5579746186544785e-05,0.0005653945568316332,0.00026405246370764246,0.0007388268322725544,0.00050074739031164,0.0002867433082015536,0.00017552520126301596,0.00030695007979342215,0.0005073134047522965,0.0007093609024930725,0.0009277345618926569,0.000856189342798408,0.000859847373294198,0.0008043390022647312,0.0007402507601007025,0.0006861556865371821,0.0006372104436863646,0.0005904480430255488,0.0005451766707822991,0.0004980423182510685,0.0004468643679482742,0.00039051057541922285,0.0003247592337523031,0.0002475171430536549,0.00015878112341294326,0.00014445068446450327,4.017221426516615e-05,0.00035037752333338945,0.0006469434970975962,0.000864769685061495,0.0009046942921184242,0.0008985486821666555,0.0008342106901201851,0.0007112809581191759,0.0004920294310573059,0.0019033906624783548,0.001803978930325384,0.0019535757912226837,0.0016999512099078185,0.0016476643831511706,0.0024542583618034075,0.0026926964046249946,0.0025239552854809943,0.0030706820642434213,0.0037251529955968643
0.0016827111587144616,0.0022305413266688195,0.0028597585082721505,0.0027876069089086963,0.002356951415485503,0.002098043729066218,0.0019861951845081827,0.0020006729231393516,0.002104231584319216,0.003061928366944633,0.0018269199667790559,0.0008040066436631188,0.0005958644982127503,0.00046790485679482074,0.0004523741096937317,0.00045622339856149496,0.000487457424596216,0.000518877780008864,0.0007311556232014182,0.0003062360336904546,8.204302427067267e-05,0.0003189892293628538,0.000471777070508661,0.0005950040784815092,0.0007014789861364834,0.0007790410148319493,0.0008408183008657422,0.0008895064548923859,0.00091147641999062,0.0009127665808882357,0.0009077574700582791,0.0008866961268454432,0.0008400265591901879,0.0007259923962610326,0.0005235167804342744,0.00010753196233803664,0.00015338482683247,3.5414219573315364e-05,0.00010384587300005244,0.00017459108560319292,0.00025833505471917206,0.0004220974124732324,0.00041428510537944163,0.0003708041788663685,0.00032671975592393765,0.0009572561982809924,0.0006348715137142469,0.00019579003257716443,7.447762807077929e-05,0.00015066213956654861,1.7195394854230273e-05,0.0003226369641466942,0.0008410693962498661,0.0011810820930625021,0.0014684867973545207,0.0011298090415162027,0.0006014642406631729,3.182744373044291e-05,0.00023926626631423469,0.0004545962069169539,0.0004614180525196812,0.00022482822746790893,0.00021150145983935692,0.000678739525250785,0.000913584383282276,0.0007469737739666804,0.0007342274599190374,0.0011125671457084263,0.001439100060022458,0.001408170334322223,0.0009248474438891818,0.00023604861152609624,0.00043394026992357726,0.0003358345790232531,7.129950615442082e-05,0.000975860408256618,0.0004896806633246653,0.0003739099952677627,0.00023114820893377352,0.0006899863896895897,0.0005503505437110534,0.0004569414299692709,0.0003686722431089917,0.00029284680361302273,0.00025853470258707656,0.00023480338191034233,0.0002221809586550605,0.0002355554103637969,0.0002401126919951979,0.00023062418373348548,0.00020364567787067855,0.00015852623480389072,9.237358124025707e-05,2.535225127220375e-06,0.0001130401264688996,0.00025839885971656873,0.00039083940369200043,0.0005125366419259092,0.000591844738607572,0.0006772069089832633,0.0007379296783548428,0.0007537170486965339,0.0007452068678772683,0.0007064217969572906,0.00017085584797998932,0.0011124649075883175,0.0013585258336530348,0.0017051187632122766,0.0018346965187243658,0.0016988449511919912,0.0011827035346798909,0.0020621317278584905,0.0025910157338651374,0.0026959843401040684,0.0024938968738131284,0.0028588673595204006,0.00329190507294215,0.0036306425543176923
0.0009607367517500132,0.0018121250950587225,0.0021808079240181605,0.00268514179875122,0.002617984916418181,0.002157956560572244,0.0018204832328398146,0.0015888836115355298,0.0014311627804484972,0.001315601448520498,0.0012207355764417838,0.0012672763776981344,0.002377783488618168,0.0014131988555790842,0.0007895538510243882,0.0006385608171691481,0.0004637419162530354,0.00031306686477944323,0.0002978005164061548,0.00029635799859456524,0.00029296603522072084,0.0003109499179598796,0.0003434849746358215,0.0003512081215603091,0.00034744158955613,0.00034294532672912714,0.00032640322781263276,0.0002955592827785236,0.00026296045937246326,0.00022356285431468503,0.00016399180197385066,9.221240738166436e-05,1.5064374427387062e-05,6.565451307349868e-05,0.00012601942986040227,0.0001628655291961989,0.00022826563579020354,0.0002490267372596833,0.00017787090358012403,0.0002590147965860212,0.0003312044399811642,0.0003798848487195361,0.00016352766254829065,0.00015001532765129832,0.0004831482397839315,0.0007713343657778648,0.0009726468048542047,0.0010549754753105822,0.0010011933387352456,0.0007902953233437926,0.0003990497980082275,0.0001679907145925863,0.0005830194794128052,0.000947075892105631,0.0008570115324881417,0.0006050727285684676,0.00034334093158081,7.875586837255075e-05,1.8648218955219856e-06,0.0003987868464280838,0.000599465648171444,0.0005679943089651265,0.0004830131345363656,0.00060166874028654,0.0010177234876244529,0.0012837537165052565,0.0011880199987125556,0.0011271199009743882,0.0012699288041538581,0.001669800167398816,0.001809525722586497,0.0016934770152247647,0.0012743670075862634,0.0005829146947428088,0.0004607480237479866,0.0005066227166175274,0.0004182697011904102,0.000141531982962656,0.0002864121365281913,0.0009855551615759461,0.00020335574157781533,0.00045919830705093423,0.00014165888826750406,0.0002596552620171555,0.0005859357095311379,0.0004400251842595626,0.0003152700354050464,0.00020626254790440113,0.00011353232784550027,3.1163365180775227e-05,4.392514480910936e-05,0.00011083781727189157,0.00017193414456267986,0.000230060971816326,0.0002877136133845326,0.0003487323185641378,0.00041372706129827463,0.00048150584809319996,0.0003944341353404601,0.00021248598041617717,0.0003353061500623311,0.0004092074561515835,0.0008235044494176169,0.0014279819862920429,0.0016949885385567909,0.0017987077822181896,0.001744619276433601,0.0015217998061461124,0.0015260909504892228,0.0022075838076529852,0.0026741700938333612,0.0028342694903717713,0.0027705299701529795,0.002491488076465209,0.00289078771576462,0.0032029953188164456,0.0033842535797120182,0.0032959661300495935
0.00014706663108293022,0.000930041419159755,0.0015303385009955983,0.0017680991441486466,0.002139045239531845,0.002309026731494357,0.001766068223559486,0.0013076940722645536,0.0009062963658921785,0.0005353676514832095,0.00017845499684060462,0.00018830149840176613,0.0005981032498778571,0.0010778959325148108,0.001647128512952789,0.0020947641928075744,0.0007504560627005774,0.0006613801677978759,0.0003013378438752323,0.00021414721724286045,0.00013630624695271099,7.153704888626655e-05,1.0468020944731649e-05,5.830100645928815e-05,0.00012152080828678469,0.00016820723332411358,0.00020959850610371977,0.0002479278816906183,0.00027080448976329885,0.00028389053265809316,0.0003010961057755557,0.00031416956065102863,0.0003152577513707566,0.0003170080621259508,0.0003140591378342772,0.0003779350220376454,0.0003847031305096449,0.0005031237846709613,0.002578649912352182,0.003190622180000935,0.0030277196476100054,0.002921192416476287,0.002849958559044935,0.002789582952711367,0.0027234796331096767,0.0026273890359002905,0.00246818999561757,0.0022200459836119457,0.0018646368677258385,0.001380745239758896,0.0008471953711160635,0.0003869332339963144,0.00010622437625938674,3.9078175597562215e-05,1.9890751438295107e-05,4.262778589386035e-05,9.072114839348694e-05,0.00011961439903356366,6.86572237446276e-05,0.00040658942634851265,0.0007905689421773103,0.0009651844406819293,0.0010047132498733277,0.0010215244089960065,0.001146121416990581,0.0016042491811200654,0.001964045868008496,0.0019820461582847476,0.0017912973839056823,0.001626530130607401,0.0020318456637552773,0.0023592648322451892,0.0025298769898687568,0.002578541568690834,0.0024728344441259376,0.0021979500536579433,0.0018163599069651037,0.001249580478355411,0.0010846879785059438,0.0011678864140680367,0.0011199936956230727,0.0010558512176520318,0.0009694635833141785,0.0008649285869247458,0.0007698890329564112,0.0006677073883623041,0.0005805370092553941,0.0005131965434167496,0.0004166042681575943,0.00034951520368428635,0.000348396643083837,0.00041361397536415767,0.0005460494477698974,0.0007489244996136957,0.0009874872379405375,0.001215530502576112,0.001482547456402139,0.001787615858391406,0.001972667759916835,0.002032546578542932,0.0020391143357495756,0.0020081876926892894,0.0019573218403137194,0.0017944372240557838,0.001728388070494885,0.002310055960470292,0.0027450849824610934,0.0030970478866005624,0.003264040492297393,0.0032904377325017886,0.003187137223599562,0.0029478680881756536,0.0028641460704856014,0.003244714269563312,0.003450886083685281,0.0034298531042431107,0.0031846381208642666,0.0036570764183451177
